module,verdict,owner,method,file,line,main_refs,test_refs,spec_named,schema_field,covered,entry
api-gateway,GAP,FallbackController,createFallbackResponse,backend/api-gateway/src/main/java/com/pml/gateway/controller/FallbackController.java,158,1,0,False,False,no,
api-gateway,GAP,BruteForceProtectionFilter,checkAndIncrementAttempts,backend/api-gateway/src/main/java/com/pml/gateway/filter/BruteForceProtectionFilter.java,123,1,0,False,False,no,
api-gateway,GAP,BruteForceProtectionFilter,triggerLockout,backend/api-gateway/src/main/java/com/pml/gateway/filter/BruteForceProtectionFilter.java,152,1,0,False,False,no,
api-gateway,GAP,BruteForceProtectionFilter,calculateLockoutDuration,backend/api-gateway/src/main/java/com/pml/gateway/filter/BruteForceProtectionFilter.java,166,1,0,False,False,no,
api-gateway,GAP,BruteForceProtectionFilter,rejectLocked,backend/api-gateway/src/main/java/com/pml/gateway/filter/BruteForceProtectionFilter.java,179,2,0,False,False,no,
api-gateway,GAP,BruteForceProtectionFilter,isAuthenticationEndpoint,backend/api-gateway/src/main/java/com/pml/gateway/filter/BruteForceProtectionFilter.java,187,1,0,False,False,no,
api-gateway,GAP,BruteForceProtectionFilter,normalizeAuthPath,backend/api-gateway/src/main/java/com/pml/gateway/filter/BruteForceProtectionFilter.java,191,1,0,False,False,no,
api-gateway,GAP,BruteForceProtectionFilter,getClientIp,backend/api-gateway/src/main/java/com/pml/gateway/filter/BruteForceProtectionFilter.java,201,1,0,False,False,no,
api-gateway,GAP,BruteForceProtectionFilter,maskIp,backend/api-gateway/src/main/java/com/pml/gateway/filter/BruteForceProtectionFilter.java,217,2,0,False,False,no,
api-gateway,GAP,RequestLoggingFilter,logResponse,backend/api-gateway/src/main/java/com/pml/gateway/filter/RequestLoggingFilter.java,100,1,0,False,False,no,
api-gateway,GAP,RequestSizeLimitFilter,determineMaxSize,backend/api-gateway/src/main/java/com/pml/gateway/filter/RequestSizeLimitFilter.java,117,1,0,False,False,no,
api-gateway,GAP,RequestSizeLimitFilter,rejectRequest,backend/api-gateway/src/main/java/com/pml/gateway/filter/RequestSizeLimitFilter.java,141,3,0,False,False,no,
api-gateway,GAP,SessionBlacklistFilter,checkBlacklistAndFilter,backend/api-gateway/src/main/java/com/pml/gateway/filter/SessionBlacklistFilter.java,102,1,0,False,False,no,
api-gateway,GAP,SessionBlacklistFilter,maskValue,backend/api-gateway/src/main/java/com/pml/gateway/filter/SessionBlacklistFilter.java,152,5,0,False,False,no,
api-gateway,GAP,SessionBlacklistService,isUserBlacklisted,backend/api-gateway/src/main/java/com/pml/gateway/service/SessionBlacklistService.java,110,1,0,False,False,no,
api-gateway,GAP,SessionBlacklistService,isBlacklistedComprehensive,backend/api-gateway/src/main/java/com/pml/gateway/service/SessionBlacklistService.java,141,1,0,False,False,no,
api-gateway,GAP,SessionBlacklistService,maskValue,backend/api-gateway/src/main/java/com/pml/gateway/service/SessionBlacklistService.java,166,5,0,False,False,no,
api-gateway,GAP,SessionBlacklistService,isTokenBlacklisted,backend/api-gateway/src/main/java/com/pml/gateway/service/SessionBlacklistService.java,62,1,0,False,False,no,
api-gateway,GAP,SessionBlacklistService,isSessionBlacklisted,backend/api-gateway/src/main/java/com/pml/gateway/service/SessionBlacklistService.java,86,1,0,False,False,no,
api-gateway,KEEP_ENTRY,ApiGatewayApplication,main,backend/api-gateway/src/main/java/com/pml/gateway/ApiGatewayApplication.java,19,0,0,False,False,no,framework-name
api-gateway,KEEP_ENTRY,CircuitBreakerMonitoringConfig,circuitBreakerMonitoringCustomizer,backend/api-gateway/src/main/java/com/pml/gateway/config/CircuitBreakerMonitoringConfig.java,98,0,0,False,False,no,entry:Bean
api-gateway,KEEP_ENTRY,GatewaySecurityConfig,corsConfigurationSource,backend/api-gateway/src/main/java/com/pml/gateway/config/GatewaySecurityConfig.java,166,1,0,False,False,no,entry:Bean
api-gateway,KEEP_ENTRY,GatewaySecurityConfig,springSecurityFilterChain,backend/api-gateway/src/main/java/com/pml/gateway/config/GatewaySecurityConfig.java,95,0,0,False,False,no,entry:Bean
api-gateway,KEEP_ENTRY,RateLimiterConfig,ipKeyResolver,backend/api-gateway/src/main/java/com/pml/gateway/config/RateLimiterConfig.java,58,0,0,False,False,no,entry:Bean
api-gateway,KEEP_ENTRY,RedisConfig,reactiveRedisTemplate,backend/api-gateway/src/main/java/com/pml/gateway/config/RedisConfig.java,59,0,0,False,False,no,entry:Bean
api-gateway,KEEP_ENTRY,FallbackController,graphqlFallback,backend/api-gateway/src/main/java/com/pml/gateway/controller/FallbackController.java,106,1,0,False,False,no,entry:PostMapping
api-gateway,KEEP_ENTRY,FallbackController,graphqlFallbackGet,backend/api-gateway/src/main/java/com/pml/gateway/controller/FallbackController.java,132,0,0,False,False,no,entry:GetMapping
api-gateway,KEEP_ENTRY,FallbackController,keycloakFallback,backend/api-gateway/src/main/java/com/pml/gateway/controller/FallbackController.java,146,0,0,False,False,no,entry:GetMapping
api-gateway,KEEP_ENTRY,HealthController,health,backend/api-gateway/src/main/java/com/pml/gateway/controller/HealthController.java,41,0,0,False,False,no,entry:GetMapping
api-gateway,KEEP_ENTRY,HealthController,info,backend/api-gateway/src/main/java/com/pml/gateway/controller/HealthController.java,50,54,0,False,False,no,entry:GetMapping
api-gateway,KEEP_ENTRY,BruteForceProtectionFilter,getOrder,backend/api-gateway/src/main/java/com/pml/gateway/filter/BruteForceProtectionFilter.java,228,0,1,False,False,no,framework-override
api-gateway,KEEP_ENTRY,BruteForceProtectionFilter,filter,backend/api-gateway/src/main/java/com/pml/gateway/filter/BruteForceProtectionFilter.java,88,57,86,False,False,no,framework-override
api-gateway,KEEP_ENTRY,OAuth2TokenRelayFilter,getOrder,backend/api-gateway/src/main/java/com/pml/gateway/filter/OAuth2TokenRelayFilter.java,119,0,1,False,False,no,framework-override
api-gateway,KEEP_ENTRY,OAuth2TokenRelayFilter,filter,backend/api-gateway/src/main/java/com/pml/gateway/filter/OAuth2TokenRelayFilter.java,67,57,86,False,False,no,framework-override
api-gateway,KEEP_ENTRY,RequestLoggingFilter,getOrder,backend/api-gateway/src/main/java/com/pml/gateway/filter/RequestLoggingFilter.java,119,0,1,False,False,no,framework-override
api-gateway,KEEP_ENTRY,RequestLoggingFilter,filter,backend/api-gateway/src/main/java/com/pml/gateway/filter/RequestLoggingFilter.java,57,57,86,False,False,no,framework-override
api-gateway,KEEP_ENTRY,RequestSizeLimitFilter,getOrder,backend/api-gateway/src/main/java/com/pml/gateway/filter/RequestSizeLimitFilter.java,148,0,1,False,False,no,framework-override
api-gateway,KEEP_ENTRY,RequestSizeLimitFilter,filter,backend/api-gateway/src/main/java/com/pml/gateway/filter/RequestSizeLimitFilter.java,68,57,86,False,False,no,framework-override
api-gateway,KEEP_ENTRY,SecurityHeadersFilter,getOrder,backend/api-gateway/src/main/java/com/pml/gateway/filter/SecurityHeadersFilter.java,127,0,1,False,False,no,framework-override
api-gateway,KEEP_ENTRY,SecurityHeadersFilter,filter,backend/api-gateway/src/main/java/com/pml/gateway/filter/SecurityHeadersFilter.java,40,57,86,False,False,no,framework-override
api-gateway,KEEP_ENTRY,SessionBlacklistFilter,getOrder,backend/api-gateway/src/main/java/com/pml/gateway/filter/SessionBlacklistFilter.java,148,0,1,False,False,no,framework-override
api-gateway,KEEP_ENTRY,SessionBlacklistFilter,filter,backend/api-gateway/src/main/java/com/pml/gateway/filter/SessionBlacklistFilter.java,77,57,86,False,False,no,framework-override
booking-service,GAP,AzureServiceBusConfig,route,backend/booking-service/src/main/java/com/pml/booking/config/AzureServiceBusConfig.java,79,1,1,False,False,no,
booking-service,GAP,AzureServiceBusConfig,checkpoint,backend/booking-service/src/main/java/com/pml/booking/config/AzureServiceBusConfig.java,83,1,0,False,False,no,
booking-service,GAP,Webhook,isIpAllowed,backend/booking-service/src/main/java/com/pml/booking/config/PawaPayProperties.java,141,3,0,False,False,no,
booking-service,GAP,Webhook,isIpInCidr,backend/booking-service/src/main/java/com/pml/booking/config/PawaPayProperties.java,170,1,0,False,False,no,
booking-service,GAP,MobileMoneyProvider,detectProvider,backend/booking-service/src/main/java/com/pml/booking/config/PawaPayProperties.java,256,3,0,False,False,no,
booking-service,GAP,MobileMoneyProvider,normalizePhoneNumber,backend/booking-service/src/main/java/com/pml/booking/config/PawaPayProperties.java,287,3,0,False,False,no,
booking-service,GAP,Reason,describeFirstFailure,backend/booking-service/src/main/java/com/pml/booking/domain/PayoutEligibility.java,160,1,0,False,False,no,
booking-service,GAP,Reason,evaluate,backend/booking-service/src/main/java/com/pml/booking/domain/PayoutEligibility.java,87,5,0,False,False,no,
booking-service,GAP,IllegalTransitionException,require,backend/booking-service/src/main/java/com/pml/booking/domain/ReservationStateMachine.java,103,21,15,False,False,no,
booking-service,GAP,IllegalTransitionException,isTerminal,backend/booking-service/src/main/java/com/pml/booking/domain/ReservationStateMachine.java,108,2,0,False,False,no,
booking-service,GAP,IllegalTransitionException,next,backend/booking-service/src/main/java/com/pml/booking/domain/ReservationStateMachine.java,95,22,6,False,False,no,
booking-service,GAP,IllegalTransitionException,next,backend/booking-service/src/main/java/com/pml/booking/domain/TicketStateMachine.java,124,22,6,False,False,no,
booking-service,GAP,IllegalTransitionException,require,backend/booking-service/src/main/java/com/pml/booking/domain/TicketStateMachine.java,134,21,15,False,False,no,
booking-service,GAP,IllegalTransitionException,restore,backend/booking-service/src/main/java/com/pml/booking/domain/TicketStateMachine.java,146,1,0,False,False,no,
booking-service,GAP,IllegalTransitionException,isTerminal,backend/booking-service/src/main/java/com/pml/booking/domain/TicketStateMachine.java,153,2,0,False,False,no,
booking-service,GAP,AlertPriority,shouldSendToSlack,backend/booking-service/src/main/java/com/pml/booking/domain/enums/AlertPriority.java,66,2,0,False,False,no,
booking-service,GAP,AlertPriority,shouldSendSms,backend/booking-service/src/main/java/com/pml/booking/domain/enums/AlertPriority.java,70,1,0,False,False,no,
booking-service,GAP,JournalEntryStatus,affectsBalances,backend/booking-service/src/main/java/com/pml/booking/domain/enums/JournalEntryStatus.java,138,1,0,False,False,no,
booking-service,GAP,PaymentAttemptStatus,canRetry,backend/booking-service/src/main/java/com/pml/booking/domain/enums/PaymentAttemptStatus.java,178,3,3,False,False,no,
booking-service,GAP,PaymentAttemptStatus,needsPolling,backend/booking-service/src/main/java/com/pml/booking/domain/enums/PaymentAttemptStatus.java,185,1,0,False,False,no,
booking-service,GAP,ReconciliationStatus,needsReview,backend/booking-service/src/main/java/com/pml/booking/domain/enums/ReconciliationStatus.java,146,1,0,False,False,no,
booking-service,GAP,ChargebackRecord,submitDispute,backend/booking-service/src/main/java/com/pml/booking/domain/model/ChargebackRecord.java,435,1,0,False,False,no,
booking-service,GAP,ChargebackRecord,recordWin,backend/booking-service/src/main/java/com/pml/booking/domain/model/ChargebackRecord.java,456,3,1,False,False,no,
booking-service,GAP,ChargebackRecord,recordLoss,backend/booking-service/src/main/java/com/pml/booking/domain/model/ChargebackRecord.java,474,3,1,False,False,no,
booking-service,GAP,ChargebackRecord,startRecovery,backend/booking-service/src/main/java/com/pml/booking/domain/model/ChargebackRecord.java,488,5,0,False,False,no,
booking-service,GAP,ChargebackRecord,recordRecovery,backend/booking-service/src/main/java/com/pml/booking/domain/model/ChargebackRecord.java,509,4,0,False,False,no,
booking-service,GAP,ChargebackRecord,writeOff,backend/booking-service/src/main/java/com/pml/booking/domain/model/ChargebackRecord.java,530,2,0,False,False,no,
booking-service,GAP,ChargebackRecord,appendNote,backend/booking-service/src/main/java/com/pml/booking/domain/model/ChargebackRecord.java,580,1,0,False,False,no,
booking-service,GAP,ChartOfAccountsEntry,deactivate,backend/booking-service/src/main/java/com/pml/booking/domain/model/ChartOfAccountsEntry.java,298,1,0,False,False,no,
booking-service,GAP,CommissionStatus,createPending,backend/booking-service/src/main/java/com/pml/booking/domain/model/CommissionRecord.java,152,1,1,False,False,no,
booking-service,GAP,CommissionStatus,markEarned,backend/booking-service/src/main/java/com/pml/booking/domain/model/CommissionRecord.java,178,1,0,False,False,no,
booking-service,GAP,CommissionStatus,reinstate,backend/booking-service/src/main/java/com/pml/booking/domain/model/CommissionRecord.java,211,1,0,False,False,no,
booking-service,GAP,CommissionStatus,clawback,backend/booking-service/src/main/java/com/pml/booking/domain/model/CommissionRecord.java,228,1,0,False,False,no,
booking-service,GAP,EventEscrowAccount,credit,backend/booking-service/src/main/java/com/pml/booking/domain/model/EventEscrowAccount.java,251,22,0,False,True,no,
booking-service,GAP,EventEscrowAccount,hold,backend/booking-service/src/main/java/com/pml/booking/domain/model/EventEscrowAccount.java,400,2,1,True,False,no,
booking-service,GAP,JournalEntry,post,backend/booking-service/src/main/java/com/pml/booking/domain/model/JournalEntry.java,436,13,11,False,False,no,
booking-service,GAP,JournalEntry,markReversed,backend/booking-service/src/main/java/com/pml/booking/domain/model/JournalEntry.java,465,1,0,False,False,no,
booking-service,GAP,JournalEntry,affectsBalances,backend/booking-service/src/main/java/com/pml/booking/domain/model/JournalEntry.java,496,1,0,False,False,no,
booking-service,GAP,JournalEntry,createReversal,backend/booking-service/src/main/java/com/pml/booking/domain/model/JournalEntry.java,543,1,0,False,False,no,
booking-service,GAP,JournalLine,debit,backend/booking-service/src/main/java/com/pml/booking/domain/model/JournalLine.java,300,27,0,False,True,no,
booking-service,GAP,JournalLine,debit,backend/booking-service/src/main/java/com/pml/booking/domain/model/JournalLine.java,321,27,0,False,True,no,
booking-service,GAP,JournalLine,credit,backend/booking-service/src/main/java/com/pml/booking/domain/model/JournalLine.java,342,22,0,False,True,no,
booking-service,GAP,JournalLine,credit,backend/booking-service/src/main/java/com/pml/booking/domain/model/JournalLine.java,363,22,0,False,True,no,
booking-service,GAP,JournalLine,reversed,backend/booking-service/src/main/java/com/pml/booking/domain/model/JournalLine.java,383,3,4,False,False,no,
booking-service,GAP,PaymentAttempt,recordPoll,backend/booking-service/src/main/java/com/pml/booking/domain/model/PaymentAttempt.java,542,1,0,False,False,no,
booking-service,GAP,PaymentAttempt,addNote,backend/booking-service/src/main/java/com/pml/booking/domain/model/PaymentAttempt.java,563,3,0,False,False,no,
booking-service,GAP,PaymentAttempt,canRetry,backend/booking-service/src/main/java/com/pml/booking/domain/model/PaymentAttempt.java,607,3,3,False,False,no,
booking-service,GAP,PaymentAttempt,needsPolling,backend/booking-service/src/main/java/com/pml/booking/domain/model/PaymentAttempt.java,614,1,0,False,False,no,
booking-service,GAP,PaymentStatus,isExpired,backend/booking-service/src/main/java/com/pml/booking/domain/model/PaymentIntent.java,194,6,0,False,False,no,
booking-service,GAP,PaymentStatus,canRetry,backend/booking-service/src/main/java/com/pml/booking/domain/model/PaymentIntent.java,198,3,3,False,False,no,
booking-service,GAP,PaymentStatus,recordPoll,backend/booking-service/src/main/java/com/pml/booking/domain/model/PaymentIntent.java,202,1,0,False,False,no,
booking-service,GAP,PaymentStatus,generateTransactionRef,backend/booking-service/src/main/java/com/pml/booking/domain/model/PaymentIntent.java,210,1,0,False,False,no,
booking-service,GAP,PayoutRequestHistory,markForReview,backend/booking-service/src/main/java/com/pml/booking/domain/model/PayoutRequest.java,277,3,0,False,False,no,
booking-service,GAP,PayoutRequestHistory,markAsStuck,backend/booking-service/src/main/java/com/pml/booking/domain/model/PayoutRequest.java,300,1,0,False,False,no,
booking-service,GAP,PayoutRequestHistory,resume,backend/booking-service/src/main/java/com/pml/booking/domain/model/PayoutRequest.java,313,1,3,False,False,no,
booking-service,GAP,PayoutRequestHistory,resolveIssue,backend/booking-service/src/main/java/com/pml/booking/domain/model/PayoutRequest.java,324,2,0,False,False,no,
booking-service,GAP,PayoutRequestHistory,escalate,backend/booking-service/src/main/java/com/pml/booking/domain/model/PayoutRequest.java,339,4,3,False,False,no,
booking-service,GAP,PayoutRequestHistory,needsReview,backend/booking-service/src/main/java/com/pml/booking/domain/model/PayoutRequest.java,349,1,0,False,False,no,
booking-service,GAP,PayoutRequestHistory,canRetry,backend/booking-service/src/main/java/com/pml/booking/domain/model/PayoutRequest.java,358,3,3,False,False,no,
booking-service,GAP,PlatformAccount,credit,backend/booking-service/src/main/java/com/pml/booking/domain/model/PlatformAccount.java,217,22,0,False,True,no,
booking-service,GAP,PlatformAccount,debit,backend/booking-service/src/main/java/com/pml/booking/domain/model/PlatformAccount.java,240,27,0,False,True,no,
booking-service,GAP,PlatformAccount,hasSufficientBalance,backend/booking-service/src/main/java/com/pml/booking/domain/model/PlatformAccount.java,261,5,0,False,False,no,
booking-service,GAP,PlatformAccount,deactivate,backend/booking-service/src/main/java/com/pml/booking/domain/model/PlatformAccount.java,308,1,0,False,False,no,
booking-service,GAP,PlatformAccount,validateActive,backend/booking-service/src/main/java/com/pml/booking/domain/model/PlatformAccount.java,316,2,0,False,False,no,
booking-service,GAP,PlatformAccount,validatePositiveAmount,backend/booking-service/src/main/java/com/pml/booking/domain/model/PlatformAccount.java,324,2,0,False,False,no,
booking-service,GAP,PlatformAccount,createOperating,backend/booking-service/src/main/java/com/pml/booking/domain/model/PlatformAccount.java,381,1,0,False,False,no,
booking-service,GAP,PlatformAccount,createReserve,backend/booking-service/src/main/java/com/pml/booking/domain/model/PlatformAccount.java,397,1,0,False,False,no,
booking-service,GAP,PlatformAccount,createTaxHolding,backend/booking-service/src/main/java/com/pml/booking/domain/model/PlatformAccount.java,414,1,0,False,False,no,
booking-service,GAP,PromoCode,isCurrentlyValid,backend/booking-service/src/main/java/com/pml/booking/domain/model/PromoCode.java,123,1,0,False,False,no,
booking-service,GAP,PromoCode,isValidForTier,backend/booking-service/src/main/java/com/pml/booking/domain/model/PromoCode.java,140,1,0,False,False,no,
booking-service,GAP,PromoCode,meetsMinimumPurchase,backend/booking-service/src/main/java/com/pml/booking/domain/model/PromoCode.java,147,1,0,False,False,no,
booking-service,GAP,PromoCode,calculateDiscount,backend/booking-service/src/main/java/com/pml/booking/domain/model/PromoCode.java,160,1,0,False,False,no,
booking-service,GAP,ReconciliationItem,needsReview,backend/booking-service/src/main/java/com/pml/booking/domain/model/ReconciliationItem.java,231,1,0,False,False,no,
booking-service,GAP,ReconciliationItem,matched,backend/booking-service/src/main/java/com/pml/booking/domain/model/ReconciliationItem.java,285,2,0,False,False,no,
booking-service,GAP,ReconciliationItem,amountMismatch,backend/booking-service/src/main/java/com/pml/booking/domain/model/ReconciliationItem.java,304,2,0,False,False,no,
booking-service,GAP,ReconciliationItem,unmatchedExternal,backend/booking-service/src/main/java/com/pml/booking/domain/model/ReconciliationItem.java,326,2,0,False,False,no,
booking-service,GAP,ReconciliationItem,unmatchedInternal,backend/booking-service/src/main/java/com/pml/booking/domain/model/ReconciliationItem.java,341,2,0,False,False,no,
booking-service,GAP,ReconciliationRun,updateCounts,backend/booking-service/src/main/java/com/pml/booking/domain/model/ReconciliationRun.java,270,3,0,False,False,no,
booking-service,GAP,ReconciliationRun,calculateVariance,backend/booking-service/src/main/java/com/pml/booking/domain/model/ReconciliationRun.java,294,2,0,False,False,no,
booking-service,GAP,ReconciliationRun,complete,backend/booking-service/src/main/java/com/pml/booking/domain/model/ReconciliationRun.java,303,7,1,False,False,no,
booking-service,GAP,ReconciliationRun,complete,backend/booking-service/src/main/java/com/pml/booking/domain/model/ReconciliationRun.java,321,7,1,False,False,no,
booking-service,GAP,ReconciliationRun,requiresReview,backend/booking-service/src/main/java/com/pml/booking/domain/model/ReconciliationRun.java,329,4,0,False,False,no,
booking-service,GAP,ReconciliationRun,fail,backend/booking-service/src/main/java/com/pml/booking/domain/model/ReconciliationRun.java,340,3,1,False,False,no,
booking-service,GAP,ReconciliationRun,resolveItem,backend/booking-service/src/main/java/com/pml/booking/domain/model/ReconciliationRun.java,354,2,0,False,False,no,
booking-service,GAP,ReconciliationRun,needsReview,backend/booking-service/src/main/java/com/pml/booking/domain/model/ReconciliationRun.java,399,1,0,False,False,no,
booking-service,GAP,ReconciliationRun,generateRunNumber,backend/booking-service/src/main/java/com/pml/booking/domain/model/ReconciliationRun.java,495,1,0,False,False,no,
booking-service,GAP,TransactionType,debitForRefund,backend/booking-service/src/main/java/com/pml/booking/domain/model/StandaloneEscrowTransaction.java,385,2,0,False,False,no,
booking-service,GAP,TransactionType,debitForPayout,backend/booking-service/src/main/java/com/pml/booking/domain/model/StandaloneEscrowTransaction.java,414,2,0,False,False,no,
booking-service,GAP,TransactionType,credit,backend/booking-service/src/main/java/com/pml/booking/domain/model/StandaloneEscrowTransaction.java,447,22,0,False,True,no,
booking-service,GAP,TransactionType,debit,backend/booking-service/src/main/java/com/pml/booking/domain/model/StandaloneEscrowTransaction.java,478,27,0,False,True,no,
booking-service,GAP,Ticket,isValid,backend/booking-service/src/main/java/com/pml/booking/domain/model/Ticket.java,198,3,0,False,False,no,
booking-service,GAP,Ticket,isExpired,backend/booking-service/src/main/java/com/pml/booking/domain/model/Ticket.java,204,6,0,False,False,no,
booking-service,GAP,TicketReservation,isActive,backend/booking-service/src/main/java/com/pml/booking/domain/model/TicketReservation.java,155,10,1,False,True,no,
booking-service,GAP,CatalogServiceClient,releaseInventory,backend/booking-service/src/main/java/com/pml/booking/infrastructure/client/CatalogServiceClient.java,169,5,0,False,False,no,
booking-service,GAP,CatalogServiceClient,commitInventoryToSold,backend/booking-service/src/main/java/com/pml/booking/infrastructure/client/CatalogServiceClient.java,212,2,1,False,False,no,
booking-service,GAP,CatalogServiceClient,restoreInventory,backend/booking-service/src/main/java/com/pml/booking/infrastructure/client/CatalogServiceClient.java,255,2,0,False,False,no,
booking-service,GAP,CatalogServiceClient,getEventById,backend/booking-service/src/main/java/com/pml/booking/infrastructure/client/CatalogServiceClient.java,58,4,8,False,False,no,
booking-service,GAP,IdentityServiceClient,checkAuthorization,backend/booking-service/src/main/java/com/pml/booking/infrastructure/client/IdentityServiceClient.java,112,5,15,False,False,no,
booking-service,GAP,OrganizationMembershipInfo,financeLeadContacts,backend/booking-service/src/main/java/com/pml/booking/infrastructure/client/IdentityServiceClient.java,160,1,2,False,False,no,
booking-service,GAP,OrganizationMembershipInfo,notifyFinanceLeads,backend/booking-service/src/main/java/com/pml/booking/infrastructure/client/IdentityServiceClient.java,168,1,3,False,False,no,
booking-service,GAP,IdentityServiceClient,checkSameOrganization,backend/booking-service/src/main/java/com/pml/booking/infrastructure/client/IdentityServiceClient.java,48,4,2,False,False,no,
booking-service,GAP,IdentityServiceClient,getUserOrganizations,backend/booking-service/src/main/java/com/pml/booking/infrastructure/client/IdentityServiceClient.java,74,1,0,False,False,no,
booking-service,GAP,PawaPayClient,getDepositStatus,backend/booking-service/src/main/java/com/pml/booking/infrastructure/client/PawaPayClient.java,188,3,0,False,False,no,
booking-service,GAP,PawaPayClient,initiateRefund,backend/booking-service/src/main/java/com/pml/booking/infrastructure/client/PawaPayClient.java,226,3,7,False,False,no,
booking-service,GAP,PawaPayClient,getRefundStatus,backend/booking-service/src/main/java/com/pml/booking/infrastructure/client/PawaPayClient.java,294,2,0,False,False,no,
booking-service,GAP,PawaPayClient,initiatePayout,backend/booking-service/src/main/java/com/pml/booking/infrastructure/client/PawaPayClient.java,334,4,4,False,False,no,
booking-service,GAP,PawaPayClient,getPayoutStatus,backend/booking-service/src/main/java/com/pml/booking/infrastructure/client/PawaPayClient.java,405,2,0,False,False,no,
booking-service,GAP,PawaPayClient,normalizePhoneNumber,backend/booking-service/src/main/java/com/pml/booking/infrastructure/client/PawaPayClient.java,435,3,0,False,False,no,
booking-service,GAP,PawaPayClient,truncateMessage,backend/booking-service/src/main/java/com/pml/booking/infrastructure/client/PawaPayClient.java,445,1,0,False,False,no,
booking-service,GAP,PawaPayClient,initiateDeposit,backend/booking-service/src/main/java/com/pml/booking/infrastructure/client/PawaPayClient.java,97,2,0,False,False,no,
booking-service,GAP,InventoryOperationResult,failure,backend/booking-service/src/main/java/com/pml/booking/infrastructure/client/dto/InventoryOperationResult.java,12,8,0,False,False,no,
booking-service,GAP,InventoryReservationResult,failure,backend/booking-service/src/main/java/com/pml/booking/infrastructure/client/dto/InventoryReservationResult.java,11,8,0,False,False,no,
booking-service,GAP,GatewayProperties,getPrimaryProvider,backend/booking-service/src/main/java/com/pml/booking/infrastructure/gateway/GatewayProperties.java,54,1,0,False,False,no,
booking-service,GAP,MobileMoneyGateway,supportsNetwork,backend/booking-service/src/main/java/com/pml/booking/infrastructure/gateway/MobileMoneyGateway.java,118,2,0,False,False,no,
booking-service,GAP,MobileMoneyGateway,initiatePayment,backend/booking-service/src/main/java/com/pml/booking/infrastructure/gateway/MobileMoneyGateway.java,36,2,7,False,False,no,
booking-service,GAP,MobileMoneyGateway,checkPaymentStatus,backend/booking-service/src/main/java/com/pml/booking/infrastructure/gateway/MobileMoneyGateway.java,46,1,9,False,False,no,
booking-service,GAP,MobileMoneyGateway,cancelPayment,backend/booking-service/src/main/java/com/pml/booking/infrastructure/gateway/MobileMoneyGateway.java,56,1,0,False,False,no,
booking-service,GAP,MobileMoneyGateway,initiatePayout,backend/booking-service/src/main/java/com/pml/booking/infrastructure/gateway/MobileMoneyGateway.java,71,4,4,False,False,no,
booking-service,GAP,MobileMoneyGateway,checkPayoutStatus,backend/booking-service/src/main/java/com/pml/booking/infrastructure/gateway/MobileMoneyGateway.java,79,2,0,False,False,no,
booking-service,GAP,MobileMoneyGateway,initiateRefund,backend/booking-service/src/main/java/com/pml/booking/infrastructure/gateway/MobileMoneyGateway.java,91,3,7,False,False,no,
booking-service,GAP,MobileMoneyGateway,checkRefundStatus,backend/booking-service/src/main/java/com/pml/booking/infrastructure/gateway/MobileMoneyGateway.java,99,1,0,False,False,no,
booking-service,GAP,MobileMoneyGatewayFactory,getGatewayByProvider,backend/booking-service/src/main/java/com/pml/booking/infrastructure/gateway/MobileMoneyGatewayFactory.java,104,1,0,False,False,no,
booking-service,GAP,MobileMoneyGatewayFactory,getGatewayWithFallback,backend/booking-service/src/main/java/com/pml/booking/infrastructure/gateway/MobileMoneyGatewayFactory.java,120,1,0,False,False,no,
booking-service,GAP,MobileMoneyGatewayFactory,checkAvailabilityAndReturn,backend/booking-service/src/main/java/com/pml/booking/infrastructure/gateway/MobileMoneyGatewayFactory.java,128,1,0,False,False,no,
booking-service,GAP,MobileMoneyGatewayFactory,findFallbackGateway,backend/booking-service/src/main/java/com/pml/booking/infrastructure/gateway/MobileMoneyGatewayFactory.java,143,2,0,False,False,no,
booking-service,GAP,MobileMoneyGatewayFactory,findGatewayById,backend/booking-service/src/main/java/com/pml/booking/infrastructure/gateway/MobileMoneyGatewayFactory.java,172,2,0,False,False,no,
booking-service,GAP,MobileMoneyGatewayFactory,getGatewaysForNetwork,backend/booking-service/src/main/java/com/pml/booking/infrastructure/gateway/MobileMoneyGatewayFactory.java,179,1,0,False,False,no,
booking-service,GAP,MobileMoneyGatewayFactory,checkAvailability,backend/booking-service/src/main/java/com/pml/booking/infrastructure/gateway/MobileMoneyGatewayFactory.java,185,2,0,False,False,no,
booking-service,GAP,MobileMoneyGatewayFactory,maskPhone,backend/booking-service/src/main/java/com/pml/booking/infrastructure/gateway/MobileMoneyGatewayFactory.java,211,1,0,False,False,no,
booking-service,GAP,MobileMoneyGatewayFactory,getGateway,backend/booking-service/src/main/java/com/pml/booking/infrastructure/gateway/MobileMoneyGatewayFactory.java,67,1,0,False,False,no,
booking-service,GAP,MobileMoneyGatewayFactory,getGatewayForPhone,backend/booking-service/src/main/java/com/pml/booking/infrastructure/gateway/MobileMoneyGatewayFactory.java,87,5,2,False,False,no,
booking-service,GAP,PawaPayGatewayAdapter,initiateRefund,backend/booking-service/src/main/java/com/pml/booking/infrastructure/gateway/adapter/PawaPayGatewayAdapter.java,107,3,7,False,False,no,
booking-service,GAP,PawaPayGatewayAdapter,checkRefundStatus,backend/booking-service/src/main/java/com/pml/booking/infrastructure/gateway/adapter/PawaPayGatewayAdapter.java,137,1,0,False,False,no,
booking-service,GAP,PawaPayGatewayAdapter,resolveProviderCode,backend/booking-service/src/main/java/com/pml/booking/infrastructure/gateway/adapter/PawaPayGatewayAdapter.java,181,2,0,False,False,no,
booking-service,GAP,PawaPayGatewayAdapter,mapDepositResponse,backend/booking-service/src/main/java/com/pml/booking/infrastructure/gateway/adapter/PawaPayGatewayAdapter.java,196,1,0,False,False,no,
booking-service,GAP,PawaPayGatewayAdapter,mapDepositStatusResponse,backend/booking-service/src/main/java/com/pml/booking/infrastructure/gateway/adapter/PawaPayGatewayAdapter.java,217,1,0,False,False,no,
booking-service,GAP,PawaPayGatewayAdapter,mapPayoutResponse,backend/booking-service/src/main/java/com/pml/booking/infrastructure/gateway/adapter/PawaPayGatewayAdapter.java,236,1,0,False,False,no,
booking-service,GAP,PawaPayGatewayAdapter,mapPayoutStatusResponse,backend/booking-service/src/main/java/com/pml/booking/infrastructure/gateway/adapter/PawaPayGatewayAdapter.java,257,1,0,False,False,no,
booking-service,GAP,PawaPayGatewayAdapter,mapRefundResponse,backend/booking-service/src/main/java/com/pml/booking/infrastructure/gateway/adapter/PawaPayGatewayAdapter.java,276,1,0,False,False,no,
booking-service,GAP,PawaPayGatewayAdapter,mapRefundStatusResponse,backend/booking-service/src/main/java/com/pml/booking/infrastructure/gateway/adapter/PawaPayGatewayAdapter.java,297,1,0,False,False,no,
booking-service,GAP,PawaPayGatewayAdapter,mapPawaPayStatus,backend/booking-service/src/main/java/com/pml/booking/infrastructure/gateway/adapter/PawaPayGatewayAdapter.java,316,3,0,False,False,no,
booking-service,GAP,PawaPayGatewayAdapter,handleError,backend/booking-service/src/main/java/com/pml/booking/infrastructure/gateway/adapter/PawaPayGatewayAdapter.java,336,4,0,False,False,no,
booking-service,GAP,PawaPayGatewayAdapter,handlePayoutError,backend/booking-service/src/main/java/com/pml/booking/infrastructure/gateway/adapter/PawaPayGatewayAdapter.java,357,2,0,False,False,no,
booking-service,GAP,PawaPayGatewayAdapter,isRetryableError,backend/booking-service/src/main/java/com/pml/booking/infrastructure/gateway/adapter/PawaPayGatewayAdapter.java,377,6,0,False,False,no,
booking-service,GAP,PawaPayGatewayAdapter,isRetryableException,backend/booking-service/src/main/java/com/pml/booking/infrastructure/gateway/adapter/PawaPayGatewayAdapter.java,397,2,0,False,False,no,
booking-service,GAP,PawaPayGatewayAdapter,isRetryableHttpStatus,backend/booking-service/src/main/java/com/pml/booking/infrastructure/gateway/adapter/PawaPayGatewayAdapter.java,406,2,0,False,False,no,
booking-service,GAP,PawaPayGatewayAdapter,buildMetadata,backend/booking-service/src/main/java/com/pml/booking/infrastructure/gateway/adapter/PawaPayGatewayAdapter.java,418,1,0,False,False,no,
booking-service,GAP,PawaPayGatewayAdapter,truncateDescription,backend/booking-service/src/main/java/com/pml/booking/infrastructure/gateway/adapter/PawaPayGatewayAdapter.java,429,2,0,False,False,no,
booking-service,GAP,PawaPayGatewayAdapter,initiatePayment,backend/booking-service/src/main/java/com/pml/booking/infrastructure/gateway/adapter/PawaPayGatewayAdapter.java,44,2,7,False,False,no,
booking-service,GAP,PawaPayGatewayAdapter,checkPaymentStatus,backend/booking-service/src/main/java/com/pml/booking/infrastructure/gateway/adapter/PawaPayGatewayAdapter.java,66,1,9,False,False,no,
booking-service,GAP,PawaPayGatewayAdapter,initiatePayout,backend/booking-service/src/main/java/com/pml/booking/infrastructure/gateway/adapter/PawaPayGatewayAdapter.java,77,4,4,False,False,no,
booking-service,GAP,PawaPayGatewayAdapter,checkPayoutStatus,backend/booking-service/src/main/java/com/pml/booking/infrastructure/gateway/adapter/PawaPayGatewayAdapter.java,96,2,0,False,False,no,
booking-service,GAP,Builder,network,backend/booking-service/src/main/java/com/pml/booking/infrastructure/gateway/model/GatewayPayoutRequest.java,96,2,0,False,False,no,
booking-service,GAP,Builder,payerName,backend/booking-service/src/main/java/com/pml/booking/infrastructure/gateway/model/MobileMoneyRequest.java,112,2,0,False,False,no,
booking-service,GAP,Builder,payerEmail,backend/booking-service/src/main/java/com/pml/booking/infrastructure/gateway/model/MobileMoneyRequest.java,117,2,0,False,False,no,
booking-service,GAP,Builder,network,backend/booking-service/src/main/java/com/pml/booking/infrastructure/gateway/model/MobileMoneyRequest.java,92,2,0,False,False,no,
booking-service,GAP,PaymentResult,success,backend/booking-service/src/main/java/com/pml/booking/infrastructure/gateway/model/PaymentResult.java,110,10,3,False,False,no,
booking-service,GAP,PaymentResult,pending,backend/booking-service/src/main/java/com/pml/booking/infrastructure/gateway/model/PaymentResult.java,126,4,6,False,False,no,
booking-service,GAP,PciDssLogger,maskAmount,backend/booking-service/src/main/java/com/pml/booking/infrastructure/logging/PciDssLogger.java,116,4,0,False,False,no,
booking-service,GAP,PciDssLogger,logPaymentInitiated,backend/booking-service/src/main/java/com/pml/booking/infrastructure/logging/PciDssLogger.java,150,3,0,False,False,no,
booking-service,GAP,PciDssLogger,logPaymentCompleted,backend/booking-service/src/main/java/com/pml/booking/infrastructure/logging/PciDssLogger.java,169,3,0,False,False,no,
booking-service,GAP,PciDssLogger,logPaymentFailed,backend/booking-service/src/main/java/com/pml/booking/infrastructure/logging/PciDssLogger.java,185,6,0,False,False,no,
booking-service,GAP,PciDssLogger,logWebhookReceived,backend/booking-service/src/main/java/com/pml/booking/infrastructure/logging/PciDssLogger.java,201,5,0,False,False,no,
booking-service,GAP,PciDssLogger,logIpRejected,backend/booking-service/src/main/java/com/pml/booking/infrastructure/logging/PciDssLogger.java,221,3,0,False,False,no,
booking-service,GAP,PciDssLogger,generateCorrelationId,backend/booking-service/src/main/java/com/pml/booking/infrastructure/logging/PciDssLogger.java,247,3,0,False,False,no,
booking-service,GAP,PciDssLogger,maskPhoneNumber,backend/booking-service/src/main/java/com/pml/booking/infrastructure/logging/PciDssLogger.java,69,3,0,False,False,no,
booking-service,GAP,PciDssLogger,sanitizeMessage,backend/booking-service/src/main/java/com/pml/booking/infrastructure/logging/PciDssLogger.java,94,1,0,False,False,no,
booking-service,GAP,PaymentMetrics,recordDepositInitiated,backend/booking-service/src/main/java/com/pml/booking/infrastructure/metrics/PaymentMetrics.java,107,1,0,False,False,no,
booking-service,GAP,PaymentMetrics,recordDepositFailed,backend/booking-service/src/main/java/com/pml/booking/infrastructure/metrics/PaymentMetrics.java,111,1,0,False,False,no,
booking-service,GAP,PaymentMetrics,recordDepositLatency,backend/booking-service/src/main/java/com/pml/booking/infrastructure/metrics/PaymentMetrics.java,118,2,0,False,False,no,
booking-service,GAP,PaymentMetrics,recordDepositLatency,backend/booking-service/src/main/java/com/pml/booking/infrastructure/metrics/PaymentMetrics.java,122,2,0,False,False,no,
booking-service,GAP,PaymentMetrics,recordWebhookReceived,backend/booking-service/src/main/java/com/pml/booking/infrastructure/metrics/PaymentMetrics.java,130,1,0,False,False,no,
booking-service,GAP,PaymentMetrics,recordWebhookValid,backend/booking-service/src/main/java/com/pml/booking/infrastructure/metrics/PaymentMetrics.java,135,1,0,False,False,no,
booking-service,GAP,PaymentMetrics,recordWebhookInvalidSignature,backend/booking-service/src/main/java/com/pml/booking/infrastructure/metrics/PaymentMetrics.java,140,1,0,False,False,no,
booking-service,GAP,PaymentMetrics,recordWebhookIpRejected,backend/booking-service/src/main/java/com/pml/booking/infrastructure/metrics/PaymentMetrics.java,146,1,0,False,False,no,
booking-service,GAP,PaymentMetrics,startWebhookTimer,backend/booking-service/src/main/java/com/pml/booking/infrastructure/metrics/PaymentMetrics.java,151,1,0,False,False,no,
booking-service,GAP,PaymentMetrics,stopWebhookTimer,backend/booking-service/src/main/java/com/pml/booking/infrastructure/metrics/PaymentMetrics.java,155,5,0,False,False,no,
booking-service,GAP,PaymentMetrics,recordCircuitBreakerFallback,backend/booking-service/src/main/java/com/pml/booking/infrastructure/metrics/PaymentMetrics.java,160,1,0,False,False,no,
booking-service,GAP,PaymentMetrics,recordPaymentAmount,backend/booking-service/src/main/java/com/pml/booking/infrastructure/metrics/PaymentMetrics.java,169,1,0,False,False,no,
booking-service,GAP,BookingCollectionRenameMigrationService,migrate,backend/booking-service/src/main/java/com/pml/booking/migration/BookingCollectionRenameMigrationService.java,60,14,9,False,False,no,
booking-service,GAP,BookingRegistryConformanceMigrationService,migrate,backend/booking-service/src/main/java/com/pml/booking/migration/BookingRegistryConformanceMigrationService.java,40,14,9,False,False,no,
booking-service,GAP,Result,backfill,backend/booking-service/src/main/java/com/pml/booking/migration/CheckInBackfillMigrationService.java,136,1,0,False,False,no,
booking-service,GAP,Outcome,migrateOne,backend/booking-service/src/main/java/com/pml/booking/migration/CheckInBackfillMigrationService.java,153,2,0,False,False,no,
booking-service,GAP,Result,examined,backend/booking-service/src/main/java/com/pml/booking/migration/CheckInBackfillMigrationService.java,79,4,0,False,False,no,
booking-service,GAP,Result,migrate,backend/booking-service/src/main/java/com/pml/booking/migration/CheckInBackfillMigrationService.java,91,14,9,False,False,no,
booking-service,GAP,DataMigrationRunner,ledger,backend/booking-service/src/main/java/com/pml/booking/migration/DataMigrationRunner.java,75,4,0,False,False,no,
booking-service,GAP,DataMigrationRunner,serviceName,backend/booking-service/src/main/java/com/pml/booking/migration/DataMigrationRunner.java,90,2,0,False,False,no,
booking-service,GAP,DataMigrationRunner,steps,backend/booking-service/src/main/java/com/pml/booking/migration/DataMigrationRunner.java,95,1,0,False,False,no,
booking-service,GAP,Result,renameFieldsInPlace,backend/booking-service/src/main/java/com/pml/booking/migration/EscrowDocumentConformanceMigrationService.java,101,1,0,False,False,no,
booking-service,GAP,Result,copyAcross,backend/booking-service/src/main/java/com/pml/booking/migration/EscrowDocumentConformanceMigrationService.java,124,1,0,False,False,no,
booking-service,GAP,Result,migrate,backend/booking-service/src/main/java/com/pml/booking/migration/EscrowDocumentConformanceMigrationService.java,72,14,9,False,False,no,
booking-service,GAP,Result,migrate,backend/booking-service/src/main/java/com/pml/booking/migration/EscrowStatusConformanceMigrationService.java,70,14,9,False,False,no,
booking-service,GAP,Result,rewrite,backend/booking-service/src/main/java/com/pml/booking/migration/EscrowStatusConformanceMigrationService.java,83,1,0,False,False,no,
booking-service,GAP,EscrowTransactionMigrationService,convertToStandalone,backend/booking-service/src/main/java/com/pml/booking/migration/EscrowTransactionMigrationService.java,139,1,0,False,False,no,
booking-service,GAP,EscrowTransactionMigrationService,inferType,backend/booking-service/src/main/java/com/pml/booking/migration/EscrowTransactionMigrationService.java,194,2,0,False,False,no,
booking-service,GAP,EscrowTransactionMigrationService,migrateAllTransactions,backend/booking-service/src/main/java/com/pml/booking/migration/EscrowTransactionMigrationService.java,73,1,0,False,False,no,
booking-service,GAP,EscrowTransactionMigrationService,migrateAccountTransactions,backend/booking-service/src/main/java/com/pml/booking/migration/EscrowTransactionMigrationService.java,97,1,0,False,False,no,
booking-service,GAP,Result,migrate,backend/booking-service/src/main/java/com/pml/booking/migration/PaymentSubjectMigrationService.java,54,14,9,False,False,no,
booking-service,GAP,Result,countInFlight,backend/booking-service/src/main/java/com/pml/booking/migration/PaymentSubjectMigrationService.java,78,1,0,False,False,no,
booking-service,GAP,Result,rename,backend/booking-service/src/main/java/com/pml/booking/migration/PaymentSubjectMigrationService.java,94,3,0,False,False,no,
booking-service,GAP,Result,move,backend/booking-service/src/main/java/com/pml/booking/migration/PayoutConformanceMigrationService.java,104,2,7,False,False,no,
booking-service,GAP,Result,renameFields,backend/booking-service/src/main/java/com/pml/booking/migration/PayoutConformanceMigrationService.java,132,4,0,False,False,no,
booking-service,GAP,Result,rewriteStatuses,backend/booking-service/src/main/java/com/pml/booking/migration/PayoutConformanceMigrationService.java,152,4,0,False,False,no,
booking-service,GAP,Result,migrate,backend/booking-service/src/main/java/com/pml/booking/migration/PayoutConformanceMigrationService.java,78,14,9,False,False,no,
booking-service,GAP,PayoutFeeFieldCleanupMigrationService,migrate,backend/booking-service/src/main/java/com/pml/booking/migration/PayoutFeeFieldCleanupMigrationService.java,39,14,9,False,False,no,
booking-service,GAP,Result,renameFields,backend/booking-service/src/main/java/com/pml/booking/migration/ReservationConformanceMigrationService.java,117,4,0,False,False,no,
booking-service,GAP,Result,rewriteStatuses,backend/booking-service/src/main/java/com/pml/booking/migration/ReservationConformanceMigrationService.java,131,4,0,False,False,no,
booking-service,GAP,Result,migrate,backend/booking-service/src/main/java/com/pml/booking/migration/ReservationConformanceMigrationService.java,61,14,9,False,False,no,
booking-service,GAP,Result,move,backend/booking-service/src/main/java/com/pml/booking/migration/ReservationConformanceMigrationService.java,83,2,7,False,False,no,
booking-service,GAP,Result,migrateEscrowAccount,backend/booking-service/src/main/java/com/pml/booking/migration/StatusSemanticMigrationService.java,101,1,0,False,False,no,
booking-service,GAP,Result,migrateTickets,backend/booking-service/src/main/java/com/pml/booking/migration/StatusSemanticMigrationService.java,127,1,0,False,False,no,
booking-service,GAP,Result,migrateTicket,backend/booking-service/src/main/java/com/pml/booking/migration/StatusSemanticMigrationService.java,136,1,0,False,False,no,
booking-service,GAP,Result,migrate,backend/booking-service/src/main/java/com/pml/booking/migration/StatusSemanticMigrationService.java,156,14,9,False,False,no,
booking-service,GAP,Outcome,migrateOne,backend/booking-service/src/main/java/com/pml/booking/migration/StatusSemanticMigrationService.java,170,2,0,False,False,no,
booking-service,GAP,Result,examined,backend/booking-service/src/main/java/com/pml/booking/migration/StatusSemanticMigrationService.java,57,4,0,False,False,no,
booking-service,GAP,Result,plus,backend/booking-service/src/main/java/com/pml/booking/migration/StatusSemanticMigrationService.java,61,20,9,False,False,no,
booking-service,GAP,Result,accumulate,backend/booking-service/src/main/java/com/pml/booking/migration/StatusSemanticMigrationService.java,68,4,0,False,False,no,
booking-service,GAP,Result,migrateAll,backend/booking-service/src/main/java/com/pml/booking/migration/StatusSemanticMigrationService.java,78,1,0,False,False,no,
booking-service,GAP,Result,migrateEscrowAccounts,backend/booking-service/src/main/java/com/pml/booking/migration/StatusSemanticMigrationService.java,92,1,0,False,False,no,
booking-service,GAP,Result,migrate,backend/booking-service/src/main/java/com/pml/booking/migration/TicketStatusConformanceMigrationService.java,113,14,9,False,False,no,
booking-service,GAP,Result,rewriteAll,backend/booking-service/src/main/java/com/pml/booking/migration/TicketStatusConformanceMigrationService.java,136,1,0,False,False,no,
booking-service,GAP,Result,findUnrecognised,backend/booking-service/src/main/java/com/pml/booking/migration/TicketStatusConformanceMigrationService.java,165,1,0,False,False,no,
booking-service,GAP,Result,empty,backend/booking-service/src/main/java/com/pml/booking/migration/TicketStatusConformanceMigrationService.java,182,81,35,False,False,no,
booking-service,GAP,BankAccountRepository,findByOrganizerId,backend/booking-service/src/main/java/com/pml/booking/repository/BankAccountRepository.java,16,16,0,False,False,no,
booking-service,GAP,BankAccountRepository,findByOrganizerIdAndIsDefaultTrue,backend/booking-service/src/main/java/com/pml/booking/repository/BankAccountRepository.java,18,3,0,False,False,no,
booking-service,GAP,BankAccountRepository,findByAccountNumber,backend/booking-service/src/main/java/com/pml/booking/repository/BankAccountRepository.java,20,5,0,False,False,no,
booking-service,GAP,BankAccountRepository,findByOrganizerIdAndStatus,backend/booking-service/src/main/java/com/pml/booking/repository/BankAccountRepository.java,22,3,0,False,False,no,
booking-service,GAP,BankAccountRepository,findByIdAndOrganizationIdIn,backend/booking-service/src/main/java/com/pml/booking/repository/BankAccountRepository.java,24,5,1,False,False,no,
booking-service,GAP,ChargebackRecordRepository,findByOrganizerIdAndStatus,backend/booking-service/src/main/java/com/pml/booking/repository/ChargebackRecordRepository.java,108,3,0,False,False,no,
booking-service,GAP,ChargebackRecordRepository,findByStatus,backend/booking-service/src/main/java/com/pml/booking/repository/ChargebackRecordRepository.java,120,26,0,False,False,no,
booking-service,GAP,ChargebackRecordRepository,countByStatus,backend/booking-service/src/main/java/com/pml/booking/repository/ChargebackRecordRepository.java,128,3,0,False,False,no,
booking-service,GAP,ChargebackRecordRepository,findByRecoveryStatus,backend/booking-service/src/main/java/com/pml/booking/repository/ChargebackRecordRepository.java,140,1,0,False,False,no,
booking-service,GAP,ChargebackRecordRepository,findPendingRecovery,backend/booking-service/src/main/java/com/pml/booking/repository/ChargebackRecordRepository.java,150,2,0,False,False,no,
booking-service,GAP,ChargebackRecordRepository,findByJournalEntryId,backend/booking-service/src/main/java/com/pml/booking/repository/ChargebackRecordRepository.java,162,1,0,False,False,no,
booking-service,GAP,ChargebackRecordRepository,findByChargebackId,backend/booking-service/src/main/java/com/pml/booking/repository/ChargebackRecordRepository.java,58,4,0,False,False,no,
booking-service,GAP,ChargebackRecordRepository,findByTicketId,backend/booking-service/src/main/java/com/pml/booking/repository/ChargebackRecordRepository.java,68,18,1,False,False,no,
booking-service,GAP,ChargebackRecordRepository,findByEventId,backend/booking-service/src/main/java/com/pml/booking/repository/ChargebackRecordRepository.java,76,44,2,False,False,no,
booking-service,GAP,ChargebackRecordRepository,countByEventIdAndStatusIn,backend/booking-service/src/main/java/com/pml/booking/repository/ChargebackRecordRepository.java,86,10,0,False,False,no,
booking-service,GAP,ChargebackRecordRepository,findByOrganizerId,backend/booking-service/src/main/java/com/pml/booking/repository/ChargebackRecordRepository.java,99,16,0,False,False,no,
booking-service,GAP,ChartOfAccountsRepository,findBySubType,backend/booking-service/src/main/java/com/pml/booking/repository/ChartOfAccountsRepository.java,109,1,0,False,False,no,
booking-service,GAP,ChartOfAccountsRepository,findByParentAccountCode,backend/booking-service/src/main/java/com/pml/booking/repository/ChartOfAccountsRepository.java,128,2,0,False,False,no,
booking-service,GAP,ChartOfAccountsRepository,findByIsActiveTrue,backend/booking-service/src/main/java/com/pml/booking/repository/ChartOfAccountsRepository.java,141,2,0,False,False,no,
booking-service,GAP,ChartOfAccountsRepository,findByAccountCode,backend/booking-service/src/main/java/com/pml/booking/repository/ChartOfAccountsRepository.java,66,12,0,False,False,no,
booking-service,GAP,ChartOfAccountsRepository,existsByAccountCode,backend/booking-service/src/main/java/com/pml/booking/repository/ChartOfAccountsRepository.java,76,4,0,False,False,no,
booking-service,GAP,ChartOfAccountsRepository,findByAccountType,backend/booking-service/src/main/java/com/pml/booking/repository/ChartOfAccountsRepository.java,94,7,0,False,False,no,
booking-service,GAP,CheckInConflictRepository,findByEventIdAndOrganizerIdOrderByDetectedAtDesc,backend/booking-service/src/main/java/com/pml/booking/repository/CheckInConflictRepository.java,23,1,0,False,False,no,
booking-service,GAP,CheckInConflictRepository,countByEventIdAndOrganizerId,backend/booking-service/src/main/java/com/pml/booking/repository/CheckInConflictRepository.java,26,4,0,False,False,no,
booking-service,GAP,CheckInConflictRepository,countByEventIdAndOrganizerIdAndStatus,backend/booking-service/src/main/java/com/pml/booking/repository/CheckInConflictRepository.java,28,1,0,False,False,no,
booking-service,GAP,CheckInRepository,findByTicketId,backend/booking-service/src/main/java/com/pml/booking/repository/CheckInRepository.java,30,18,1,False,False,no,
booking-service,GAP,CheckInRepository,findByScanId,backend/booking-service/src/main/java/com/pml/booking/repository/CheckInRepository.java,32,1,0,False,False,no,
booking-service,GAP,CheckInRepository,countByEventIdAndOrganizerId,backend/booking-service/src/main/java/com/pml/booking/repository/CheckInRepository.java,34,4,0,False,False,no,
booking-service,GAP,CheckInRepository,findByEventIdAndOrganizerIdOrderByRecordedAtDesc,backend/booking-service/src/main/java/com/pml/booking/repository/CheckInRepository.java,37,2,0,False,False,no,
booking-service,GAP,CheckInRepository,countByEventIdAndOrganizerIdAndMethod,backend/booking-service/src/main/java/com/pml/booking/repository/CheckInRepository.java,40,1,0,False,False,no,
booking-service,GAP,CommissionRecordRepository,findByTicketId,backend/booking-service/src/main/java/com/pml/booking/repository/CommissionRecordRepository.java,22,18,1,False,False,no,
booking-service,GAP,CommissionRecordRepository,findByEventId,backend/booking-service/src/main/java/com/pml/booking/repository/CommissionRecordRepository.java,27,44,2,False,False,no,
booking-service,GAP,CommissionRecordRepository,findByEventIdAndStatus,backend/booking-service/src/main/java/com/pml/booking/repository/CommissionRecordRepository.java,32,4,0,False,False,no,
booking-service,GAP,CommissionRecordRepository,findByOrganizerId,backend/booking-service/src/main/java/com/pml/booking/repository/CommissionRecordRepository.java,37,16,0,False,False,no,
booking-service,GAP,CommissionRecordRepository,findByOrganizerIdAndStatus,backend/booking-service/src/main/java/com/pml/booking/repository/CommissionRecordRepository.java,42,3,0,False,False,no,
booking-service,GAP,CommissionRecordRepository,findByStatus,backend/booking-service/src/main/java/com/pml/booking/repository/CommissionRecordRepository.java,47,26,0,False,False,no,
booking-service,GAP,CommissionRecordRepository,countByEventIdAndStatus,backend/booking-service/src/main/java/com/pml/booking/repository/CommissionRecordRepository.java,52,1,0,False,False,no,
booking-service,GAP,CommissionRecordRepository,existsByTicketId,backend/booking-service/src/main/java/com/pml/booking/repository/CommissionRecordRepository.java,57,1,0,False,False,no,
booking-service,GAP,EventEscrowAccountRepository,findByStatusNotIn,backend/booking-service/src/main/java/com/pml/booking/repository/EventEscrowAccountRepository.java,100,1,0,False,False,no,
booking-service,GAP,EventEscrowAccountRepository,findByOrganizationIdIn,backend/booking-service/src/main/java/com/pml/booking/repository/EventEscrowAccountRepository.java,112,4,1,False,False,no,
booking-service,GAP,EventEscrowAccountRepository,findByIdAndOrganizationIdIn,backend/booking-service/src/main/java/com/pml/booking/repository/EventEscrowAccountRepository.java,32,5,1,False,False,no,
booking-service,GAP,EventEscrowAccountRepository,findByAccountNumber,backend/booking-service/src/main/java/com/pml/booking/repository/EventEscrowAccountRepository.java,35,5,0,False,False,no,
booking-service,GAP,EventEscrowAccountRepository,findByEventId,backend/booking-service/src/main/java/com/pml/booking/repository/EventEscrowAccountRepository.java,41,44,2,False,False,no,
booking-service,GAP,EventEscrowAccountRepository,findByOrganizationId,backend/booking-service/src/main/java/com/pml/booking/repository/EventEscrowAccountRepository.java,58,6,0,False,False,no,
booking-service,GAP,EventEscrowAccountRepository,findByOrganizationIdAndStatus,backend/booking-service/src/main/java/com/pml/booking/repository/EventEscrowAccountRepository.java,61,3,0,False,False,no,
booking-service,GAP,EventEscrowAccountRepository,findByOrganizerId,backend/booking-service/src/main/java/com/pml/booking/repository/EventEscrowAccountRepository.java,69,16,0,False,False,no,
booking-service,GAP,EventEscrowAccountRepository,findByOrganizerIdAndStatus,backend/booking-service/src/main/java/com/pml/booking/repository/EventEscrowAccountRepository.java,73,3,0,False,False,no,
booking-service,GAP,EventEscrowAccountRepository,findByStatus,backend/booking-service/src/main/java/com/pml/booking/repository/EventEscrowAccountRepository.java,78,26,0,False,False,no,
booking-service,GAP,EventEscrowAccountRepository,findPayoutEligibleByOrganizerId,backend/booking-service/src/main/java/com/pml/booking/repository/EventEscrowAccountRepository.java,84,1,0,False,False,no,
booking-service,GAP,EventEscrowAccountRepository,existsByEventId,backend/booking-service/src/main/java/com/pml/booking/repository/EventEscrowAccountRepository.java,91,2,0,False,False,no,
booking-service,GAP,JournalEntryRepository,findByEntryDateBetween,backend/booking-service/src/main/java/com/pml/booking/repository/JournalEntryRepository.java,109,1,0,False,False,no,
booking-service,GAP,JournalEntryRepository,findByEntryDateBetweenAndStatus,backend/booking-service/src/main/java/com/pml/booking/repository/JournalEntryRepository.java,121,1,0,False,False,no,
booking-service,GAP,JournalEntryRepository,findByStatus,backend/booking-service/src/main/java/com/pml/booking/repository/JournalEntryRepository.java,137,26,0,False,False,no,
booking-service,GAP,JournalEntryRepository,countByStatus,backend/booking-service/src/main/java/com/pml/booking/repository/JournalEntryRepository.java,145,3,0,False,False,no,
booking-service,GAP,JournalEntryRepository,findByType,backend/booking-service/src/main/java/com/pml/booking/repository/JournalEntryRepository.java,157,4,0,False,False,no,
booking-service,GAP,JournalEntryRepository,findByAccountCode,backend/booking-service/src/main/java/com/pml/booking/repository/JournalEntryRepository.java,179,12,0,False,False,no,
booking-service,GAP,JournalEntryRepository,findByAccountCodeAndEntryDateBetween,backend/booking-service/src/main/java/com/pml/booking/repository/JournalEntryRepository.java,192,1,0,False,False,no,
booking-service,GAP,JournalEntryRepository,findFirstByEntryNumberStartingWithOrderByEntryNumberDesc,backend/booking-service/src/main/java/com/pml/booking/repository/JournalEntryRepository.java,213,1,0,False,False,no,
booking-service,GAP,JournalEntryRepository,findByStatus,backend/booking-service/src/main/java/com/pml/booking/repository/JournalEntryRepository.java,222,26,0,False,False,no,
booking-service,GAP,JournalEntryRepository,findByEntryNumber,backend/booking-service/src/main/java/com/pml/booking/repository/JournalEntryRepository.java,71,2,0,False,False,no,
booking-service,GAP,JournalEntryRepository,findByCorrelationId,backend/booking-service/src/main/java/com/pml/booking/repository/JournalEntryRepository.java,94,5,0,False,False,no,
booking-service,GAP,PaymentAttemptRepository,findByEventId,backend/booking-service/src/main/java/com/pml/booking/repository/PaymentAttemptRepository.java,104,44,2,False,False,no,
booking-service,GAP,PaymentAttemptRepository,findByBuyerIdOrderByCreatedAtDesc,backend/booking-service/src/main/java/com/pml/booking/repository/PaymentAttemptRepository.java,112,1,0,False,False,no,
booking-service,GAP,PaymentAttemptRepository,findByOrganizerId,backend/booking-service/src/main/java/com/pml/booking/repository/PaymentAttemptRepository.java,120,16,0,False,False,no,
booking-service,GAP,PaymentAttemptRepository,findByStatus,backend/booking-service/src/main/java/com/pml/booking/repository/PaymentAttemptRepository.java,132,26,0,False,False,no,
booking-service,GAP,PaymentAttemptRepository,countByStatus,backend/booking-service/src/main/java/com/pml/booking/repository/PaymentAttemptRepository.java,140,3,0,False,False,no,
booking-service,GAP,PaymentAttemptRepository,countByEventIdAndStatus,backend/booking-service/src/main/java/com/pml/booking/repository/PaymentAttemptRepository.java,149,1,0,False,False,no,
booking-service,GAP,PaymentAttemptRepository,findByStatusAndRetryCountLessThan,backend/booking-service/src/main/java/com/pml/booking/repository/PaymentAttemptRepository.java,158,1,0,False,False,no,
booking-service,GAP,PaymentAttemptRepository,findByStatusAndFulfilled,backend/booking-service/src/main/java/com/pml/booking/repository/PaymentAttemptRepository.java,174,1,0,False,False,no,
booking-service,GAP,PaymentAttemptRepository,countByReviewStatus,backend/booking-service/src/main/java/com/pml/booking/repository/PaymentAttemptRepository.java,182,6,0,False,False,no,
booking-service,GAP,PaymentAttemptRepository,countByEventIdAndStatusIn,backend/booking-service/src/main/java/com/pml/booking/repository/PaymentAttemptRepository.java,195,10,0,False,False,no,
booking-service,GAP,PaymentAttemptRepository,countByBuyerId,backend/booking-service/src/main/java/com/pml/booking/repository/PaymentAttemptRepository.java,203,2,0,False,False,no,
booking-service,GAP,PaymentAttemptRepository,findByDepositId,backend/booking-service/src/main/java/com/pml/booking/repository/PaymentAttemptRepository.java,40,8,1,False,False,no,
booking-service,GAP,PaymentAttemptRepository,findByProviderReference,backend/booking-service/src/main/java/com/pml/booking/repository/PaymentAttemptRepository.java,43,4,11,False,False,no,
booking-service,GAP,PaymentAttemptRepository,findByPaymentIntentIdOrderByCreatedAtDesc,backend/booking-service/src/main/java/com/pml/booking/repository/PaymentAttemptRepository.java,51,1,0,False,False,no,
booking-service,GAP,PaymentAttemptRepository,findByAttemptNumber,backend/booking-service/src/main/java/com/pml/booking/repository/PaymentAttemptRepository.java,59,2,0,False,False,no,
booking-service,GAP,PaymentAttemptRepository,findByCorrelationId,backend/booking-service/src/main/java/com/pml/booking/repository/PaymentAttemptRepository.java,67,5,0,False,False,no,
booking-service,GAP,PaymentAttemptRepository,findByReservationId,backend/booking-service/src/main/java/com/pml/booking/repository/PaymentAttemptRepository.java,79,13,0,False,False,no,
booking-service,GAP,PaymentAttemptRepository,findFirstByReservationIdOrderByCreatedAtDesc,backend/booking-service/src/main/java/com/pml/booking/repository/PaymentAttemptRepository.java,87,1,0,False,False,no,
booking-service,GAP,PaymentAttemptRepository,findByReservationIdAndStatusIn,backend/booking-service/src/main/java/com/pml/booking/repository/PaymentAttemptRepository.java,96,2,0,False,False,no,
booking-service,GAP,PaymentIntentRepository,findByIdempotencyKey,backend/booking-service/src/main/java/com/pml/booking/repository/PaymentIntentRepository.java,24,4,1,False,False,no,
booking-service,GAP,PaymentIntentRepository,findByDepositId,backend/booking-service/src/main/java/com/pml/booking/repository/PaymentIntentRepository.java,29,8,1,False,False,no,
booking-service,GAP,PaymentIntentRepository,findByReservationId,backend/booking-service/src/main/java/com/pml/booking/repository/PaymentIntentRepository.java,39,13,0,False,False,no,
booking-service,GAP,PaymentIntentRepository,findByEventId,backend/booking-service/src/main/java/com/pml/booking/repository/PaymentIntentRepository.java,44,44,2,False,False,no,
booking-service,GAP,PaymentIntentRepository,findByUserId,backend/booking-service/src/main/java/com/pml/booking/repository/PaymentIntentRepository.java,49,1,0,False,False,no,
booking-service,GAP,PaymentIntentRepository,findByStatus,backend/booking-service/src/main/java/com/pml/booking/repository/PaymentIntentRepository.java,54,26,0,False,False,no,
booking-service,GAP,PaymentIntentRepository,findByStatusAndExpiresAtBefore,backend/booking-service/src/main/java/com/pml/booking/repository/PaymentIntentRepository.java,59,1,0,False,False,no,
booking-service,GAP,PaymentIntentRepository,countByEventIdAndStatus,backend/booking-service/src/main/java/com/pml/booking/repository/PaymentIntentRepository.java,64,1,0,False,False,no,
booking-service,GAP,PayoutRequestRepository,findByOrganizationIdIn,backend/booking-service/src/main/java/com/pml/booking/repository/PayoutRequestRepository.java,107,4,1,False,False,no,
booking-service,GAP,PayoutRequestRepository,findByOrganizationIdInAndStatus,backend/booking-service/src/main/java/com/pml/booking/repository/PayoutRequestRepository.java,110,2,0,False,False,no,
booking-service,GAP,PayoutRequestRepository,findByIdAndOrganizationIdIn,backend/booking-service/src/main/java/com/pml/booking/repository/PayoutRequestRepository.java,112,5,1,False,False,no,
booking-service,GAP,PayoutRequestRepository,findByRequestIdAndOrganizationIdIn,backend/booking-service/src/main/java/com/pml/booking/repository/PayoutRequestRepository.java,114,1,0,False,False,no,
booking-service,GAP,PayoutRequestRepository,findByIdempotencyKey,backend/booking-service/src/main/java/com/pml/booking/repository/PayoutRequestRepository.java,29,4,1,False,False,no,
booking-service,GAP,PayoutRequestRepository,findByRequestId,backend/booking-service/src/main/java/com/pml/booking/repository/PayoutRequestRepository.java,31,10,2,False,False,no,
booking-service,GAP,PayoutRequestRepository,findByPawaPayPayoutId,backend/booking-service/src/main/java/com/pml/booking/repository/PayoutRequestRepository.java,34,1,0,False,False,no,
booking-service,GAP,PayoutRequestRepository,findByEscrowAccountIdAndStatusIn,backend/booking-service/src/main/java/com/pml/booking/repository/PayoutRequestRepository.java,43,1,0,False,False,no,
booking-service,GAP,PayoutRequestRepository,findByOrganizationId,backend/booking-service/src/main/java/com/pml/booking/repository/PayoutRequestRepository.java,53,6,0,False,False,no,
booking-service,GAP,PayoutRequestRepository,findByOrganizationIdAndStatus,backend/booking-service/src/main/java/com/pml/booking/repository/PayoutRequestRepository.java,56,3,0,False,False,no,
booking-service,GAP,PayoutRequestRepository,findByOrganizerId,backend/booking-service/src/main/java/com/pml/booking/repository/PayoutRequestRepository.java,60,16,0,False,False,no,
booking-service,GAP,PayoutRequestRepository,findByEventId,backend/booking-service/src/main/java/com/pml/booking/repository/PayoutRequestRepository.java,62,44,2,False,False,no,
booking-service,GAP,PayoutRequestRepository,findByStatus,backend/booking-service/src/main/java/com/pml/booking/repository/PayoutRequestRepository.java,64,26,0,False,False,no,
booking-service,GAP,PayoutRequestRepository,findByOrganizerIdAndStatus,backend/booking-service/src/main/java/com/pml/booking/repository/PayoutRequestRepository.java,66,3,0,False,False,no,
booking-service,GAP,PayoutRequestRepository,findByEventIdAndStatus,backend/booking-service/src/main/java/com/pml/booking/repository/PayoutRequestRepository.java,68,4,0,False,False,no,
booking-service,GAP,PayoutRequestRepository,countByStatus,backend/booking-service/src/main/java/com/pml/booking/repository/PayoutRequestRepository.java,70,3,0,False,False,no,
booking-service,GAP,PayoutRequestRepository,calculateTotalCompletedPayouts,backend/booking-service/src/main/java/com/pml/booking/repository/PayoutRequestRepository.java,82,1,0,False,False,no,
booking-service,GAP,PayoutRequestRepository,countByReviewStatus,backend/booking-service/src/main/java/com/pml/booking/repository/PayoutRequestRepository.java,84,6,0,False,False,no,
booking-service,GAP,PayoutRequestRepository,countByIsStuckTrue,backend/booking-service/src/main/java/com/pml/booking/repository/PayoutRequestRepository.java,86,1,0,False,False,no,
booking-service,GAP,PayoutRequestRepository,countByIssueType,backend/booking-service/src/main/java/com/pml/booking/repository/PayoutRequestRepository.java,88,2,0,False,False,no,
booking-service,GAP,PayoutRequestRepository,countByIssueTypeAndResolutionTypeIsNull,backend/booking-service/src/main/java/com/pml/booking/repository/PayoutRequestRepository.java,90,1,0,False,False,no,
booking-service,GAP,PayoutRequestRepository,findByResolvedAtAfter,backend/booking-service/src/main/java/com/pml/booking/repository/PayoutRequestRepository.java,92,1,0,False,False,no,
booking-service,GAP,PayoutRequestRepository,countByResolvedAtAfter,backend/booking-service/src/main/java/com/pml/booking/repository/PayoutRequestRepository.java,94,1,0,False,False,no,
booking-service,GAP,PayoutRequestRepository,findByStatusAndRetryCountLessThan,backend/booking-service/src/main/java/com/pml/booking/repository/PayoutRequestRepository.java,96,1,0,False,False,no,
booking-service,GAP,PlatformAccountRepository,findByAccountType,backend/booking-service/src/main/java/com/pml/booking/repository/PlatformAccountRepository.java,68,7,0,False,False,no,
booking-service,GAP,PlatformAccountRepository,findByIsActiveTrue,backend/booking-service/src/main/java/com/pml/booking/repository/PlatformAccountRepository.java,79,2,0,False,False,no,
booking-service,GAP,PlatformSummaryRepository,aggregateEscrowSummary,backend/booking-service/src/main/java/com/pml/booking/repository/PlatformSummaryRepository.java,32,2,0,False,False,no,
booking-service,GAP,PlatformSummaryRepository,aggregateTransactionSummary,backend/booking-service/src/main/java/com/pml/booking/repository/PlatformSummaryRepository.java,41,2,0,False,False,no,
booking-service,GAP,PlatformSummaryRepository,aggregatePayoutSummary,backend/booking-service/src/main/java/com/pml/booking/repository/PlatformSummaryRepository.java,46,2,0,False,False,no,
booking-service,GAP,PlatformSummaryRepository,aggregateTicketSummary,backend/booking-service/src/main/java/com/pml/booking/repository/PlatformSummaryRepository.java,51,2,0,False,False,no,
booking-service,GAP,PromoCodeRepository,findByCodeIgnoreCase,backend/booking-service/src/main/java/com/pml/booking/repository/PromoCodeRepository.java,21,1,0,False,False,no,
booking-service,GAP,PromoCodeRepository,findByEventId,backend/booking-service/src/main/java/com/pml/booking/repository/PromoCodeRepository.java,26,44,2,False,False,no,
booking-service,GAP,PromoCodeRepository,findByOrganizerId,backend/booking-service/src/main/java/com/pml/booking/repository/PromoCodeRepository.java,31,16,0,False,False,no,
booking-service,GAP,PromoCodeRepository,existsByCodeIgnoreCase,backend/booking-service/src/main/java/com/pml/booking/repository/PromoCodeRepository.java,36,1,0,False,False,no,
booking-service,GAP,PromoCodeRepository,findByCodeIgnoreCaseAndEventId,backend/booking-service/src/main/java/com/pml/booking/repository/PromoCodeRepository.java,41,1,0,False,False,no,
booking-service,GAP,PromoCodeRepository,findByIdAndOrganizationIdIn,backend/booking-service/src/main/java/com/pml/booking/repository/PromoCodeRepository.java,43,5,1,False,False,no,
booking-service,GAP,PromoCodeRepository,findByCodeIgnoreCaseAndOrganizationIdIn,backend/booking-service/src/main/java/com/pml/booking/repository/PromoCodeRepository.java,45,1,0,False,False,no,
booking-service,GAP,PurchaseEscalationRepository,findByReservationId,backend/booking-service/src/main/java/com/pml/booking/repository/PurchaseEscalationRepository.java,14,13,0,False,False,no,
booking-service,GAP,ReconciliationRunRepository,findByReconciliationDateBetween,backend/booking-service/src/main/java/com/pml/booking/repository/ReconciliationRunRepository.java,103,1,0,False,False,no,
booking-service,GAP,ReconciliationRunRepository,findByTypeAndReconciliationDateBetween,backend/booking-service/src/main/java/com/pml/booking/repository/ReconciliationRunRepository.java,113,1,0,False,False,no,
booking-service,GAP,ReconciliationRunRepository,countByReconciliationDateAndType,backend/booking-service/src/main/java/com/pml/booking/repository/ReconciliationRunRepository.java,132,1,0,False,False,no,
booking-service,GAP,ReconciliationRunRepository,findByType,backend/booking-service/src/main/java/com/pml/booking/repository/ReconciliationRunRepository.java,63,4,0,False,False,no,
booking-service,GAP,ReconciliationRunRepository,findByStatus,backend/booking-service/src/main/java/com/pml/booking/repository/ReconciliationRunRepository.java,75,26,0,False,False,no,
booking-service,GAP,ReconciliationRunRepository,countByStatus,backend/booking-service/src/main/java/com/pml/booking/repository/ReconciliationRunRepository.java,83,3,0,False,False,no,
booking-service,GAP,ReconciliationRunRepository,findRequiringReview,backend/booking-service/src/main/java/com/pml/booking/repository/ReconciliationRunRepository.java,92,1,0,False,False,no,
booking-service,GAP,RefundRequestRepository,findByRequestId,backend/booking-service/src/main/java/com/pml/booking/repository/RefundRequestRepository.java,18,10,2,False,False,no,
booking-service,GAP,RefundRequestRepository,findByTicketId,backend/booking-service/src/main/java/com/pml/booking/repository/RefundRequestRepository.java,20,18,1,False,False,no,
booking-service,GAP,RefundRequestRepository,findByBuyerId,backend/booking-service/src/main/java/com/pml/booking/repository/RefundRequestRepository.java,22,8,0,False,False,no,
booking-service,GAP,RefundRequestRepository,findByEventId,backend/booking-service/src/main/java/com/pml/booking/repository/RefundRequestRepository.java,24,44,2,False,False,no,
booking-service,GAP,RefundRequestRepository,findByOrganizerId,backend/booking-service/src/main/java/com/pml/booking/repository/RefundRequestRepository.java,26,16,0,False,False,no,
booking-service,GAP,RefundRequestRepository,findByStatus,backend/booking-service/src/main/java/com/pml/booking/repository/RefundRequestRepository.java,28,26,0,False,False,no,
booking-service,GAP,RefundRequestRepository,findByRequestedAtBetween,backend/booking-service/src/main/java/com/pml/booking/repository/RefundRequestRepository.java,30,1,0,False,False,no,
booking-service,GAP,RefundRequestRepository,countByEventId,backend/booking-service/src/main/java/com/pml/booking/repository/RefundRequestRepository.java,32,2,0,False,False,no,
booking-service,GAP,RefundRequestRepository,countByStatus,backend/booking-service/src/main/java/com/pml/booking/repository/RefundRequestRepository.java,34,3,0,False,False,no,
booking-service,GAP,RefundRequestRepository,existsByTicketId,backend/booking-service/src/main/java/com/pml/booking/repository/RefundRequestRepository.java,36,1,0,False,False,no,
booking-service,GAP,RefundRequestRepository,findByPawaPayRefundId,backend/booking-service/src/main/java/com/pml/booking/repository/RefundRequestRepository.java,41,2,0,False,False,no,
booking-service,GAP,RefundRequestRepository,findByEventIdAndStatus,backend/booking-service/src/main/java/com/pml/booking/repository/RefundRequestRepository.java,46,4,0,False,False,no,
booking-service,GAP,StandaloneEscrowTransactionRepository,findByTicketId,backend/booking-service/src/main/java/com/pml/booking/repository/StandaloneEscrowTransactionRepository.java,105,18,1,False,False,no,
booking-service,GAP,StandaloneEscrowTransactionRepository,findByPaymentIntentId,backend/booking-service/src/main/java/com/pml/booking/repository/StandaloneEscrowTransactionRepository.java,115,3,0,False,False,no,
booking-service,GAP,StandaloneEscrowTransactionRepository,findByChargebackId,backend/booking-service/src/main/java/com/pml/booking/repository/StandaloneEscrowTransactionRepository.java,123,4,0,False,False,no,
booking-service,GAP,StandaloneEscrowTransactionRepository,findByJournalEntryId,backend/booking-service/src/main/java/com/pml/booking/repository/StandaloneEscrowTransactionRepository.java,133,1,0,False,False,no,
booking-service,GAP,StandaloneEscrowTransactionRepository,findByEscrowAccountIdAndTimestampBetween,backend/booking-service/src/main/java/com/pml/booking/repository/StandaloneEscrowTransactionRepository.java,143,1,0,False,False,no,
booking-service,GAP,StandaloneEscrowTransactionRepository,sumAmountByEscrowAccountIdAndType,backend/booking-service/src/main/java/com/pml/booking/repository/StandaloneEscrowTransactionRepository.java,177,2,0,False,False,no,
booking-service,GAP,StandaloneEscrowTransactionRepository,findByCategory,backend/booking-service/src/main/java/com/pml/booking/repository/StandaloneEscrowTransactionRepository.java,191,1,0,False,False,no,
booking-service,GAP,StandaloneEscrowTransactionRepository,findByJournalEntryIdIsNull,backend/booking-service/src/main/java/com/pml/booking/repository/StandaloneEscrowTransactionRepository.java,205,1,0,False,False,no,
booking-service,GAP,StandaloneEscrowTransactionRepository,findByEscrowAccountIdOrderByTimestampDesc,backend/booking-service/src/main/java/com/pml/booking/repository/StandaloneEscrowTransactionRepository.java,65,1,0,False,False,no,
booking-service,GAP,StandaloneEscrowTransactionRepository,findByEscrowAccountId,backend/booking-service/src/main/java/com/pml/booking/repository/StandaloneEscrowTransactionRepository.java,76,1,0,False,False,no,
booking-service,GAP,StandaloneEscrowTransactionRepository,findByEscrowAccountIdAndType,backend/booking-service/src/main/java/com/pml/booking/repository/StandaloneEscrowTransactionRepository.java,88,1,0,False,False,no,
booking-service,GAP,TicketRepository,countByEventIdAndStatusIn,backend/booking-service/src/main/java/com/pml/booking/repository/TicketRepository.java,103,10,0,False,False,no,
booking-service,GAP,TicketRepository,countByBuyerIdAndStatusIn,backend/booking-service/src/main/java/com/pml/booking/repository/TicketRepository.java,109,2,0,False,False,no,
booking-service,GAP,TicketRepository,calculateRevenueByEventId,backend/booking-service/src/main/java/com/pml/booking/repository/TicketRepository.java,134,2,0,False,False,no,
booking-service,GAP,TicketRepository,calculateTotalSpentByBuyerId,backend/booking-service/src/main/java/com/pml/booking/repository/TicketRepository.java,150,2,0,False,False,no,
booking-service,GAP,TicketRepository,findByIdAndBuyerId,backend/booking-service/src/main/java/com/pml/booking/repository/TicketRepository.java,152,1,0,False,False,no,
booking-service,GAP,TicketRepository,findByTicketNumberAndBuyerId,backend/booking-service/src/main/java/com/pml/booking/repository/TicketRepository.java,154,1,0,False,False,no,
booking-service,GAP,TicketRepository,findByIdAndOrganizationIdIn,backend/booking-service/src/main/java/com/pml/booking/repository/TicketRepository.java,156,5,1,False,False,no,
booking-service,GAP,TicketRepository,findByTicketNumberAndOrganizationIdIn,backend/booking-service/src/main/java/com/pml/booking/repository/TicketRepository.java,158,1,0,False,False,no,
booking-service,GAP,TicketRepository,findByTicketNumber,backend/booking-service/src/main/java/com/pml/booking/repository/TicketRepository.java,40,8,0,False,False,no,
booking-service,GAP,TicketRepository,findByEventId,backend/booking-service/src/main/java/com/pml/booking/repository/TicketRepository.java,42,44,2,False,False,no,
booking-service,GAP,TicketRepository,findByBuyerId,backend/booking-service/src/main/java/com/pml/booking/repository/TicketRepository.java,44,8,0,False,False,no,
booking-service,GAP,TicketRepository,findByCorrelationId,backend/booking-service/src/main/java/com/pml/booking/repository/TicketRepository.java,46,5,0,False,False,no,
booking-service,GAP,TicketRepository,findByReservationId,backend/booking-service/src/main/java/com/pml/booking/repository/TicketRepository.java,55,13,0,False,False,no,
booking-service,GAP,TicketRepository,findByBuyerIdAndStatus,backend/booking-service/src/main/java/com/pml/booking/repository/TicketRepository.java,61,3,0,False,False,no,
booking-service,GAP,TicketRepository,findByEventIdAndStatus,backend/booking-service/src/main/java/com/pml/booking/repository/TicketRepository.java,63,4,0,False,False,no,
booking-service,GAP,TicketRepository,findByStatus,backend/booking-service/src/main/java/com/pml/booking/repository/TicketRepository.java,65,26,0,False,False,no,
booking-service,GAP,TicketRepository,findByOrganizerId,backend/booking-service/src/main/java/com/pml/booking/repository/TicketRepository.java,71,16,0,False,False,no,
booking-service,GAP,TicketRepository,findByEventIdAndStatusIn,backend/booking-service/src/main/java/com/pml/booking/repository/TicketRepository.java,77,1,0,False,False,no,
booking-service,GAP,TicketRepository,countByEventId,backend/booking-service/src/main/java/com/pml/booking/repository/TicketRepository.java,83,2,0,False,False,no,
booking-service,GAP,TicketRepository,countByEventIdAndOrganizerId,backend/booking-service/src/main/java/com/pml/booking/repository/TicketRepository.java,93,4,0,False,False,no,
booking-service,GAP,TicketRepository,countByBuyerId,backend/booking-service/src/main/java/com/pml/booking/repository/TicketRepository.java,95,2,0,False,False,no,
booking-service,GAP,TicketRepository,countByEventIdAndStatus,backend/booking-service/src/main/java/com/pml/booking/repository/TicketRepository.java,97,1,0,False,False,no,
booking-service,GAP,TicketReservationRepository,findByUserIdAndStatus,backend/booking-service/src/main/java/com/pml/booking/repository/TicketReservationRepository.java,23,2,1,False,False,no,
booking-service,GAP,TicketReservationRepository,findByEventIdAndStatus,backend/booking-service/src/main/java/com/pml/booking/repository/TicketReservationRepository.java,28,4,0,False,False,no,
booking-service,GAP,TicketReservationRepository,findByStatusAndExpiresAtBefore,backend/booking-service/src/main/java/com/pml/booking/repository/TicketReservationRepository.java,34,1,0,False,False,no,
booking-service,GAP,TicketReservationRepository,countByEventIdAndStatus,backend/booking-service/src/main/java/com/pml/booking/repository/TicketReservationRepository.java,40,1,0,False,False,no,
booking-service,GAP,TicketReservationRepository,findByEventId,backend/booking-service/src/main/java/com/pml/booking/repository/TicketReservationRepository.java,45,44,2,False,False,no,
booking-service,GAP,TicketReservationRepository,findByEventIdAndStatusAndExpiresAtBefore,backend/booking-service/src/main/java/com/pml/booking/repository/TicketReservationRepository.java,50,1,0,False,False,no,
booking-service,GAP,TicketReservationRepository,findByStatus,backend/booking-service/src/main/java/com/pml/booking/repository/TicketReservationRepository.java,54,26,0,False,False,no,
booking-service,GAP,TicketReservationRepository,findByIdempotencyKey,backend/booking-service/src/main/java/com/pml/booking/repository/TicketReservationRepository.java,63,4,1,False,False,no,
booking-service,GAP,TicketReservationRepository,findActiveByUserId,backend/booking-service/src/main/java/com/pml/booking/repository/TicketReservationRepository.java,68,2,0,False,False,no,
booking-service,GAP,AggregationResult,empty,backend/booking-service/src/main/java/com/pml/booking/repository/dto/AggregationResult.java,49,81,35,False,False,no,
booking-service,GAP,EscrowSummaryResult,empty,backend/booking-service/src/main/java/com/pml/booking/repository/dto/EscrowSummaryResult.java,32,81,35,False,False,no,
booking-service,GAP,PayoutSummaryResult,empty,backend/booking-service/src/main/java/com/pml/booking/repository/dto/PayoutSummaryResult.java,17,81,35,False,False,no,
booking-service,GAP,TicketSummaryResult,empty,backend/booking-service/src/main/java/com/pml/booking/repository/dto/TicketSummaryResult.java,22,81,35,False,False,no,
booking-service,GAP,TransactionSummaryResult,empty,backend/booking-service/src/main/java/com/pml/booking/repository/dto/TransactionSummaryResult.java,22,81,35,False,False,no,
booking-service,GAP,PlatformSummaryRepositoryImpl,aggregateTransactionSummary,backend/booking-service/src/main/java/com/pml/booking/repository/impl/PlatformSummaryRepositoryImpl.java,125,2,0,False,False,no,
booking-service,GAP,PlatformSummaryRepositoryImpl,aggregatePayoutSummary,backend/booking-service/src/main/java/com/pml/booking/repository/impl/PlatformSummaryRepositoryImpl.java,157,2,0,False,False,no,
booking-service,GAP,PlatformSummaryRepositoryImpl,aggregateTicketSummary,backend/booking-service/src/main/java/com/pml/booking/repository/impl/PlatformSummaryRepositoryImpl.java,186,2,0,False,False,no,
booking-service,GAP,PlatformSummaryRepositoryImpl,parseEscrowSummary,backend/booking-service/src/main/java/com/pml/booking/repository/impl/PlatformSummaryRepositoryImpl.java,218,1,0,False,False,no,
booking-service,GAP,PlatformSummaryRepositoryImpl,parseTransactionSummary,backend/booking-service/src/main/java/com/pml/booking/repository/impl/PlatformSummaryRepositoryImpl.java,269,1,0,False,False,no,
booking-service,GAP,PlatformSummaryRepositoryImpl,parsePayoutSummary,backend/booking-service/src/main/java/com/pml/booking/repository/impl/PlatformSummaryRepositoryImpl.java,303,1,0,False,False,no,
booking-service,GAP,PlatformSummaryRepositoryImpl,parseTicketSummary,backend/booking-service/src/main/java/com/pml/booking/repository/impl/PlatformSummaryRepositoryImpl.java,334,1,0,False,False,no,
booking-service,GAP,PlatformSummaryRepositoryImpl,toBigDecimal,backend/booking-service/src/main/java/com/pml/booking/repository/impl/PlatformSummaryRepositoryImpl.java,365,17,0,False,False,no,
booking-service,GAP,PlatformSummaryRepositoryImpl,aggregateEscrowSummary,backend/booking-service/src/main/java/com/pml/booking/repository/impl/PlatformSummaryRepositoryImpl.java,61,2,0,False,False,no,
booking-service,GAP,EventSecurityService,extractUserId,backend/booking-service/src/main/java/com/pml/booking/security/EventSecurityService.java,144,7,0,False,False,no,
booking-service,GAP,TenantAccessDeniedException,requireAccess,backend/booking-service/src/main/java/com/pml/booking/security/TenantAccessGuard.java,58,1,0,False,False,no,
booking-service,GAP,TicketSecurityService,extractUserId,backend/booking-service/src/main/java/com/pml/booking/security/TicketSecurityService.java,63,7,0,False,False,no,
booking-service,GAP,AccountingService,recordRefund,backend/booking-service/src/main/java/com/pml/booking/service/AccountingService.java,117,1,0,False,False,no,
booking-service,GAP,AccountingService,recordPayout,backend/booking-service/src/main/java/com/pml/booking/service/AccountingService.java,154,1,3,False,False,no,
booking-service,GAP,AccountingService,recordPayoutDisbursement,backend/booking-service/src/main/java/com/pml/booking/service/AccountingService.java,178,1,2,False,False,no,
booking-service,GAP,AccountingService,recordVerificationDeposit,backend/booking-service/src/main/java/com/pml/booking/service/AccountingService.java,189,1,0,False,False,no,
booking-service,GAP,AccountingService,reverseVerificationDeposit,backend/booking-service/src/main/java/com/pml/booking/service/AccountingService.java,195,1,0,False,False,no,
booking-service,GAP,AccountingService,recordPayoutReversal,backend/booking-service/src/main/java/com/pml/booking/service/AccountingService.java,203,1,2,False,False,no,
booking-service,GAP,AccountingService,recordCommissionClawback,backend/booking-service/src/main/java/com/pml/booking/service/AccountingService.java,228,1,0,False,False,no,
booking-service,GAP,AccountingService,recordRefundDisbursement,backend/booking-service/src/main/java/com/pml/booking/service/AccountingService.java,273,1,0,False,False,no,
booking-service,GAP,AccountingService,recordChargebackReceived,backend/booking-service/src/main/java/com/pml/booking/service/AccountingService.java,335,1,0,False,False,no,
booking-service,GAP,AccountingService,recordChargeback,backend/booking-service/src/main/java/com/pml/booking/service/AccountingService.java,398,3,0,False,False,no,
booking-service,GAP,AccountingService,getAccountBalance,backend/booking-service/src/main/java/com/pml/booking/service/AccountingService.java,455,4,0,False,False,no,
booking-service,GAP,AccountingService,getAccountBalanceAsOf,backend/booking-service/src/main/java/com/pml/booking/service/AccountingService.java,464,1,0,False,False,no,
booking-service,GAP,AccountingService,recordTicketSale,backend/booking-service/src/main/java/com/pml/booking/service/AccountingService.java,83,1,0,False,False,no,
booking-service,GAP,BankAccountService,delete,backend/booking-service/src/main/java/com/pml/booking/service/BankAccountService.java,102,2,1,False,False,no,
booking-service,GAP,BankAccountService,findByOrganizerId,backend/booking-service/src/main/java/com/pml/booking/service/BankAccountService.java,43,16,0,False,False,no,
booking-service,GAP,BankAccountService,findById,backend/booking-service/src/main/java/com/pml/booking/service/BankAccountService.java,52,115,18,False,False,no,
booking-service,GAP,BankAccountService,findDefaultByOrganizerId,backend/booking-service/src/main/java/com/pml/booking/service/BankAccountService.java,61,1,0,False,False,no,
booking-service,GAP,BankAccountService,update,backend/booking-service/src/main/java/com/pml/booking/service/BankAccountService.java,83,5,1,False,False,no,
booking-service,GAP,BankAccountService,setAsDefault,backend/booking-service/src/main/java/com/pml/booking/service/BankAccountService.java,93,1,0,False,False,no,
booking-service,GAP,BankVerificationService,view,backend/booking-service/src/main/java/com/pml/booking/service/BankVerificationService.java,108,25,29,False,False,no,
booking-service,GAP,BankVerificationService,prepare,backend/booking-service/src/main/java/com/pml/booking/service/BankVerificationService.java,35,2,1,False,False,no,
booking-service,GAP,BankVerificationService,confirm,backend/booking-service/src/main/java/com/pml/booking/service/BankVerificationService.java,50,4,17,False,False,no,
booking-service,GAP,BankVerificationService,unlock,backend/booking-service/src/main/java/com/pml/booking/service/BankVerificationService.java,81,2,1,False,False,no,
booking-service,GAP,BankVerificationService,expire,backend/booking-service/src/main/java/com/pml/booking/service/BankVerificationService.java,90,4,1,False,False,no,
booking-service,GAP,CatalogLifecycleService,onEventPublished,backend/booking-service/src/main/java/com/pml/booking/service/CatalogLifecycleService.java,39,1,0,False,False,no,
booking-service,GAP,CatalogLifecycleService,onEventRescheduled,backend/booking-service/src/main/java/com/pml/booking/service/CatalogLifecycleService.java,52,1,0,False,False,no,
booking-service,GAP,DisputeEvidence,recordWin,backend/booking-service/src/main/java/com/pml/booking/service/ChargebackService.java,190,3,1,False,False,no,
booking-service,GAP,DisputeEvidence,recordLoss,backend/booking-service/src/main/java/com/pml/booking/service/ChargebackService.java,203,3,1,False,False,no,
booking-service,GAP,DisputeEvidence,startRecovery,backend/booking-service/src/main/java/com/pml/booking/service/ChargebackService.java,223,5,0,False,False,no,
booking-service,GAP,DisputeEvidence,recordRecovery,backend/booking-service/src/main/java/com/pml/booking/service/ChargebackService.java,236,4,0,False,False,no,
booking-service,GAP,DisputeEvidence,writeOff,backend/booking-service/src/main/java/com/pml/booking/service/ChargebackService.java,255,2,0,False,False,no,
booking-service,GAP,DisputeEvidence,findAll,backend/booking-service/src/main/java/com/pml/booking/service/ChargebackService.java,271,35,5,False,False,no,
booking-service,GAP,DisputeEvidence,findById,backend/booking-service/src/main/java/com/pml/booking/service/ChargebackService.java,279,115,18,False,False,no,
booking-service,GAP,DisputeEvidence,findByChargebackId,backend/booking-service/src/main/java/com/pml/booking/service/ChargebackService.java,287,4,0,False,False,no,
booking-service,GAP,DisputeEvidence,findByOrganizerId,backend/booking-service/src/main/java/com/pml/booking/service/ChargebackService.java,295,16,0,False,False,no,
booking-service,GAP,DisputeEvidence,findByEventId,backend/booking-service/src/main/java/com/pml/booking/service/ChargebackService.java,303,44,2,False,False,no,
booking-service,GAP,DisputeEvidence,findByStatus,backend/booking-service/src/main/java/com/pml/booking/service/ChargebackService.java,311,26,0,False,False,no,
booking-service,GAP,DisputeEvidence,findByRecoveryStatus,backend/booking-service/src/main/java/com/pml/booking/service/ChargebackService.java,319,1,0,False,False,no,
booking-service,GAP,DisputeEvidence,findPendingRecovery,backend/booking-service/src/main/java/com/pml/booking/service/ChargebackService.java,333,2,0,False,False,no,
booking-service,GAP,DisputeEvidence,getOrganizerStats,backend/booking-service/src/main/java/com/pml/booking/service/ChargebackService.java,345,1,0,False,False,no,
booking-service,GAP,ChartOfAccountsService,updateAccount,backend/booking-service/src/main/java/com/pml/booking/service/ChartOfAccountsService.java,120,1,0,False,False,no,
booking-service,GAP,ChartOfAccountsService,deactivateAccount,backend/booking-service/src/main/java/com/pml/booking/service/ChartOfAccountsService.java,139,1,0,False,False,no,
booking-service,GAP,ChartOfAccountsService,findByAccountCode,backend/booking-service/src/main/java/com/pml/booking/service/ChartOfAccountsService.java,151,12,0,False,False,no,
booking-service,GAP,ChartOfAccountsService,findByAccountType,backend/booking-service/src/main/java/com/pml/booking/service/ChartOfAccountsService.java,159,7,0,False,False,no,
booking-service,GAP,ChartOfAccountsService,findBySubType,backend/booking-service/src/main/java/com/pml/booking/service/ChartOfAccountsService.java,167,1,0,False,False,no,
booking-service,GAP,ChartOfAccountsService,findByParentAccountCode,backend/booking-service/src/main/java/com/pml/booking/service/ChartOfAccountsService.java,175,2,0,False,False,no,
booking-service,GAP,ChartOfAccountsService,findAllActive,backend/booking-service/src/main/java/com/pml/booking/service/ChartOfAccountsService.java,182,2,0,False,False,no,
booking-service,GAP,ChartOfAccountsService,findAll,backend/booking-service/src/main/java/com/pml/booking/service/ChartOfAccountsService.java,189,35,5,False,False,no,
booking-service,GAP,ChartOfAccountsService,validateAccountCode,backend/booking-service/src/main/java/com/pml/booking/service/ChartOfAccountsService.java,203,2,0,False,False,no,
booking-service,GAP,ChartOfAccountsService,validateAccountCodes,backend/booking-service/src/main/java/com/pml/booking/service/ChartOfAccountsService.java,211,2,0,False,False,no,
booking-service,GAP,ChartOfAccountsService,existsByAccountCode,backend/booking-service/src/main/java/com/pml/booking/service/ChartOfAccountsService.java,219,4,0,False,False,no,
booking-service,GAP,ChartOfAccountsService,seedStandardAccounts,backend/booking-service/src/main/java/com/pml/booking/service/ChartOfAccountsService.java,233,2,0,False,False,no,
booking-service,GAP,ChartOfAccountsService,createAccount,backend/booking-service/src/main/java/com/pml/booking/service/ChartOfAccountsService.java,90,1,0,False,False,no,
booking-service,GAP,Summary,scan,backend/booking-service/src/main/java/com/pml/booking/service/CheckInService.java,115,2,18,False,False,no,
booking-service,GAP,Summary,summary,backend/booking-service/src/main/java/com/pml/booking/service/CheckInService.java,133,1,0,False,False,no,
booking-service,GAP,Summary,conflicts,backend/booking-service/src/main/java/com/pml/booking/service/CheckInService.java,138,5,0,False,True,no,
booking-service,GAP,Summary,countConflicts,backend/booking-service/src/main/java/com/pml/booking/service/CheckInService.java,140,1,0,False,False,no,
booking-service,GAP,Summary,findConflict,backend/booking-service/src/main/java/com/pml/booking/service/CheckInService.java,143,1,0,False,False,no,
booking-service,GAP,CommissionService,clawbackEarnedCommission,backend/booking-service/src/main/java/com/pml/booking/service/CommissionService.java,100,1,0,False,False,no,
booking-service,GAP,CommissionService,reinstatePendingCommission,backend/booking-service/src/main/java/com/pml/booking/service/CommissionService.java,115,1,0,False,False,no,
booking-service,GAP,CommissionService,findByTicketId,backend/booking-service/src/main/java/com/pml/booking/service/CommissionService.java,123,18,1,False,False,no,
booking-service,GAP,CommissionService,findByEventId,backend/booking-service/src/main/java/com/pml/booking/service/CommissionService.java,128,44,2,False,False,no,
booking-service,GAP,CommissionService,findByEventIdAndStatus,backend/booking-service/src/main/java/com/pml/booking/service/CommissionService.java,133,4,0,False,False,no,
booking-service,GAP,CommissionService,findByOrganizerId,backend/booking-service/src/main/java/com/pml/booking/service/CommissionService.java,141,16,0,False,False,no,
booking-service,GAP,CommissionService,calculateCommission,backend/booking-service/src/main/java/com/pml/booking/service/CommissionService.java,38,2,1,False,False,no,
booking-service,GAP,CommissionService,calculateNetAmount,backend/booking-service/src/main/java/com/pml/booking/service/CommissionService.java,46,1,1,False,False,no,
booking-service,GAP,CommissionService,createPendingCommission,backend/booking-service/src/main/java/com/pml/booking/service/CommissionService.java,59,1,1,False,False,no,
booking-service,GAP,CommissionService,markEventCommissionsEarned,backend/booking-service/src/main/java/com/pml/booking/service/CommissionService.java,74,1,0,False,False,no,
booking-service,GAP,CommissionService,cancelPendingCommission,backend/booking-service/src/main/java/com/pml/booking/service/CommissionService.java,85,1,0,False,False,no,
booking-service,GAP,EscrowService,lockEscrow,backend/booking-service/src/main/java/com/pml/booking/service/EscrowService.java,108,1,0,False,False,no,
booking-service,GAP,EscrowService,cancelEscrow,backend/booking-service/src/main/java/com/pml/booking/service/EscrowService.java,126,1,0,False,False,no,
booking-service,GAP,EscrowService,findById,backend/booking-service/src/main/java/com/pml/booking/service/EscrowService.java,173,115,18,False,False,no,
booking-service,GAP,EscrowService,findByEventId,backend/booking-service/src/main/java/com/pml/booking/service/EscrowService.java,178,44,2,False,False,no,
booking-service,GAP,EscrowService,findByAccountNumber,backend/booking-service/src/main/java/com/pml/booking/service/EscrowService.java,183,5,0,False,False,no,
booking-service,GAP,EscrowService,findByOrganizationId,backend/booking-service/src/main/java/com/pml/booking/service/EscrowService.java,195,6,0,False,False,no,
booking-service,GAP,EscrowService,findByOrganizerId,backend/booking-service/src/main/java/com/pml/booking/service/EscrowService.java,199,16,0,False,False,no,
booking-service,GAP,EscrowService,findPayoutEligibleByOrganizerId,backend/booking-service/src/main/java/com/pml/booking/service/EscrowService.java,203,1,0,False,False,no,
booking-service,GAP,EscrowService,updateExpectedLockDate,backend/booking-service/src/main/java/com/pml/booking/service/EscrowService.java,224,2,0,False,False,no,
booking-service,GAP,EscrowService,findAll,backend/booking-service/src/main/java/com/pml/booking/service/EscrowService.java,233,35,5,False,False,no,
booking-service,GAP,EscrowService,countByStatus,backend/booking-service/src/main/java/com/pml/booking/service/EscrowService.java,238,3,0,False,False,no,
booking-service,GAP,EscrowService,findByOrganizationIdIn,backend/booking-service/src/main/java/com/pml/booking/service/EscrowService.java,265,4,1,False,False,no,
booking-service,GAP,EscrowService,openEscrowForPublishedEvent,backend/booking-service/src/main/java/com/pml/booking/service/EscrowService.java,46,1,0,False,False,no,
booking-service,GAP,EscrowService,creditEscrow,backend/booking-service/src/main/java/com/pml/booking/service/EscrowService.java,59,2,0,False,False,no,
booking-service,GAP,EscrowService,debitForRefund,backend/booking-service/src/main/java/com/pml/booking/service/EscrowService.java,77,2,0,False,False,no,
booking-service,GAP,EscrowService,debitForPayout,backend/booking-service/src/main/java/com/pml/booking/service/EscrowService.java,94,2,0,False,False,no,
booking-service,GAP,EscrowTransactionService,findByJournalEntryId,backend/booking-service/src/main/java/com/pml/booking/service/EscrowTransactionService.java,104,1,0,False,False,no,
booking-service,GAP,EscrowTransactionService,calculateBalance,backend/booking-service/src/main/java/com/pml/booking/service/EscrowTransactionService.java,118,2,0,False,False,no,
booking-service,GAP,EscrowTransactionService,calculateBalanceAsOf,backend/booking-service/src/main/java/com/pml/booking/service/EscrowTransactionService.java,127,1,0,False,False,no,
booking-service,GAP,EscrowTransactionService,sumCredits,backend/booking-service/src/main/java/com/pml/booking/service/EscrowTransactionService.java,135,1,0,False,False,no,
booking-service,GAP,EscrowTransactionService,sumDebits,backend/booking-service/src/main/java/com/pml/booking/service/EscrowTransactionService.java,143,1,0,False,False,no,
booking-service,GAP,EscrowTransactionService,findUnlinkedTransactions,backend/booking-service/src/main/java/com/pml/booking/service/EscrowTransactionService.java,157,1,0,False,False,no,
booking-service,GAP,EscrowTransactionService,findById,backend/booking-service/src/main/java/com/pml/booking/service/EscrowTransactionService.java,56,115,18,False,False,no,
booking-service,GAP,EscrowTransactionService,findByEscrowAccountId,backend/booking-service/src/main/java/com/pml/booking/service/EscrowTransactionService.java,64,1,0,False,False,no,
booking-service,GAP,EscrowTransactionService,findByCategory,backend/booking-service/src/main/java/com/pml/booking/service/EscrowTransactionService.java,72,1,0,False,False,no,
booking-service,GAP,EscrowTransactionService,findByType,backend/booking-service/src/main/java/com/pml/booking/service/EscrowTransactionService.java,80,4,0,False,False,no,
booking-service,GAP,EscrowTransactionService,findByTicketId,backend/booking-service/src/main/java/com/pml/booking/service/EscrowTransactionService.java,88,18,1,False,False,no,
booking-service,GAP,EscrowTransactionService,findByPaymentIntentId,backend/booking-service/src/main/java/com/pml/booking/service/EscrowTransactionService.java,96,3,0,False,False,no,
booking-service,GAP,Escalation,escalate,backend/booking-service/src/main/java/com/pml/booking/service/FinanceEscalations.java,36,4,3,False,False,no,
booking-service,GAP,FinancialReportService,getTransactionStats,backend/booking-service/src/main/java/com/pml/booking/service/FinancialReportService.java,21,1,0,False,False,no,
booking-service,GAP,FinancialReportService,generateFinancialReport,backend/booking-service/src/main/java/com/pml/booking/service/FinancialReportService.java,29,2,0,False,False,no,
booking-service,GAP,JournalService,createAndPostEntry,backend/booking-service/src/main/java/com/pml/booking/service/JournalService.java,104,11,0,False,False,no,
booking-service,GAP,JournalService,postEntry,backend/booking-service/src/main/java/com/pml/booking/service/JournalService.java,139,2,0,False,False,no,
booking-service,GAP,JournalService,reverseEntry,backend/booking-service/src/main/java/com/pml/booking/service/JournalService.java,162,2,0,False,False,no,
booking-service,GAP,JournalService,findById,backend/booking-service/src/main/java/com/pml/booking/service/JournalService.java,174,115,18,False,False,no,
booking-service,GAP,JournalService,findByEntryNumber,backend/booking-service/src/main/java/com/pml/booking/service/JournalService.java,182,2,0,False,False,no,
booking-service,GAP,JournalService,findAll,backend/booking-service/src/main/java/com/pml/booking/service/JournalService.java,189,35,5,False,False,no,
booking-service,GAP,JournalService,findByCorrelationId,backend/booking-service/src/main/java/com/pml/booking/service/JournalService.java,199,5,0,False,False,no,
booking-service,GAP,JournalService,findByDateRange,backend/booking-service/src/main/java/com/pml/booking/service/JournalService.java,208,2,0,False,False,no,
booking-service,GAP,JournalService,findByStatus,backend/booking-service/src/main/java/com/pml/booking/service/JournalService.java,216,26,0,False,False,no,
booking-service,GAP,JournalService,findByAccountCode,backend/booking-service/src/main/java/com/pml/booking/service/JournalService.java,224,12,0,False,False,no,
booking-service,GAP,JournalService,findByAccountCodeAndDateRange,backend/booking-service/src/main/java/com/pml/booking/service/JournalService.java,234,1,0,False,False,no,
booking-service,GAP,JournalService,generateEntryNumber,backend/booking-service/src/main/java/com/pml/booking/service/JournalService.java,253,2,0,False,False,no,
booking-service,GAP,JournalService,validateEntry,backend/booking-service/src/main/java/com/pml/booking/service/JournalService.java,272,1,0,False,False,no,
booking-service,GAP,JournalService,createEntry,backend/booking-service/src/main/java/com/pml/booking/service/JournalService.java,78,2,0,False,False,no,
booking-service,GAP,LiveDashboardService,getEventLiveDashboard,backend/booking-service/src/main/java/com/pml/booking/service/LiveDashboardService.java,35,1,0,False,False,no,
booking-service,GAP,NotificationService,sendReconciliationAlert,backend/booking-service/src/main/java/com/pml/booking/service/NotificationService.java,105,1,0,False,False,no,
booking-service,GAP,NotificationService,sendEmail,backend/booking-service/src/main/java/com/pml/booking/service/NotificationService.java,123,3,3,False,False,no,
booking-service,GAP,NotificationService,sendSlackMessage,backend/booking-service/src/main/java/com/pml/booking/service/NotificationService.java,132,2,0,False,False,no,
booking-service,GAP,NotificationService,sendOrganizerNotification,backend/booking-service/src/main/java/com/pml/booking/service/NotificationService.java,45,3,0,False,False,no,
booking-service,GAP,NotificationService,sendOrganizerNotification,backend/booking-service/src/main/java/com/pml/booking/service/NotificationService.java,60,3,0,False,False,no,
booking-service,GAP,NotificationService,sendAdminAlert,backend/booking-service/src/main/java/com/pml/booking/service/NotificationService.java,79,4,3,False,False,no,
booking-service,GAP,NotificationService,sendAdminAlert,backend/booking-service/src/main/java/com/pml/booking/service/NotificationService.java,92,4,3,False,False,no,
booking-service,GAP,OrganizerDashboardService,getRevenueSeries,backend/booking-service/src/main/java/com/pml/booking/service/OrganizerDashboardService.java,124,1,0,False,False,no,
booking-service,GAP,OrganizerDashboardService,getTicketMix,backend/booking-service/src/main/java/com/pml/booking/service/OrganizerDashboardService.java,132,1,0,False,False,no,
booking-service,GAP,OrganizerDashboardService,getCheckInRate,backend/booking-service/src/main/java/com/pml/booking/service/OrganizerDashboardService.java,140,1,0,False,False,no,
booking-service,GAP,OrganizerDashboardService,getPayoutWindow,backend/booking-service/src/main/java/com/pml/booking/service/OrganizerDashboardService.java,148,1,0,False,False,no,
booking-service,GAP,OrganizerDashboardService,getPayoutSources,backend/booking-service/src/main/java/com/pml/booking/service/OrganizerDashboardService.java,159,1,0,False,False,no,
booking-service,GAP,OrganizerDashboardService,getDashboardStats,backend/booking-service/src/main/java/com/pml/booking/service/OrganizerDashboardService.java,46,1,0,False,False,no,
booking-service,GAP,OrganizerDashboardService,getFinanceOverview,backend/booking-service/src/main/java/com/pml/booking/service/OrganizerDashboardService.java,59,1,0,False,False,no,
booking-service,GAP,OrganizerDashboardService,getRecentActivity,backend/booking-service/src/main/java/com/pml/booking/service/OrganizerDashboardService.java,72,1,0,False,False,no,
booking-service,GAP,OrganizerDashboardService,getUpcomingEvents,backend/booking-service/src/main/java/com/pml/booking/service/OrganizerDashboardService.java,85,1,0,False,False,no,
booking-service,GAP,OrganizerDashboardService,getTransactions,backend/booking-service/src/main/java/com/pml/booking/service/OrganizerDashboardService.java,99,9,2,False,False,no,
booking-service,GAP,PaymentAttemptRecorder,beforeCollect,backend/booking-service/src/main/java/com/pml/booking/service/PaymentAttemptRecorder.java,24,1,2,False,False,no,
booking-service,GAP,PaymentAttemptRecorder,afterCollect,backend/booking-service/src/main/java/com/pml/booking/service/PaymentAttemptRecorder.java,27,1,0,False,False,no,
booking-service,GAP,CallOutcome,beforeCall,backend/booking-service/src/main/java/com/pml/booking/service/PaymentAttemptRecorder.java,48,3,6,False,False,no,
booking-service,GAP,CallOutcome,afterCall,backend/booking-service/src/main/java/com/pml/booking/service/PaymentAttemptRecorder.java,54,3,4,False,False,no,
booking-service,GAP,PaymentAttemptService,findById,backend/booking-service/src/main/java/com/pml/booking/service/PaymentAttemptService.java,20,115,18,False,False,no,
booking-service,GAP,PaymentAttemptService,findByDepositId,backend/booking-service/src/main/java/com/pml/booking/service/PaymentAttemptService.java,23,8,1,False,False,no,
booking-service,GAP,PaymentAttemptService,findByPaymentIntentId,backend/booking-service/src/main/java/com/pml/booking/service/PaymentAttemptService.java,26,3,0,False,False,no,
booking-service,GAP,PaymentAttemptService,findByAttemptNumber,backend/booking-service/src/main/java/com/pml/booking/service/PaymentAttemptService.java,29,2,0,False,False,no,
booking-service,GAP,PaymentAttemptService,findByReservationId,backend/booking-service/src/main/java/com/pml/booking/service/PaymentAttemptService.java,32,13,0,False,False,no,
booking-service,GAP,PaymentAttemptService,findLatestByReservationId,backend/booking-service/src/main/java/com/pml/booking/service/PaymentAttemptService.java,34,1,0,False,False,no,
booking-service,GAP,PaymentAttemptService,findSuccessfulByReservationId,backend/booking-service/src/main/java/com/pml/booking/service/PaymentAttemptService.java,37,1,0,False,False,no,
booking-service,GAP,PaymentAttemptService,findByBuyerId,backend/booking-service/src/main/java/com/pml/booking/service/PaymentAttemptService.java,40,8,0,False,False,no,
booking-service,GAP,PaymentAttemptService,findByEventId,backend/booking-service/src/main/java/com/pml/booking/service/PaymentAttemptService.java,42,44,2,False,False,no,
booking-service,GAP,PaymentAttemptService,findByStatus,backend/booking-service/src/main/java/com/pml/booking/service/PaymentAttemptService.java,44,26,0,False,False,no,
booking-service,GAP,PaymentAttemptService,findConfirmedUnfulfilled,backend/booking-service/src/main/java/com/pml/booking/service/PaymentAttemptService.java,47,1,0,False,False,no,
booking-service,GAP,PaymentAttemptService,addNote,backend/booking-service/src/main/java/com/pml/booking/service/PaymentAttemptService.java,52,3,0,False,False,no,
booking-service,GAP,PaymentAttemptService,setReviewStatus,backend/booking-service/src/main/java/com/pml/booking/service/PaymentAttemptService.java,58,2,0,False,False,no,
booking-service,GAP,PaymentAttemptService,countByStatus,backend/booking-service/src/main/java/com/pml/booking/service/PaymentAttemptService.java,60,3,0,False,False,no,
booking-service,GAP,PaymentAttemptService,countByEventIdAndStatus,backend/booking-service/src/main/java/com/pml/booking/service/PaymentAttemptService.java,62,1,0,False,False,no,
booking-service,GAP,UnknownDeposit,verifyAndApply,backend/booking-service/src/main/java/com/pml/booking/service/PaymentOutcomeService.java,114,3,10,False,False,no,
booking-service,GAP,UnknownDeposit,verdictOf,backend/booking-service/src/main/java/com/pml/booking/service/PaymentOutcomeService.java,141,4,8,False,False,no,
booking-service,GAP,UnknownDeposit,resume,backend/booking-service/src/main/java/com/pml/booking/service/PaymentOutcomeService.java,223,1,3,False,False,no,
booking-service,GAP,UnknownDeposit,drive,backend/booking-service/src/main/java/com/pml/booking/service/PaymentOutcomeService.java,239,2,0,False,False,no,
booking-service,GAP,UnknownDeposit,isLateArrival,backend/booking-service/src/main/java/com/pml/booking/service/PaymentOutcomeService.java,266,1,0,False,False,no,
booking-service,GAP,UnknownDeposit,escalateLateArrival,backend/booking-service/src/main/java/com/pml/booking/service/PaymentOutcomeService.java,276,1,0,False,False,no,
booking-service,GAP,UnknownDeposit,recordPoll,backend/booking-service/src/main/java/com/pml/booking/service/PaymentOutcomeService.java,296,1,0,False,False,no,
booking-service,GAP,UnknownDeposit,envelopeFor,backend/booking-service/src/main/java/com/pml/booking/service/PaymentOutcomeService.java,304,1,0,False,False,no,
booking-service,GAP,UnknownDeposit,isTransientTransactionError,backend/booking-service/src/main/java/com/pml/booking/service/PaymentOutcomeService.java,321,2,0,False,False,no,
booking-service,GAP,UnknownDeposit,isSettled,backend/booking-service/src/main/java/com/pml/booking/service/PaymentOutcomeService.java,331,1,0,False,False,no,
booking-service,GAP,UnknownDeposit,orDefault,backend/booking-service/src/main/java/com/pml/booking/service/PaymentOutcomeService.java,335,6,0,False,False,no,
booking-service,GAP,PaymentService,createPaymentIntent,backend/booking-service/src/main/java/com/pml/booking/service/PaymentService.java,28,1,0,False,False,no,
booking-service,GAP,PaymentService,initiatePayment,backend/booking-service/src/main/java/com/pml/booking/service/PaymentService.java,44,2,7,False,False,no,
booking-service,GAP,PaymentService,checkPaymentStatus,backend/booking-service/src/main/java/com/pml/booking/service/PaymentService.java,53,1,9,False,False,no,
booking-service,GAP,PaymentService,cancelPayment,backend/booking-service/src/main/java/com/pml/booking/service/PaymentService.java,61,1,0,False,False,no,
booking-service,GAP,PaymentService,findById,backend/booking-service/src/main/java/com/pml/booking/service/PaymentService.java,66,115,18,False,False,no,
booking-service,GAP,PaymentService,findByReservationId,backend/booking-service/src/main/java/com/pml/booking/service/PaymentService.java,71,13,0,False,False,no,
booking-service,GAP,PaymentService,findByIdempotencyKey,backend/booking-service/src/main/java/com/pml/booking/service/PaymentService.java,76,4,1,False,False,no,
booking-service,GAP,PaymentService,findByUserId,backend/booking-service/src/main/java/com/pml/booking/service/PaymentService.java,81,1,0,False,False,no,
booking-service,GAP,PaymentService,findByEventId,backend/booking-service/src/main/java/com/pml/booking/service/PaymentService.java,86,44,2,False,False,no,
booking-service,GAP,PayoutEligibilityService,evaluate,backend/booking-service/src/main/java/com/pml/booking/service/PayoutEligibilityService.java,25,5,0,False,False,no,
booking-service,GAP,PayoutRecoveryService,getPayoutRequestsByIssueType,backend/booking-service/src/main/java/com/pml/booking/service/PayoutRecoveryService.java,101,1,0,False,False,no,
booking-service,GAP,PayoutRecoveryService,markForReview,backend/booking-service/src/main/java/com/pml/booking/service/PayoutRecoveryService.java,111,3,0,False,False,no,
booking-service,GAP,PayoutRecoveryService,resolveIssue,backend/booking-service/src/main/java/com/pml/booking/service/PayoutRecoveryService.java,126,2,0,False,False,no,
booking-service,GAP,PayoutRecoveryService,bulkMarkForReview,backend/booking-service/src/main/java/com/pml/booking/service/PayoutRecoveryService.java,151,1,0,False,False,no,
booking-service,GAP,PayoutRecoveryService,countRetryablePayouts,backend/booking-service/src/main/java/com/pml/booking/service/PayoutRecoveryService.java,187,1,0,False,False,no,
booking-service,GAP,PayoutRecoveryService,countRecentlyResolved,backend/booking-service/src/main/java/com/pml/booking/service/PayoutRecoveryService.java,199,1,0,False,False,no,
booking-service,GAP,PayoutRecoveryService,calculateTotalAmountAtRisk,backend/booking-service/src/main/java/com/pml/booking/service/PayoutRecoveryService.java,204,1,0,False,False,no,
booking-service,GAP,PayoutRecoveryService,getPayoutRequestsForReview,backend/booking-service/src/main/java/com/pml/booking/service/PayoutRecoveryService.java,52,1,0,False,False,no,
booking-service,GAP,PayoutRecoveryService,countPayoutRequestsForReview,backend/booking-service/src/main/java/com/pml/booking/service/PayoutRecoveryService.java,70,2,0,False,False,no,
booking-service,GAP,PayoutRecoveryService,getStuckPayoutRequests,backend/booking-service/src/main/java/com/pml/booking/service/PayoutRecoveryService.java,84,1,0,False,False,no,
booking-service,GAP,PayoutRecoveryService,countStuckPayoutRequests,backend/booking-service/src/main/java/com/pml/booking/service/PayoutRecoveryService.java,94,2,0,False,False,no,
booking-service,GAP,PayoutRequestService,findAll,backend/booking-service/src/main/java/com/pml/booking/service/PayoutRequestService.java,113,35,5,False,False,no,
booking-service,GAP,PayoutRequestService,findRetryable,backend/booking-service/src/main/java/com/pml/booking/service/PayoutRequestService.java,122,1,0,False,False,no,
booking-service,GAP,PayoutRequestService,findResolvedAfter,backend/booking-service/src/main/java/com/pml/booking/service/PayoutRequestService.java,131,1,0,False,False,no,
booking-service,GAP,PayoutRequestService,countByIssueType,backend/booking-service/src/main/java/com/pml/booking/service/PayoutRequestService.java,140,2,0,False,False,no,
booking-service,GAP,PayoutRequestService,save,backend/booking-service/src/main/java/com/pml/booking/service/PayoutRequestService.java,152,114,48,False,False,no,
booking-service,GAP,PayoutRequestService,findByOrganizationIdIn,backend/booking-service/src/main/java/com/pml/booking/service/PayoutRequestService.java,160,4,1,False,False,no,
booking-service,GAP,PayoutRequestService,findByOrganizationIdInAndStatus,backend/booking-service/src/main/java/com/pml/booking/service/PayoutRequestService.java,163,2,0,False,False,no,
booking-service,GAP,PayoutRequestService,findById,backend/booking-service/src/main/java/com/pml/booking/service/PayoutRequestService.java,53,115,18,False,False,no,
booking-service,GAP,PayoutRequestService,findByRequestId,backend/booking-service/src/main/java/com/pml/booking/service/PayoutRequestService.java,62,10,2,False,False,no,
booking-service,GAP,PayoutRequestService,findByIdempotencyKey,backend/booking-service/src/main/java/com/pml/booking/service/PayoutRequestService.java,70,4,1,False,False,no,
booking-service,GAP,PayoutRequestService,findByOrganizerId,backend/booking-service/src/main/java/com/pml/booking/service/PayoutRequestService.java,79,16,0,False,False,no,
booking-service,GAP,PayoutRequestService,findByStatus,backend/booking-service/src/main/java/com/pml/booking/service/PayoutRequestService.java,87,26,0,False,False,no,
booking-service,GAP,PayoutRequestService,findByEventId,backend/booking-service/src/main/java/com/pml/booking/service/PayoutRequestService.java,96,44,2,False,False,no,
booking-service,GAP,PayoutSettlementService,markUnconfirmed,backend/booking-service/src/main/java/com/pml/booking/service/PayoutSettlementService.java,302,3,1,False,False,no,
booking-service,GAP,PayoutSettlementService,flagBankAccount,backend/booking-service/src/main/java/com/pml/booking/service/PayoutSettlementService.java,313,2,1,False,False,no,
booking-service,GAP,PlatformAccountService,credit,backend/booking-service/src/main/java/com/pml/booking/service/PlatformAccountService.java,117,22,0,False,True,no,
booking-service,GAP,PlatformAccountService,debit,backend/booking-service/src/main/java/com/pml/booking/service/PlatformAccountService.java,141,27,0,False,True,no,
booking-service,GAP,PlatformAccountService,transfer,backend/booking-service/src/main/java/com/pml/booking/service/PlatformAccountService.java,160,1,0,False,False,no,
booking-service,GAP,TransferResult,getBalance,backend/booking-service/src/main/java/com/pml/booking/service/PlatformAccountService.java,185,10,0,False,False,no,
booking-service,GAP,TransferResult,hasSufficientBalance,backend/booking-service/src/main/java/com/pml/booking/service/PlatformAccountService.java,201,5,0,False,False,no,
booking-service,GAP,TransferResult,recoverFromReserve,backend/booking-service/src/main/java/com/pml/booking/service/PlatformAccountService.java,210,1,0,False,False,no,
booking-service,GAP,PlatformAccountService,getOrCreateAccount,backend/booking-service/src/main/java/com/pml/booking/service/PlatformAccountService.java,72,2,0,False,False,no,
booking-service,GAP,PlatformAccountService,getByType,backend/booking-service/src/main/java/com/pml/booking/service/PlatformAccountService.java,80,2,0,False,False,no,
booking-service,GAP,PlatformAccountService,findById,backend/booking-service/src/main/java/com/pml/booking/service/PlatformAccountService.java,88,115,18,False,False,no,
booking-service,GAP,PlatformSummaryService,aggregateEscrowSummary,backend/booking-service/src/main/java/com/pml/booking/service/PlatformSummaryService.java,60,2,0,False,False,no,
booking-service,GAP,PlatformSummaryService,aggregateTransactionSummary,backend/booking-service/src/main/java/com/pml/booking/service/PlatformSummaryService.java,68,2,0,False,False,no,
booking-service,GAP,PlatformSummaryService,aggregatePayoutSummary,backend/booking-service/src/main/java/com/pml/booking/service/PlatformSummaryService.java,76,2,0,False,False,no,
booking-service,GAP,PlatformSummaryService,aggregateTicketSummary,backend/booking-service/src/main/java/com/pml/booking/service/PlatformSummaryService.java,84,2,0,False,False,no,
booking-service,GAP,PromoCodeService,findByEventId,backend/booking-service/src/main/java/com/pml/booking/service/PromoCodeService.java,68,44,2,False,False,no,
booking-service,GAP,PromoCodeService,findByOrganizerId,backend/booking-service/src/main/java/com/pml/booking/service/PromoCodeService.java,73,16,0,False,False,no,
booking-service,GAP,PromoCodeService,findById,backend/booking-service/src/main/java/com/pml/booking/service/PromoCodeService.java,87,115,18,False,False,no,
booking-service,GAP,PurchaseEscalationService,raise,backend/booking-service/src/main/java/com/pml/booking/service/PurchaseEscalationService.java,43,2,2,False,False,no,
booking-service,GAP,PurchaseService,confirm,backend/booking-service/src/main/java/com/pml/booking/service/PurchaseService.java,39,4,17,False,False,no,
booking-service,GAP,PurchaseService,release,backend/booking-service/src/main/java/com/pml/booking/service/PurchaseService.java,56,9,7,True,False,no,
booking-service,GAP,ReconciliationService,startBankReconciliation,backend/booking-service/src/main/java/com/pml/booking/service/ReconciliationService.java,115,1,0,False,False,no,
booking-service,GAP,BankStatementEntry,startEscrowReconciliation,backend/booking-service/src/main/java/com/pml/booking/service/ReconciliationService.java,149,2,0,False,False,no,
booking-service,GAP,BankStatementEntry,reconcileEscrowAccount,backend/booking-service/src/main/java/com/pml/booking/service/ReconciliationService.java,161,1,0,False,False,no,
booking-service,GAP,EscrowReconciliationResult,startEscrowJournalReconciliation,backend/booking-service/src/main/java/com/pml/booking/service/ReconciliationService.java,218,3,0,False,False,no,
booking-service,GAP,EscrowReconciliationResult,startEscrowJournalReconciliation,backend/booking-service/src/main/java/com/pml/booking/service/ReconciliationService.java,234,3,0,False,False,no,
booking-service,GAP,EscrowReconciliationResult,verifyAllEscrowJournalConsistency,backend/booking-service/src/main/java/com/pml/booking/service/ReconciliationService.java,261,4,0,False,False,no,
booking-service,GAP,VerificationStatus,resolveItem,backend/booking-service/src/main/java/com/pml/booking/service/ReconciliationService.java,367,2,0,False,False,no,
booking-service,GAP,VerificationStatus,completeRun,backend/booking-service/src/main/java/com/pml/booking/service/ReconciliationService.java,387,1,0,False,False,no,
booking-service,GAP,VerificationStatus,failRun,backend/booking-service/src/main/java/com/pml/booking/service/ReconciliationService.java,398,1,0,False,False,no,
booking-service,GAP,VerificationStatus,findAll,backend/booking-service/src/main/java/com/pml/booking/service/ReconciliationService.java,409,35,5,False,False,no,
booking-service,GAP,VerificationStatus,findById,backend/booking-service/src/main/java/com/pml/booking/service/ReconciliationService.java,417,115,18,False,False,no,
booking-service,GAP,VerificationStatus,findByType,backend/booking-service/src/main/java/com/pml/booking/service/ReconciliationService.java,425,4,0,False,False,no,
booking-service,GAP,VerificationStatus,findByStatus,backend/booking-service/src/main/java/com/pml/booking/service/ReconciliationService.java,433,26,0,False,False,no,
booking-service,GAP,VerificationStatus,findByDateRange,backend/booking-service/src/main/java/com/pml/booking/service/ReconciliationService.java,442,2,0,False,False,no,
booking-service,GAP,VerificationStatus,findRequiringReview,backend/booking-service/src/main/java/com/pml/booking/service/ReconciliationService.java,451,1,0,False,False,no,
booking-service,GAP,VerificationStatus,getSummary,backend/booking-service/src/main/java/com/pml/booking/service/ReconciliationService.java,463,1,0,False,False,no,
booking-service,GAP,ReconciliationSummary,generateReport,backend/booking-service/src/main/java/com/pml/booking/service/ReconciliationService.java,488,1,0,False,False,no,
booking-service,GAP,UnresolvedItem,sendReconciliationAlerts,backend/booking-service/src/main/java/com/pml/booking/service/ReconciliationService.java,536,1,0,False,False,no,
booking-service,GAP,ReconciliationService,startGatewayReconciliation,backend/booking-service/src/main/java/com/pml/booking/service/ReconciliationService.java,92,1,0,False,False,no,
booking-service,GAP,RefundService,findById,backend/booking-service/src/main/java/com/pml/booking/service/RefundService.java,107,115,18,False,False,no,
booking-service,GAP,RefundService,findByRequestId,backend/booking-service/src/main/java/com/pml/booking/service/RefundService.java,112,10,2,False,False,no,
booking-service,GAP,RefundService,findAll,backend/booking-service/src/main/java/com/pml/booking/service/RefundService.java,126,35,5,False,False,no,
booking-service,GAP,RefundService,findByTicketId,backend/booking-service/src/main/java/com/pml/booking/service/RefundService.java,131,18,1,False,False,no,
booking-service,GAP,RefundService,findByEventId,backend/booking-service/src/main/java/com/pml/booking/service/RefundService.java,136,44,2,False,False,no,
booking-service,GAP,RefundService,findByBuyerId,backend/booking-service/src/main/java/com/pml/booking/service/RefundService.java,141,8,0,False,False,no,
booking-service,GAP,RefundService,findPendingRefunds,backend/booking-service/src/main/java/com/pml/booking/service/RefundService.java,146,1,0,False,False,no,
booking-service,GAP,RefundService,requestRefund,backend/booking-service/src/main/java/com/pml/booking/service/RefundService.java,28,1,0,False,False,no,
booking-service,GAP,RefundService,requestPartialRefund,backend/booking-service/src/main/java/com/pml/booking/service/RefundService.java,43,1,0,False,False,no,
booking-service,GAP,RefundService,approveRefund,backend/booking-service/src/main/java/com/pml/booking/service/RefundService.java,58,1,0,False,False,no,
booking-service,GAP,RefundService,rejectRefund,backend/booking-service/src/main/java/com/pml/booking/service/RefundService.java,72,1,0,False,False,no,
booking-service,GAP,RefundService,processRefund,backend/booking-service/src/main/java/com/pml/booking/service/RefundService.java,84,1,7,False,False,no,
booking-service,GAP,ReservationService,createReservation,backend/booking-service/src/main/java/com/pml/booking/service/ReservationService.java,35,2,1,False,False,no,
booking-service,GAP,ReservationService,createReservation,backend/booking-service/src/main/java/com/pml/booking/service/ReservationService.java,41,2,1,False,False,no,
booking-service,GAP,ReservationService,findById,backend/booking-service/src/main/java/com/pml/booking/service/ReservationService.java,52,115,18,False,False,no,
booking-service,GAP,ReservationService,findActiveByUserId,backend/booking-service/src/main/java/com/pml/booking/service/ReservationService.java,54,2,0,False,False,no,
booking-service,GAP,ReservationService,findByEventId,backend/booking-service/src/main/java/com/pml/booking/service/ReservationService.java,56,44,2,False,False,no,
booking-service,GAP,ReservationService,findExpiredByEventId,backend/booking-service/src/main/java/com/pml/booking/service/ReservationService.java,58,1,0,False,False,no,
booking-service,GAP,ReservationService,findExpiredSince,backend/booking-service/src/main/java/com/pml/booking/service/ReservationService.java,60,1,0,False,False,no,
booking-service,GAP,TicketService,calculateTotalSpentByBuyerId,backend/booking-service/src/main/java/com/pml/booking/service/TicketService.java,101,2,0,False,False,no,
booking-service,GAP,TicketService,findById,backend/booking-service/src/main/java/com/pml/booking/service/TicketService.java,20,115,18,False,False,no,
booking-service,GAP,TicketService,findByTicketNumber,backend/booking-service/src/main/java/com/pml/booking/service/TicketService.java,22,8,0,False,False,no,
booking-service,GAP,TicketService,findAll,backend/booking-service/src/main/java/com/pml/booking/service/TicketService.java,24,35,5,False,False,no,
booking-service,GAP,TicketService,findByEventId,backend/booking-service/src/main/java/com/pml/booking/service/TicketService.java,26,44,2,False,False,no,
booking-service,GAP,TicketService,findByBuyerId,backend/booking-service/src/main/java/com/pml/booking/service/TicketService.java,28,8,0,False,False,no,
booking-service,GAP,TicketService,findByBuyerIdAndStatus,backend/booking-service/src/main/java/com/pml/booking/service/TicketService.java,30,3,0,False,False,no,
booking-service,GAP,TicketService,findByEventIdAndStatus,backend/booking-service/src/main/java/com/pml/booking/service/TicketService.java,32,4,0,False,False,no,
booking-service,GAP,TicketService,findByStatus,backend/booking-service/src/main/java/com/pml/booking/service/TicketService.java,34,26,0,False,False,no,
booking-service,GAP,TicketService,findByOrganizerId,backend/booking-service/src/main/java/com/pml/booking/service/TicketService.java,36,16,0,False,False,no,
booking-service,GAP,TicketService,requestRefund,backend/booking-service/src/main/java/com/pml/booking/service/TicketService.java,41,1,0,False,False,no,
booking-service,GAP,TicketService,countByEventId,backend/booking-service/src/main/java/com/pml/booking/service/TicketService.java,48,2,0,False,False,no,
booking-service,GAP,TicketService,countByBuyerId,backend/booking-service/src/main/java/com/pml/booking/service/TicketService.java,50,2,0,False,False,no,
booking-service,GAP,TicketService,countSoldByEventId,backend/booking-service/src/main/java/com/pml/booking/service/TicketService.java,59,1,0,False,False,no,
booking-service,GAP,TicketService,countByEventIdAndStatusIn,backend/booking-service/src/main/java/com/pml/booking/service/TicketService.java,73,10,0,False,False,no,
booking-service,GAP,TicketService,countByBuyerIdAndStatusIn,backend/booking-service/src/main/java/com/pml/booking/service/TicketService.java,83,2,0,False,False,no,
booking-service,GAP,TicketService,calculateRevenueByEventId,backend/booking-service/src/main/java/com/pml/booking/service/TicketService.java,92,2,0,False,False,no,
booking-service,GAP,TicketStatsService,getCategoryStatsAggregation,backend/booking-service/src/main/java/com/pml/booking/service/TicketStatsService.java,141,2,0,False,False,no,
booking-service,GAP,TicketStatsService,getRecentTickets,backend/booking-service/src/main/java/com/pml/booking/service/TicketStatsService.java,188,2,0,False,False,no,
booking-service,GAP,TicketStatsService,getCountForStatus,backend/booking-service/src/main/java/com/pml/booking/service/TicketStatsService.java,202,6,0,False,False,no,
booking-service,GAP,TicketStatsService,getTicketStatsByEvent,backend/booking-service/src/main/java/com/pml/booking/service/TicketStatsService.java,58,1,0,False,False,no,
booking-service,GAP,TicketStatsService,buildTicketStats,backend/booking-service/src/main/java/com/pml/booking/service/TicketStatsService.java,66,2,0,False,False,no,
booking-service,GAP,TicketStatsService,getStatusCountsAggregation,backend/booking-service/src/main/java/com/pml/booking/service/TicketStatsService.java,95,2,0,False,False,no,
booking-service,GAP,WebhookSignatureVerificationService,verifyWebhookSignature,backend/booking-service/src/main/java/com/pml/booking/service/WebhookSignatureVerificationService.java,162,4,0,False,False,no,
booking-service,GAP,WebhookSignatureVerificationService,getHeader,backend/booking-service/src/main/java/com/pml/booking/service/WebhookSignatureVerificationService.java,178,6,0,False,False,no,
booking-service,GAP,WebhookSignatureVerificationService,verifyContentDigest,backend/booking-service/src/main/java/com/pml/booking/service/WebhookSignatureVerificationService.java,191,1,0,False,False,no,
booking-service,GAP,WebhookSignatureVerificationService,parseSignatureInput,backend/booking-service/src/main/java/com/pml/booking/service/WebhookSignatureVerificationService.java,252,1,0,False,False,no,
booking-service,GAP,WebhookSignatureVerificationService,verifyTimestamp,backend/booking-service/src/main/java/com/pml/booking/service/WebhookSignatureVerificationService.java,358,1,0,False,False,no,
booking-service,GAP,WebhookSignatureVerificationService,buildSignatureBase,backend/booking-service/src/main/java/com/pml/booking/service/WebhookSignatureVerificationService.java,406,1,0,False,False,no,
booking-service,GAP,WebhookSignatureVerificationService,verifySignature,backend/booking-service/src/main/java/com/pml/booking/service/WebhookSignatureVerificationService.java,455,1,0,False,False,no,
booking-service,GAP,WebhookSignatureVerificationService,loadPublicKey,backend/booking-service/src/main/java/com/pml/booking/service/WebhookSignatureVerificationService.java,510,1,0,False,False,no,
booking-service,GAP,WebhookSignatureVerificationService,mapToJavaAlgorithm,backend/booking-service/src/main/java/com/pml/booking/service/WebhookSignatureVerificationService.java,557,1,0,False,False,no,
booking-service,GAP,WebhookSignatureVerificationService,verifyWebhookSignature,backend/booking-service/src/main/java/com/pml/booking/service/WebhookSignatureVerificationService.java,86,4,0,False,False,no,
booking-service,GAP,AccountingServiceImpl,getAccountBalance,backend/booking-service/src/main/java/com/pml/booking/service/impl/AccountingServiceImpl.java,1111,4,0,False,False,no,
booking-service,GAP,AccountingServiceImpl,getAccountBalanceAsOf,backend/booking-service/src/main/java/com/pml/booking/service/impl/AccountingServiceImpl.java,1116,1,0,False,False,no,
booking-service,GAP,AccountingServiceImpl,getEscrowAccountCode,backend/booking-service/src/main/java/com/pml/booking/service/impl/AccountingServiceImpl.java,1202,3,0,False,False,no,
booking-service,GAP,AccountingServiceImpl,debitGatewayReceivable,backend/booking-service/src/main/java/com/pml/booking/service/impl/AccountingServiceImpl.java,1222,1,0,False,False,no,
booking-service,GAP,AccountingServiceImpl,debitOperatingBank,backend/booking-service/src/main/java/com/pml/booking/service/impl/AccountingServiceImpl.java,1231,1,0,False,False,no,
booking-service,GAP,AccountingServiceImpl,debitChargebackReceivable,backend/booking-service/src/main/java/com/pml/booking/service/impl/AccountingServiceImpl.java,1240,1,0,False,False,no,
booking-service,GAP,AccountingServiceImpl,debitEventEscrow,backend/booking-service/src/main/java/com/pml/booking/service/impl/AccountingServiceImpl.java,1249,4,0,False,False,no,
booking-service,GAP,AccountingServiceImpl,debitDeferredCommission,backend/booking-service/src/main/java/com/pml/booking/service/impl/AccountingServiceImpl.java,1258,2,0,False,False,no,
booking-service,GAP,AccountingServiceImpl,debitRefundsPayable,backend/booking-service/src/main/java/com/pml/booking/service/impl/AccountingServiceImpl.java,1267,1,0,False,False,no,
booking-service,GAP,AccountingServiceImpl,debitPayoutsPayable,backend/booking-service/src/main/java/com/pml/booking/service/impl/AccountingServiceImpl.java,1276,3,0,False,False,no,
booking-service,GAP,AccountingServiceImpl,debitPlatformReserve,backend/booking-service/src/main/java/com/pml/booking/service/impl/AccountingServiceImpl.java,1285,1,0,False,False,no,
booking-service,GAP,AccountingServiceImpl,debitCommissionRevenue,backend/booking-service/src/main/java/com/pml/booking/service/impl/AccountingServiceImpl.java,1294,1,0,False,False,no,
booking-service,GAP,AccountingServiceImpl,debitGatewayFeesExpense,backend/booking-service/src/main/java/com/pml/booking/service/impl/AccountingServiceImpl.java,1303,1,0,False,False,no,
booking-service,GAP,AccountingServiceImpl,debitChargebackFeesExpense,backend/booking-service/src/main/java/com/pml/booking/service/impl/AccountingServiceImpl.java,1312,1,0,False,False,no,
booking-service,GAP,AccountingServiceImpl,debitBadDebtExpense,backend/booking-service/src/main/java/com/pml/booking/service/impl/AccountingServiceImpl.java,1321,1,0,False,False,no,
booking-service,GAP,AccountingServiceImpl,creditGatewayReceivable,backend/booking-service/src/main/java/com/pml/booking/service/impl/AccountingServiceImpl.java,1340,1,0,False,False,no,
booking-service,GAP,AccountingServiceImpl,creditOperatingBank,backend/booking-service/src/main/java/com/pml/booking/service/impl/AccountingServiceImpl.java,1349,4,0,False,False,no,
booking-service,GAP,AccountingServiceImpl,creditChargebackReceivable,backend/booking-service/src/main/java/com/pml/booking/service/impl/AccountingServiceImpl.java,1358,2,0,False,False,no,
booking-service,GAP,AccountingServiceImpl,creditEventEscrow,backend/booking-service/src/main/java/com/pml/booking/service/impl/AccountingServiceImpl.java,1367,2,0,False,False,no,
booking-service,GAP,AccountingServiceImpl,creditDeferredCommission,backend/booking-service/src/main/java/com/pml/booking/service/impl/AccountingServiceImpl.java,1376,1,0,False,False,no,
booking-service,GAP,AccountingServiceImpl,creditRefundsPayable,backend/booking-service/src/main/java/com/pml/booking/service/impl/AccountingServiceImpl.java,1385,1,0,False,False,no,
booking-service,GAP,AccountingServiceImpl,creditPayoutsPayable,backend/booking-service/src/main/java/com/pml/booking/service/impl/AccountingServiceImpl.java,1394,1,0,False,False,no,
booking-service,GAP,AccountingServiceImpl,creditGatewayFeesPayable,backend/booking-service/src/main/java/com/pml/booking/service/impl/AccountingServiceImpl.java,1403,1,0,False,False,no,
booking-service,GAP,AccountingServiceImpl,debitFeeRevenue,backend/booking-service/src/main/java/com/pml/booking/service/impl/AccountingServiceImpl.java,1411,1,0,False,False,no,
booking-service,GAP,AccountingServiceImpl,creditFeeRevenue,backend/booking-service/src/main/java/com/pml/booking/service/impl/AccountingServiceImpl.java,1420,1,0,False,False,no,
booking-service,GAP,AccountingServiceImpl,hasValue,backend/booking-service/src/main/java/com/pml/booking/service/impl/AccountingServiceImpl.java,1431,7,10,False,False,no,
booking-service,GAP,AccountingServiceImpl,recordTicketSale,backend/booking-service/src/main/java/com/pml/booking/service/impl/AccountingServiceImpl.java,167,1,0,False,False,no,
booking-service,GAP,AccountingServiceImpl,recordRefund,backend/booking-service/src/main/java/com/pml/booking/service/impl/AccountingServiceImpl.java,280,1,0,False,False,no,
booking-service,GAP,AccountingServiceImpl,recordPayout,backend/booking-service/src/main/java/com/pml/booking/service/impl/AccountingServiceImpl.java,386,1,3,False,False,no,
booking-service,GAP,AccountingServiceImpl,recordPayoutDisbursement,backend/booking-service/src/main/java/com/pml/booking/service/impl/AccountingServiceImpl.java,474,1,2,False,False,no,
booking-service,GAP,AccountingServiceImpl,recordVerificationDeposit,backend/booking-service/src/main/java/com/pml/booking/service/impl/AccountingServiceImpl.java,515,1,0,False,False,no,
booking-service,GAP,AccountingServiceImpl,reverseVerificationDeposit,backend/booking-service/src/main/java/com/pml/booking/service/impl/AccountingServiceImpl.java,532,1,0,False,False,no,
booking-service,GAP,AccountingServiceImpl,recordPayoutReversal,backend/booking-service/src/main/java/com/pml/booking/service/impl/AccountingServiceImpl.java,543,1,2,False,False,no,
booking-service,GAP,AccountingServiceImpl,recordRefundDisbursement,backend/booking-service/src/main/java/com/pml/booking/service/impl/AccountingServiceImpl.java,614,1,0,False,False,no,
booking-service,GAP,AccountingServiceImpl,recordCommissionClawback,backend/booking-service/src/main/java/com/pml/booking/service/impl/AccountingServiceImpl.java,695,1,0,False,False,no,
booking-service,GAP,AccountingServiceImpl,recordChargebackReceived,backend/booking-service/src/main/java/com/pml/booking/service/impl/AccountingServiceImpl.java,805,1,0,False,False,no,
booking-service,GAP,AccountingServiceImpl,recordChargeback,backend/booking-service/src/main/java/com/pml/booking/service/impl/AccountingServiceImpl.java,926,3,0,False,False,no,
booking-service,GAP,BankAccountServiceImpl,setAsDefault,backend/booking-service/src/main/java/com/pml/booking/service/impl/BankAccountServiceImpl.java,128,1,0,False,False,no,
booking-service,GAP,BankAccountServiceImpl,delete,backend/booking-service/src/main/java/com/pml/booking/service/impl/BankAccountServiceImpl.java,145,2,1,False,False,no,
booking-service,GAP,BankAccountServiceImpl,findByOrganizerId,backend/booking-service/src/main/java/com/pml/booking/service/impl/BankAccountServiceImpl.java,31,16,0,False,False,no,
booking-service,GAP,BankAccountServiceImpl,findById,backend/booking-service/src/main/java/com/pml/booking/service/impl/BankAccountServiceImpl.java,37,115,18,False,False,no,
booking-service,GAP,BankAccountServiceImpl,findDefaultByOrganizerId,backend/booking-service/src/main/java/com/pml/booking/service/impl/BankAccountServiceImpl.java,43,1,0,False,False,no,
booking-service,GAP,BankAccountServiceImpl,update,backend/booking-service/src/main/java/com/pml/booking/service/impl/BankAccountServiceImpl.java,84,5,1,False,False,no,
booking-service,GAP,ChargebackServiceImpl,recordWin,backend/booking-service/src/main/java/com/pml/booking/service/impl/ChargebackServiceImpl.java,226,3,1,False,False,no,
booking-service,GAP,ChargebackServiceImpl,recordLoss,backend/booking-service/src/main/java/com/pml/booking/service/impl/ChargebackServiceImpl.java,241,3,1,False,False,no,
booking-service,GAP,ChargebackServiceImpl,startRecovery,backend/booking-service/src/main/java/com/pml/booking/service/impl/ChargebackServiceImpl.java,261,5,0,False,False,no,
booking-service,GAP,ChargebackServiceImpl,startRecovery,backend/booking-service/src/main/java/com/pml/booking/service/impl/ChargebackServiceImpl.java,266,5,0,False,False,no,
booking-service,GAP,ChargebackServiceImpl,attemptRecoveryFromEscrow,backend/booking-service/src/main/java/com/pml/booking/service/impl/ChargebackServiceImpl.java,303,1,0,False,False,no,
booking-service,GAP,ChargebackServiceImpl,attemptRecoveryFromFuturePayouts,backend/booking-service/src/main/java/com/pml/booking/service/impl/ChargebackServiceImpl.java,366,1,0,False,False,no,
booking-service,GAP,ChargebackServiceImpl,attemptRecoveryFromReserve,backend/booking-service/src/main/java/com/pml/booking/service/impl/ChargebackServiceImpl.java,434,1,0,False,False,no,
booking-service,GAP,ChargebackServiceImpl,writeOffRemaining,backend/booking-service/src/main/java/com/pml/booking/service/impl/ChargebackServiceImpl.java,462,1,0,False,False,no,
booking-service,GAP,RecoveryResult,recordRecovery,backend/booking-service/src/main/java/com/pml/booking/service/impl/ChargebackServiceImpl.java,482,4,0,False,False,no,
booking-service,GAP,RecoveryResult,writeOff,backend/booking-service/src/main/java/com/pml/booking/service/impl/ChargebackServiceImpl.java,497,2,0,False,False,no,
booking-service,GAP,RecoveryResult,findAll,backend/booking-service/src/main/java/com/pml/booking/service/impl/ChargebackServiceImpl.java,517,35,5,False,False,no,
booking-service,GAP,RecoveryResult,findById,backend/booking-service/src/main/java/com/pml/booking/service/impl/ChargebackServiceImpl.java,522,115,18,False,False,no,
booking-service,GAP,RecoveryResult,findByChargebackId,backend/booking-service/src/main/java/com/pml/booking/service/impl/ChargebackServiceImpl.java,527,4,0,False,False,no,
booking-service,GAP,RecoveryResult,findByOrganizerId,backend/booking-service/src/main/java/com/pml/booking/service/impl/ChargebackServiceImpl.java,532,16,0,False,False,no,
booking-service,GAP,RecoveryResult,findByEventId,backend/booking-service/src/main/java/com/pml/booking/service/impl/ChargebackServiceImpl.java,537,44,2,False,False,no,
booking-service,GAP,RecoveryResult,findByStatus,backend/booking-service/src/main/java/com/pml/booking/service/impl/ChargebackServiceImpl.java,542,26,0,False,False,no,
booking-service,GAP,RecoveryResult,findByRecoveryStatus,backend/booking-service/src/main/java/com/pml/booking/service/impl/ChargebackServiceImpl.java,547,1,0,False,False,no,
booking-service,GAP,RecoveryResult,findPendingRecovery,backend/booking-service/src/main/java/com/pml/booking/service/impl/ChargebackServiceImpl.java,552,2,0,False,False,no,
booking-service,GAP,RecoveryResult,getOrganizerStats,backend/booking-service/src/main/java/com/pml/booking/service/impl/ChargebackServiceImpl.java,561,1,0,False,False,no,
booking-service,GAP,RecoveryResult,calculateStats,backend/booking-service/src/main/java/com/pml/booking/service/impl/ChargebackServiceImpl.java,574,2,0,False,False,no,
booking-service,GAP,RecoveryResult,findByIdInternal,backend/booking-service/src/main/java/com/pml/booking/service/impl/ChargebackServiceImpl.java,628,8,0,False,False,no,
booking-service,GAP,ChartOfAccountsServiceImpl,deactivateAccount,backend/booking-service/src/main/java/com/pml/booking/service/impl/ChartOfAccountsServiceImpl.java,120,1,0,False,False,no,
booking-service,GAP,ChartOfAccountsServiceImpl,findByAccountCode,backend/booking-service/src/main/java/com/pml/booking/service/impl/ChartOfAccountsServiceImpl.java,137,12,0,False,False,no,
booking-service,GAP,ChartOfAccountsServiceImpl,findByAccountType,backend/booking-service/src/main/java/com/pml/booking/service/impl/ChartOfAccountsServiceImpl.java,142,7,0,False,False,no,
booking-service,GAP,ChartOfAccountsServiceImpl,findBySubType,backend/booking-service/src/main/java/com/pml/booking/service/impl/ChartOfAccountsServiceImpl.java,147,1,0,False,False,no,
booking-service,GAP,ChartOfAccountsServiceImpl,findByParentAccountCode,backend/booking-service/src/main/java/com/pml/booking/service/impl/ChartOfAccountsServiceImpl.java,152,2,0,False,False,no,
booking-service,GAP,ChartOfAccountsServiceImpl,findAllActive,backend/booking-service/src/main/java/com/pml/booking/service/impl/ChartOfAccountsServiceImpl.java,157,2,0,False,False,no,
booking-service,GAP,ChartOfAccountsServiceImpl,findAll,backend/booking-service/src/main/java/com/pml/booking/service/impl/ChartOfAccountsServiceImpl.java,162,35,5,False,False,no,
booking-service,GAP,ChartOfAccountsServiceImpl,validateAccountCode,backend/booking-service/src/main/java/com/pml/booking/service/impl/ChartOfAccountsServiceImpl.java,171,2,0,False,False,no,
booking-service,GAP,ChartOfAccountsServiceImpl,validateAccountCodes,backend/booking-service/src/main/java/com/pml/booking/service/impl/ChartOfAccountsServiceImpl.java,186,2,0,False,False,no,
booking-service,GAP,ChartOfAccountsServiceImpl,existsByAccountCode,backend/booking-service/src/main/java/com/pml/booking/service/impl/ChartOfAccountsServiceImpl.java,193,4,0,False,False,no,
booking-service,GAP,ChartOfAccountsServiceImpl,seedStandardAccounts,backend/booking-service/src/main/java/com/pml/booking/service/impl/ChartOfAccountsServiceImpl.java,203,2,0,False,False,no,
booking-service,GAP,ChartOfAccountsServiceImpl,seedAllAccounts,backend/booking-service/src/main/java/com/pml/booking/service/impl/ChartOfAccountsServiceImpl.java,225,1,0,False,False,no,
booking-service,GAP,ChartOfAccountsServiceImpl,createAccount,backend/booking-service/src/main/java/com/pml/booking/service/impl/ChartOfAccountsServiceImpl.java,52,1,0,False,False,no,
booking-service,GAP,ChartOfAccountsServiceImpl,updateAccount,backend/booking-service/src/main/java/com/pml/booking/service/impl/ChartOfAccountsServiceImpl.java,97,1,0,False,False,no,
booking-service,GAP,CheckInServiceImpl,conflicts,backend/booking-service/src/main/java/com/pml/booking/service/impl/CheckInServiceImpl.java,290,5,0,False,True,no,
booking-service,GAP,CheckInServiceImpl,countConflicts,backend/booking-service/src/main/java/com/pml/booking/service/impl/CheckInServiceImpl.java,298,1,0,False,False,no,
booking-service,GAP,CommissionServiceImpl,markEventCommissionsEarned,backend/booking-service/src/main/java/com/pml/booking/service/impl/CommissionServiceImpl.java,102,1,0,False,False,no,
booking-service,GAP,CommissionServiceImpl,clawbackEarnedCommission,backend/booking-service/src/main/java/com/pml/booking/service/impl/CommissionServiceImpl.java,137,1,0,False,False,no,
booking-service,GAP,CommissionServiceImpl,reinstatePendingCommission,backend/booking-service/src/main/java/com/pml/booking/service/impl/CommissionServiceImpl.java,166,1,0,False,False,no,
booking-service,GAP,CommissionServiceImpl,findByEventId,backend/booking-service/src/main/java/com/pml/booking/service/impl/CommissionServiceImpl.java,195,44,2,False,False,no,
booking-service,GAP,CommissionServiceImpl,findByEventIdAndStatus,backend/booking-service/src/main/java/com/pml/booking/service/impl/CommissionServiceImpl.java,200,4,0,False,False,no,
booking-service,GAP,CommissionServiceImpl,findByOrganizerId,backend/booking-service/src/main/java/com/pml/booking/service/impl/CommissionServiceImpl.java,205,16,0,False,False,no,
booking-service,GAP,CommissionServiceImpl,calculateCommission,backend/booking-service/src/main/java/com/pml/booking/service/impl/CommissionServiceImpl.java,51,2,1,False,False,no,
booking-service,GAP,CommissionServiceImpl,calculateNetAmount,backend/booking-service/src/main/java/com/pml/booking/service/impl/CommissionServiceImpl.java,59,1,1,False,False,no,
booking-service,GAP,CommissionServiceImpl,createPendingCommission,backend/booking-service/src/main/java/com/pml/booking/service/impl/CommissionServiceImpl.java,69,1,1,False,False,no,
booking-service,GAP,EscrowServiceImpl,debitForPayout,backend/booking-service/src/main/java/com/pml/booking/service/impl/EscrowServiceImpl.java,140,2,0,False,False,no,
booking-service,GAP,EscrowServiceImpl,lockEscrow,backend/booking-service/src/main/java/com/pml/booking/service/impl/EscrowServiceImpl.java,160,1,0,False,False,no,
booking-service,GAP,EscrowServiceImpl,cancelEscrow,backend/booking-service/src/main/java/com/pml/booking/service/impl/EscrowServiceImpl.java,190,1,0,False,False,no,
booking-service,GAP,EscrowServiceImpl,findById,backend/booking-service/src/main/java/com/pml/booking/service/impl/EscrowServiceImpl.java,293,115,18,False,False,no,
booking-service,GAP,EscrowServiceImpl,findByEventId,backend/booking-service/src/main/java/com/pml/booking/service/impl/EscrowServiceImpl.java,298,44,2,False,False,no,
booking-service,GAP,EscrowServiceImpl,findByAccountNumber,backend/booking-service/src/main/java/com/pml/booking/service/impl/EscrowServiceImpl.java,303,5,0,False,False,no,
booking-service,GAP,EscrowServiceImpl,findByOrganizationId,backend/booking-service/src/main/java/com/pml/booking/service/impl/EscrowServiceImpl.java,308,6,0,False,False,no,
booking-service,GAP,EscrowServiceImpl,findByOrganizerId,backend/booking-service/src/main/java/com/pml/booking/service/impl/EscrowServiceImpl.java,318,16,0,False,False,no,
booking-service,GAP,EscrowServiceImpl,findPayoutEligibleByOrganizerId,backend/booking-service/src/main/java/com/pml/booking/service/impl/EscrowServiceImpl.java,324,1,0,False,False,no,
booking-service,GAP,EscrowServiceImpl,updateExpectedLockDate,backend/booking-service/src/main/java/com/pml/booking/service/impl/EscrowServiceImpl.java,353,2,0,False,False,no,
booking-service,GAP,EscrowServiceImpl,findAll,backend/booking-service/src/main/java/com/pml/booking/service/impl/EscrowServiceImpl.java,371,35,5,False,False,no,
booking-service,GAP,EscrowServiceImpl,countByStatus,backend/booking-service/src/main/java/com/pml/booking/service/impl/EscrowServiceImpl.java,376,3,0,False,False,no,
booking-service,GAP,EscrowServiceImpl,findByOrganizationIdIn,backend/booking-service/src/main/java/com/pml/booking/service/impl/EscrowServiceImpl.java,409,4,1,False,False,no,
booking-service,GAP,EscrowServiceImpl,openEscrowForPublishedEvent,backend/booking-service/src/main/java/com/pml/booking/service/impl/EscrowServiceImpl.java,74,1,0,False,False,no,
booking-service,GAP,EscrowServiceImpl,creditEscrow,backend/booking-service/src/main/java/com/pml/booking/service/impl/EscrowServiceImpl.java,93,2,0,False,False,no,
booking-service,GAP,EscrowTransactionServiceImpl,calculateBalanceAsOf,backend/booking-service/src/main/java/com/pml/booking/service/impl/EscrowTransactionServiceImpl.java,107,1,0,False,False,no,
booking-service,GAP,EscrowTransactionServiceImpl,sumCredits,backend/booking-service/src/main/java/com/pml/booking/service/impl/EscrowTransactionServiceImpl.java,126,1,0,False,False,no,
booking-service,GAP,EscrowTransactionServiceImpl,sumDebits,backend/booking-service/src/main/java/com/pml/booking/service/impl/EscrowTransactionServiceImpl.java,136,1,0,False,False,no,
booking-service,GAP,EscrowTransactionServiceImpl,findUnlinkedTransactions,backend/booking-service/src/main/java/com/pml/booking/service/impl/EscrowTransactionServiceImpl.java,150,1,0,False,False,no,
booking-service,GAP,EscrowTransactionServiceImpl,findById,backend/booking-service/src/main/java/com/pml/booking/service/impl/EscrowTransactionServiceImpl.java,56,115,18,False,False,no,
booking-service,GAP,EscrowTransactionServiceImpl,findByEscrowAccountId,backend/booking-service/src/main/java/com/pml/booking/service/impl/EscrowTransactionServiceImpl.java,61,1,0,False,False,no,
booking-service,GAP,EscrowTransactionServiceImpl,findByCategory,backend/booking-service/src/main/java/com/pml/booking/service/impl/EscrowTransactionServiceImpl.java,66,1,0,False,False,no,
booking-service,GAP,EscrowTransactionServiceImpl,findByType,backend/booking-service/src/main/java/com/pml/booking/service/impl/EscrowTransactionServiceImpl.java,71,4,0,False,False,no,
booking-service,GAP,EscrowTransactionServiceImpl,findByTicketId,backend/booking-service/src/main/java/com/pml/booking/service/impl/EscrowTransactionServiceImpl.java,79,18,1,False,False,no,
booking-service,GAP,EscrowTransactionServiceImpl,findByPaymentIntentId,backend/booking-service/src/main/java/com/pml/booking/service/impl/EscrowTransactionServiceImpl.java,84,3,0,False,False,no,
booking-service,GAP,EscrowTransactionServiceImpl,findByJournalEntryId,backend/booking-service/src/main/java/com/pml/booking/service/impl/EscrowTransactionServiceImpl.java,90,1,0,False,False,no,
booking-service,GAP,EscrowTransactionServiceImpl,calculateBalance,backend/booking-service/src/main/java/com/pml/booking/service/impl/EscrowTransactionServiceImpl.java,99,2,0,False,False,no,
booking-service,GAP,FinancialReportServiceImpl,generateFinancialReport,backend/booking-service/src/main/java/com/pml/booking/service/impl/FinancialReportServiceImpl.java,134,2,0,False,False,no,
booking-service,GAP,FinancialReportServiceImpl,generateDataPoints,backend/booking-service/src/main/java/com/pml/booking/service/impl/FinancialReportServiceImpl.java,287,1,0,False,False,no,
booking-service,GAP,FinancialReportServiceImpl,formatPeriod,backend/booking-service/src/main/java/com/pml/booking/service/impl/FinancialReportServiceImpl.java,368,2,0,False,False,no,
booking-service,GAP,FinancialReportServiceImpl,generatePeriods,backend/booking-service/src/main/java/com/pml/booking/service/impl/FinancialReportServiceImpl.java,385,1,0,False,False,no,
booking-service,GAP,FinancialReportServiceImpl,generateEventBreakdown,backend/booking-service/src/main/java/com/pml/booking/service/impl/FinancialReportServiceImpl.java,406,1,0,False,False,no,
booking-service,GAP,FinancialReportServiceImpl,createEventSummaryWithoutEscrow,backend/booking-service/src/main/java/com/pml/booking/service/impl/FinancialReportServiceImpl.java,484,1,0,False,False,no,
booking-service,GAP,FinancialReportServiceImpl,getTransactionStats,backend/booking-service/src/main/java/com/pml/booking/service/impl/FinancialReportServiceImpl.java,68,1,0,False,False,no,
booking-service,GAP,JournalServiceImpl,createAndPostEntry,backend/booking-service/src/main/java/com/pml/booking/service/impl/JournalServiceImpl.java,118,11,0,False,False,no,
booking-service,GAP,JournalServiceImpl,postEntry,backend/booking-service/src/main/java/com/pml/booking/service/impl/JournalServiceImpl.java,139,2,0,False,False,no,
booking-service,GAP,JournalServiceImpl,reverseEntry,backend/booking-service/src/main/java/com/pml/booking/service/impl/JournalServiceImpl.java,163,2,0,False,False,no,
booking-service,GAP,JournalServiceImpl,findById,backend/booking-service/src/main/java/com/pml/booking/service/impl/JournalServiceImpl.java,217,115,18,False,False,no,
booking-service,GAP,JournalServiceImpl,findAll,backend/booking-service/src/main/java/com/pml/booking/service/impl/JournalServiceImpl.java,222,35,5,False,False,no,
booking-service,GAP,JournalServiceImpl,findByEntryNumber,backend/booking-service/src/main/java/com/pml/booking/service/impl/JournalServiceImpl.java,227,2,0,False,False,no,
booking-service,GAP,JournalServiceImpl,findByCorrelationId,backend/booking-service/src/main/java/com/pml/booking/service/impl/JournalServiceImpl.java,232,5,0,False,False,no,
booking-service,GAP,JournalServiceImpl,findByDateRange,backend/booking-service/src/main/java/com/pml/booking/service/impl/JournalServiceImpl.java,237,2,0,False,False,no,
booking-service,GAP,JournalServiceImpl,findByStatus,backend/booking-service/src/main/java/com/pml/booking/service/impl/JournalServiceImpl.java,242,26,0,False,False,no,
booking-service,GAP,JournalServiceImpl,findByAccountCode,backend/booking-service/src/main/java/com/pml/booking/service/impl/JournalServiceImpl.java,247,12,0,False,False,no,
booking-service,GAP,JournalServiceImpl,findByAccountCodeAndDateRange,backend/booking-service/src/main/java/com/pml/booking/service/impl/JournalServiceImpl.java,252,1,0,False,False,no,
booking-service,GAP,JournalServiceImpl,generateEntryNumber,backend/booking-service/src/main/java/com/pml/booking/service/impl/JournalServiceImpl.java,266,2,0,False,False,no,
booking-service,GAP,JournalServiceImpl,validateEntry,backend/booking-service/src/main/java/com/pml/booking/service/impl/JournalServiceImpl.java,286,1,0,False,False,no,
booking-service,GAP,JournalServiceImpl,createEntry,backend/booking-service/src/main/java/com/pml/booking/service/impl/JournalServiceImpl.java,69,2,0,False,False,no,
booking-service,GAP,LiveDashboardServiceImpl,getBasicStats,backend/booking-service/src/main/java/com/pml/booking/service/impl/LiveDashboardServiceImpl.java,102,1,0,False,False,no,
booking-service,GAP,LiveDashboardServiceImpl,getTierStats,backend/booking-service/src/main/java/com/pml/booking/service/impl/LiveDashboardServiceImpl.java,129,1,0,False,False,no,
booking-service,GAP,LiveDashboardServiceImpl,getRecentCheckIns,backend/booking-service/src/main/java/com/pml/booking/service/impl/LiveDashboardServiceImpl.java,158,2,0,False,False,no,
booking-service,GAP,LiveDashboardServiceImpl,getCheckInsLastHour,backend/booking-service/src/main/java/com/pml/booking/service/impl/LiveDashboardServiceImpl.java,184,1,0,False,False,no,
booking-service,GAP,LiveDashboardServiceImpl,getEventLiveDashboard,backend/booking-service/src/main/java/com/pml/booking/service/impl/LiveDashboardServiceImpl.java,58,1,0,False,False,no,
booking-service,GAP,NotificationServiceImpl,sendOrganizerNotification,backend/booking-service/src/main/java/com/pml/booking/service/impl/NotificationServiceImpl.java,120,3,0,False,False,no,
booking-service,GAP,NotificationServiceImpl,sendOrganizerNotification,backend/booking-service/src/main/java/com/pml/booking/service/impl/NotificationServiceImpl.java,129,3,0,False,False,no,
booking-service,GAP,NotificationServiceImpl,sendAdminAlert,backend/booking-service/src/main/java/com/pml/booking/service/impl/NotificationServiceImpl.java,170,4,3,False,False,no,
booking-service,GAP,NotificationServiceImpl,sendAdminAlert,backend/booking-service/src/main/java/com/pml/booking/service/impl/NotificationServiceImpl.java,208,4,3,False,False,no,
booking-service,GAP,NotificationServiceImpl,sendReconciliationAlert,backend/booking-service/src/main/java/com/pml/booking/service/impl/NotificationServiceImpl.java,215,1,0,False,False,no,
booking-service,GAP,NotificationServiceImpl,sendEmail,backend/booking-service/src/main/java/com/pml/booking/service/impl/NotificationServiceImpl.java,249,3,3,False,False,no,
booking-service,GAP,NotificationServiceImpl,sendSlackMessage,backend/booking-service/src/main/java/com/pml/booking/service/impl/NotificationServiceImpl.java,277,2,0,False,False,no,
booking-service,GAP,NotificationServiceImpl,sendSmsToOnCall,backend/booking-service/src/main/java/com/pml/booking/service/impl/NotificationServiceImpl.java,314,1,0,False,False,no,
booking-service,GAP,NotificationServiceImpl,buildSubject,backend/booking-service/src/main/java/com/pml/booking/service/impl/NotificationServiceImpl.java,359,2,0,False,False,no,
booking-service,GAP,NotificationServiceImpl,buildOrganizerEmailBody,backend/booking-service/src/main/java/com/pml/booking/service/impl/NotificationServiceImpl.java,373,1,0,False,False,no,
booking-service,GAP,NotificationServiceImpl,buildChargebackReceivedBody,backend/booking-service/src/main/java/com/pml/booking/service/impl/NotificationServiceImpl.java,412,1,0,False,False,no,
booking-service,GAP,NotificationServiceImpl,buildChargebackResolvedBody,backend/booking-service/src/main/java/com/pml/booking/service/impl/NotificationServiceImpl.java,438,1,0,False,False,no,
booking-service,GAP,NotificationServiceImpl,buildChargebackWriteOffBody,backend/booking-service/src/main/java/com/pml/booking/service/impl/NotificationServiceImpl.java,461,1,0,False,False,no,
booking-service,GAP,NotificationServiceImpl,buildPayoutBody,backend/booking-service/src/main/java/com/pml/booking/service/impl/NotificationServiceImpl.java,476,1,0,False,False,no,
booking-service,GAP,NotificationServiceImpl,buildGenericBody,backend/booking-service/src/main/java/com/pml/booking/service/impl/NotificationServiceImpl.java,483,1,0,False,False,no,
booking-service,GAP,NotificationServiceImpl,buildAdminEmailBody,backend/booking-service/src/main/java/com/pml/booking/service/impl/NotificationServiceImpl.java,491,1,0,False,False,no,
booking-service,GAP,NotificationServiceImpl,buildSlackMessage,backend/booking-service/src/main/java/com/pml/booking/service/impl/NotificationServiceImpl.java,521,1,0,False,False,no,
booking-service,GAP,NotificationServiceImpl,buildSlackAlertMessage,backend/booking-service/src/main/java/com/pml/booking/service/impl/NotificationServiceImpl.java,556,1,0,False,False,no,
booking-service,GAP,NotificationServiceImpl,buildAlertMessage,backend/booking-service/src/main/java/com/pml/booking/service/impl/NotificationServiceImpl.java,563,1,0,False,False,no,
booking-service,GAP,NotificationServiceImpl,formatLabel,backend/booking-service/src/main/java/com/pml/booking/service/impl/NotificationServiceImpl.java,578,3,0,False,False,no,
booking-service,GAP,NotificationServiceImpl,escapeHtml,backend/booking-service/src/main/java/com/pml/booking/service/impl/NotificationServiceImpl.java,588,1,0,False,False,no,
booking-service,GAP,OrganizerDashboardServiceImpl,getFinanceOverview,backend/booking-service/src/main/java/com/pml/booking/service/impl/OrganizerDashboardServiceImpl.java,134,1,0,False,False,no,
booking-service,GAP,OrganizerDashboardServiceImpl,financeOverviewFor,backend/booking-service/src/main/java/com/pml/booking/service/impl/OrganizerDashboardServiceImpl.java,139,1,0,False,False,no,
booking-service,GAP,OrganizerDashboardServiceImpl,getRecentActivity,backend/booking-service/src/main/java/com/pml/booking/service/impl/OrganizerDashboardServiceImpl.java,189,1,0,False,False,no,
booking-service,GAP,OrganizerDashboardServiceImpl,recentActivityFor,backend/booking-service/src/main/java/com/pml/booking/service/impl/OrganizerDashboardServiceImpl.java,194,1,0,False,False,no,
booking-service,GAP,OrganizerDashboardServiceImpl,getUpcomingEvents,backend/booking-service/src/main/java/com/pml/booking/service/impl/OrganizerDashboardServiceImpl.java,210,1,0,False,False,no,
booking-service,GAP,OrganizerDashboardServiceImpl,getTransactions,backend/booking-service/src/main/java/com/pml/booking/service/impl/OrganizerDashboardServiceImpl.java,246,9,2,False,False,no,
booking-service,GAP,OrganizerDashboardServiceImpl,getRevenueAndTicketStats,backend/booking-service/src/main/java/com/pml/booking/service/impl/OrganizerDashboardServiceImpl.java,319,2,0,False,False,no,
booking-service,GAP,OrganizerDashboardServiceImpl,getAttendeeStats,backend/booking-service/src/main/java/com/pml/booking/service/impl/OrganizerDashboardServiceImpl.java,340,2,0,False,False,no,
booking-service,GAP,OrganizerDashboardServiceImpl,getPayoutStats,backend/booking-service/src/main/java/com/pml/booking/service/impl/OrganizerDashboardServiceImpl.java,358,1,0,False,False,no,
booking-service,GAP,OrganizerDashboardServiceImpl,getBalanceFromEscrow,backend/booking-service/src/main/java/com/pml/booking/service/impl/OrganizerDashboardServiceImpl.java,375,1,0,False,False,no,
booking-service,GAP,OrganizerDashboardServiceImpl,getPayoutInfo,backend/booking-service/src/main/java/com/pml/booking/service/impl/OrganizerDashboardServiceImpl.java,400,1,0,False,False,no,
booking-service,GAP,OrganizerDashboardServiceImpl,getRevenueBreakdown,backend/booking-service/src/main/java/com/pml/booking/service/impl/OrganizerDashboardServiceImpl.java,422,1,0,False,False,no,
booking-service,GAP,OrganizerDashboardServiceImpl,getMonthlyEarnings,backend/booking-service/src/main/java/com/pml/booking/service/impl/OrganizerDashboardServiceImpl.java,450,2,0,False,False,no,
booking-service,GAP,OrganizerDashboardServiceImpl,getRecentTicketSales,backend/booking-service/src/main/java/com/pml/booking/service/impl/OrganizerDashboardServiceImpl.java,464,1,0,False,False,no,
booking-service,GAP,OrganizerDashboardServiceImpl,getRecentCheckIns,backend/booking-service/src/main/java/com/pml/booking/service/impl/OrganizerDashboardServiceImpl.java,485,2,0,False,False,no,
booking-service,GAP,OrganizerDashboardServiceImpl,getRecentPayoutActivity,backend/booking-service/src/main/java/com/pml/booking/service/impl/OrganizerDashboardServiceImpl.java,505,1,0,False,False,no,
booking-service,GAP,OrganizerDashboardServiceImpl,asDecimal,backend/booking-service/src/main/java/com/pml/booking/service/impl/OrganizerDashboardServiceImpl.java,556,7,0,False,False,no,
booking-service,GAP,OrganizerDashboardServiceImpl,getRevenueSeries,backend/booking-service/src/main/java/com/pml/booking/service/impl/OrganizerDashboardServiceImpl.java,579,1,0,False,False,no,
booking-service,GAP,OrganizerDashboardServiceImpl,getTicketMix,backend/booking-service/src/main/java/com/pml/booking/service/impl/OrganizerDashboardServiceImpl.java,640,1,0,False,False,no,
booking-service,GAP,OrganizerDashboardServiceImpl,getDashboardStats,backend/booking-service/src/main/java/com/pml/booking/service/impl/OrganizerDashboardServiceImpl.java,68,1,0,False,False,no,
booking-service,GAP,OrganizerDashboardServiceImpl,getCheckInRate,backend/booking-service/src/main/java/com/pml/booking/service/impl/OrganizerDashboardServiceImpl.java,708,1,0,False,False,no,
booking-service,GAP,OrganizerDashboardServiceImpl,dashboardStatsFor,backend/booking-service/src/main/java/com/pml/booking/service/impl/OrganizerDashboardServiceImpl.java,76,1,0,False,False,no,
booking-service,GAP,OrganizerDashboardServiceImpl,getPayoutWindow,backend/booking-service/src/main/java/com/pml/booking/service/impl/OrganizerDashboardServiceImpl.java,762,1,0,False,False,no,
booking-service,GAP,OrganizerDashboardServiceImpl,getPayoutSources,backend/booking-service/src/main/java/com/pml/booking/service/impl/OrganizerDashboardServiceImpl.java,818,1,0,False,False,no,
booking-service,GAP,OrganizerDashboardServiceImpl,ticketToTransaction,backend/booking-service/src/main/java/com/pml/booking/service/impl/OrganizerDashboardServiceImpl.java,855,1,0,False,False,no,
booking-service,GAP,OrganizerDashboardServiceImpl,calculatePercentageChange,backend/booking-service/src/main/java/com/pml/booking/service/impl/OrganizerDashboardServiceImpl.java,871,4,0,False,False,no,
booking-service,GAP,OrganizerDashboardServiceImpl,calculatePercentageChange,backend/booking-service/src/main/java/com/pml/booking/service/impl/OrganizerDashboardServiceImpl.java,881,4,0,False,False,no,
booking-service,GAP,OrganizerDashboardServiceImpl,toInt,backend/booking-service/src/main/java/com/pml/booking/service/impl/OrganizerDashboardServiceImpl.java,896,3,0,False,False,no,
booking-service,GAP,OrganizerDashboardServiceImpl,toBigDecimal,backend/booking-service/src/main/java/com/pml/booking/service/impl/OrganizerDashboardServiceImpl.java,914,17,0,False,False,no,
booking-service,GAP,OrganizerDashboardServiceImpl,parseDateTime,backend/booking-service/src/main/java/com/pml/booking/service/impl/OrganizerDashboardServiceImpl.java,922,1,0,False,False,no,
booking-service,GAP,OrganizerDashboardServiceImpl,parseNullableDateTime,backend/booking-service/src/main/java/com/pml/booking/service/impl/OrganizerDashboardServiceImpl.java,937,2,0,False,False,no,
booking-service,GAP,PaymentAttemptServiceImpl,countByStatus,backend/booking-service/src/main/java/com/pml/booking/service/impl/PaymentAttemptServiceImpl.java,113,3,0,False,False,no,
booking-service,GAP,PaymentAttemptServiceImpl,countByEventIdAndStatus,backend/booking-service/src/main/java/com/pml/booking/service/impl/PaymentAttemptServiceImpl.java,118,1,0,False,False,no,
booking-service,GAP,PaymentAttemptServiceImpl,findById,backend/booking-service/src/main/java/com/pml/booking/service/impl/PaymentAttemptServiceImpl.java,34,115,18,False,False,no,
booking-service,GAP,PaymentAttemptServiceImpl,findByDepositId,backend/booking-service/src/main/java/com/pml/booking/service/impl/PaymentAttemptServiceImpl.java,39,8,1,False,False,no,
booking-service,GAP,PaymentAttemptServiceImpl,findByPaymentIntentId,backend/booking-service/src/main/java/com/pml/booking/service/impl/PaymentAttemptServiceImpl.java,44,3,0,False,False,no,
booking-service,GAP,PaymentAttemptServiceImpl,findByAttemptNumber,backend/booking-service/src/main/java/com/pml/booking/service/impl/PaymentAttemptServiceImpl.java,49,2,0,False,False,no,
booking-service,GAP,PaymentAttemptServiceImpl,findByReservationId,backend/booking-service/src/main/java/com/pml/booking/service/impl/PaymentAttemptServiceImpl.java,54,13,0,False,False,no,
booking-service,GAP,PaymentAttemptServiceImpl,findLatestByReservationId,backend/booking-service/src/main/java/com/pml/booking/service/impl/PaymentAttemptServiceImpl.java,59,1,0,False,False,no,
booking-service,GAP,PaymentAttemptServiceImpl,findSuccessfulByReservationId,backend/booking-service/src/main/java/com/pml/booking/service/impl/PaymentAttemptServiceImpl.java,64,1,0,False,False,no,
booking-service,GAP,PaymentAttemptServiceImpl,findByBuyerId,backend/booking-service/src/main/java/com/pml/booking/service/impl/PaymentAttemptServiceImpl.java,69,8,0,False,False,no,
booking-service,GAP,PaymentAttemptServiceImpl,findByEventId,backend/booking-service/src/main/java/com/pml/booking/service/impl/PaymentAttemptServiceImpl.java,74,44,2,False,False,no,
booking-service,GAP,PaymentAttemptServiceImpl,findByStatus,backend/booking-service/src/main/java/com/pml/booking/service/impl/PaymentAttemptServiceImpl.java,79,26,0,False,False,no,
booking-service,GAP,PaymentAttemptServiceImpl,findConfirmedUnfulfilled,backend/booking-service/src/main/java/com/pml/booking/service/impl/PaymentAttemptServiceImpl.java,84,1,0,False,False,no,
booking-service,GAP,PaymentAttemptServiceImpl,addNote,backend/booking-service/src/main/java/com/pml/booking/service/impl/PaymentAttemptServiceImpl.java,89,3,0,False,False,no,
booking-service,GAP,PaymentAttemptServiceImpl,setReviewStatus,backend/booking-service/src/main/java/com/pml/booking/service/impl/PaymentAttemptServiceImpl.java,99,2,0,False,False,no,
booking-service,GAP,PaymentServiceImpl,checkPaymentStatus,backend/booking-service/src/main/java/com/pml/booking/service/impl/PaymentServiceImpl.java,208,1,9,False,False,no,
booking-service,GAP,PaymentServiceImpl,cancelPayment,backend/booking-service/src/main/java/com/pml/booking/service/impl/PaymentServiceImpl.java,219,1,0,False,False,no,
booking-service,GAP,PaymentServiceImpl,findById,backend/booking-service/src/main/java/com/pml/booking/service/impl/PaymentServiceImpl.java,250,115,18,False,False,no,
booking-service,GAP,PaymentServiceImpl,findByReservationId,backend/booking-service/src/main/java/com/pml/booking/service/impl/PaymentServiceImpl.java,255,13,0,False,False,no,
booking-service,GAP,PaymentServiceImpl,findByIdempotencyKey,backend/booking-service/src/main/java/com/pml/booking/service/impl/PaymentServiceImpl.java,260,4,1,False,False,no,
booking-service,GAP,PaymentServiceImpl,findByUserId,backend/booking-service/src/main/java/com/pml/booking/service/impl/PaymentServiceImpl.java,265,1,0,False,False,no,
booking-service,GAP,PaymentServiceImpl,findByEventId,backend/booking-service/src/main/java/com/pml/booking/service/impl/PaymentServiceImpl.java,270,44,2,False,False,no,
booking-service,GAP,PaymentServiceImpl,mapNetworkToProvider,backend/booking-service/src/main/java/com/pml/booking/service/impl/PaymentServiceImpl.java,274,1,0,False,False,no,
booking-service,GAP,PaymentServiceImpl,mapNetworkToCorrespondent,backend/booking-service/src/main/java/com/pml/booking/service/impl/PaymentServiceImpl.java,284,1,0,False,False,no,
booking-service,GAP,PaymentServiceImpl,createPaymentIntent,backend/booking-service/src/main/java/com/pml/booking/service/impl/PaymentServiceImpl.java,67,1,0,False,False,no,
booking-service,GAP,PayoutEligibilityServiceImpl,noEscrow,backend/booking-service/src/main/java/com/pml/booking/service/impl/PayoutEligibilityServiceImpl.java,104,2,0,False,False,no,
booking-service,GAP,PayoutEligibilityServiceImpl,evaluate,backend/booking-service/src/main/java/com/pml/booking/service/impl/PayoutEligibilityServiceImpl.java,73,5,0,False,False,no,
booking-service,GAP,PayoutEligibilityServiceImpl,evaluateFor,backend/booking-service/src/main/java/com/pml/booking/service/impl/PayoutEligibilityServiceImpl.java,79,1,0,False,False,no,
booking-service,GAP,PayoutRequestServiceImpl,save,backend/booking-service/src/main/java/com/pml/booking/service/impl/PayoutRequestServiceImpl.java,106,114,48,False,False,no,
booking-service,GAP,PayoutRequestServiceImpl,findByOrganizationIdIn,backend/booking-service/src/main/java/com/pml/booking/service/impl/PayoutRequestServiceImpl.java,111,4,1,False,False,no,
booking-service,GAP,PayoutRequestServiceImpl,findByOrganizationIdInAndStatus,backend/booking-service/src/main/java/com/pml/booking/service/impl/PayoutRequestServiceImpl.java,119,2,0,False,False,no,
booking-service,GAP,PayoutRequestServiceImpl,findById,backend/booking-service/src/main/java/com/pml/booking/service/impl/PayoutRequestServiceImpl.java,37,115,18,False,False,no,
booking-service,GAP,PayoutRequestServiceImpl,findByRequestId,backend/booking-service/src/main/java/com/pml/booking/service/impl/PayoutRequestServiceImpl.java,43,10,2,False,False,no,
booking-service,GAP,PayoutRequestServiceImpl,findByIdempotencyKey,backend/booking-service/src/main/java/com/pml/booking/service/impl/PayoutRequestServiceImpl.java,49,4,1,False,False,no,
booking-service,GAP,PayoutRequestServiceImpl,findByOrganizerId,backend/booking-service/src/main/java/com/pml/booking/service/impl/PayoutRequestServiceImpl.java,54,16,0,False,False,no,
booking-service,GAP,PayoutRequestServiceImpl,findByStatus,backend/booking-service/src/main/java/com/pml/booking/service/impl/PayoutRequestServiceImpl.java,60,26,0,False,False,no,
booking-service,GAP,PayoutRequestServiceImpl,findByEventId,backend/booking-service/src/main/java/com/pml/booking/service/impl/PayoutRequestServiceImpl.java,66,44,2,False,False,no,
booking-service,GAP,PayoutRequestServiceImpl,findAll,backend/booking-service/src/main/java/com/pml/booking/service/impl/PayoutRequestServiceImpl.java,78,35,5,False,False,no,
booking-service,GAP,PayoutRequestServiceImpl,findRetryable,backend/booking-service/src/main/java/com/pml/booking/service/impl/PayoutRequestServiceImpl.java,84,1,0,False,False,no,
booking-service,GAP,PayoutRequestServiceImpl,findResolvedAfter,backend/booking-service/src/main/java/com/pml/booking/service/impl/PayoutRequestServiceImpl.java,90,1,0,False,False,no,
booking-service,GAP,PayoutRequestServiceImpl,countByIssueType,backend/booking-service/src/main/java/com/pml/booking/service/impl/PayoutRequestServiceImpl.java,96,2,0,False,False,no,
booking-service,GAP,PlatformAccountServiceImpl,debit,backend/booking-service/src/main/java/com/pml/booking/service/impl/PlatformAccountServiceImpl.java,107,27,0,False,True,no,
booking-service,GAP,PlatformAccountServiceImpl,transfer,backend/booking-service/src/main/java/com/pml/booking/service/impl/PlatformAccountServiceImpl.java,132,1,0,False,False,no,
booking-service,GAP,PlatformAccountServiceImpl,getBalance,backend/booking-service/src/main/java/com/pml/booking/service/impl/PlatformAccountServiceImpl.java,153,10,0,False,False,no,
booking-service,GAP,PlatformAccountServiceImpl,hasSufficientBalance,backend/booking-service/src/main/java/com/pml/booking/service/impl/PlatformAccountServiceImpl.java,165,5,0,False,False,no,
booking-service,GAP,PlatformAccountServiceImpl,recoverFromReserve,backend/booking-service/src/main/java/com/pml/booking/service/impl/PlatformAccountServiceImpl.java,172,1,0,False,False,no,
booking-service,GAP,PlatformAccountServiceImpl,getOrCreateAccount,backend/booking-service/src/main/java/com/pml/booking/service/impl/PlatformAccountServiceImpl.java,48,2,0,False,False,no,
booking-service,GAP,PlatformAccountServiceImpl,createAccountByType,backend/booking-service/src/main/java/com/pml/booking/service/impl/PlatformAccountServiceImpl.java,59,1,0,False,False,no,
booking-service,GAP,PlatformAccountServiceImpl,getByType,backend/booking-service/src/main/java/com/pml/booking/service/impl/PlatformAccountServiceImpl.java,68,2,0,False,False,no,
booking-service,GAP,PlatformAccountServiceImpl,findById,backend/booking-service/src/main/java/com/pml/booking/service/impl/PlatformAccountServiceImpl.java,73,115,18,False,False,no,
booking-service,GAP,PlatformAccountServiceImpl,credit,backend/booking-service/src/main/java/com/pml/booking/service/impl/PlatformAccountServiceImpl.java,88,22,0,False,True,no,
booking-service,GAP,PlatformSummaryServiceImpl,aggregateEscrowSummary,backend/booking-service/src/main/java/com/pml/booking/service/impl/PlatformSummaryServiceImpl.java,75,2,0,False,False,no,
booking-service,GAP,PlatformSummaryServiceImpl,aggregateTransactionSummary,backend/booking-service/src/main/java/com/pml/booking/service/impl/PlatformSummaryServiceImpl.java,81,2,0,False,False,no,
booking-service,GAP,PlatformSummaryServiceImpl,aggregatePayoutSummary,backend/booking-service/src/main/java/com/pml/booking/service/impl/PlatformSummaryServiceImpl.java,87,2,0,False,False,no,
booking-service,GAP,PlatformSummaryServiceImpl,aggregateTicketSummary,backend/booking-service/src/main/java/com/pml/booking/service/impl/PlatformSummaryServiceImpl.java,93,2,0,False,False,no,
booking-service,GAP,PromoCodeServiceImpl,findByEventId,backend/booking-service/src/main/java/com/pml/booking/service/impl/PromoCodeServiceImpl.java,157,44,2,False,False,no,
booking-service,GAP,PromoCodeServiceImpl,findByOrganizerId,backend/booking-service/src/main/java/com/pml/booking/service/impl/PromoCodeServiceImpl.java,162,16,0,False,False,no,
booking-service,GAP,PromoCodeServiceImpl,findById,backend/booking-service/src/main/java/com/pml/booking/service/impl/PromoCodeServiceImpl.java,185,115,18,False,False,no,
booking-service,GAP,PurchaseServiceImpl,release,backend/booking-service/src/main/java/com/pml/booking/service/impl/PurchaseServiceImpl.java,255,9,7,True,False,no,
booking-service,GAP,PurchaseServiceImpl,releaseInventory,backend/booking-service/src/main/java/com/pml/booking/service/impl/PurchaseServiceImpl.java,281,5,0,False,False,no,
booking-service,GAP,ReconciliationServiceImpl,startBankReconciliation,backend/booking-service/src/main/java/com/pml/booking/service/impl/ReconciliationServiceImpl.java,134,1,0,False,False,no,
booking-service,GAP,ReconciliationServiceImpl,startEscrowReconciliation,backend/booking-service/src/main/java/com/pml/booking/service/impl/ReconciliationServiceImpl.java,178,2,0,False,False,no,
booking-service,GAP,ReconciliationServiceImpl,reconcileEscrowAccount,backend/booking-service/src/main/java/com/pml/booking/service/impl/ReconciliationServiceImpl.java,230,1,0,False,False,no,
booking-service,GAP,ReconciliationServiceImpl,startEscrowJournalReconciliation,backend/booking-service/src/main/java/com/pml/booking/service/impl/ReconciliationServiceImpl.java,272,3,0,False,False,no,
booking-service,GAP,ReconciliationServiceImpl,startEscrowJournalReconciliation,backend/booking-service/src/main/java/com/pml/booking/service/impl/ReconciliationServiceImpl.java,282,3,0,False,False,no,
booking-service,GAP,ReconciliationServiceImpl,verifyAllEscrowJournalConsistency,backend/booking-service/src/main/java/com/pml/booking/service/impl/ReconciliationServiceImpl.java,453,4,0,False,False,no,
booking-service,GAP,ReconciliationServiceImpl,verifyAllEscrowJournalConsistency,backend/booking-service/src/main/java/com/pml/booking/service/impl/ReconciliationServiceImpl.java,472,4,0,False,False,no,
booking-service,GAP,ReconciliationServiceImpl,getEscrowAccountCode,backend/booking-service/src/main/java/com/pml/booking/service/impl/ReconciliationServiceImpl.java,487,3,0,False,False,no,
booking-service,GAP,ReconciliationServiceImpl,resolveItem,backend/booking-service/src/main/java/com/pml/booking/service/impl/ReconciliationServiceImpl.java,498,2,0,False,False,no,
booking-service,GAP,ReconciliationServiceImpl,completeRun,backend/booking-service/src/main/java/com/pml/booking/service/impl/ReconciliationServiceImpl.java,521,1,0,False,False,no,
booking-service,GAP,ReconciliationServiceImpl,failRun,backend/booking-service/src/main/java/com/pml/booking/service/impl/ReconciliationServiceImpl.java,547,1,0,False,False,no,
booking-service,GAP,ReconciliationServiceImpl,findAll,backend/booking-service/src/main/java/com/pml/booking/service/impl/ReconciliationServiceImpl.java,563,35,5,False,False,no,
booking-service,GAP,ReconciliationServiceImpl,findById,backend/booking-service/src/main/java/com/pml/booking/service/impl/ReconciliationServiceImpl.java,568,115,18,False,False,no,
booking-service,GAP,ReconciliationServiceImpl,findByType,backend/booking-service/src/main/java/com/pml/booking/service/impl/ReconciliationServiceImpl.java,573,4,0,False,False,no,
booking-service,GAP,ReconciliationServiceImpl,findByStatus,backend/booking-service/src/main/java/com/pml/booking/service/impl/ReconciliationServiceImpl.java,578,26,0,False,False,no,
booking-service,GAP,ReconciliationServiceImpl,findByDateRange,backend/booking-service/src/main/java/com/pml/booking/service/impl/ReconciliationServiceImpl.java,583,2,0,False,False,no,
booking-service,GAP,ReconciliationServiceImpl,findRequiringReview,backend/booking-service/src/main/java/com/pml/booking/service/impl/ReconciliationServiceImpl.java,588,1,0,False,False,no,
booking-service,GAP,ReconciliationServiceImpl,getSummary,backend/booking-service/src/main/java/com/pml/booking/service/impl/ReconciliationServiceImpl.java,597,1,0,False,False,no,
booking-service,GAP,ReconciliationServiceImpl,generateReport,backend/booking-service/src/main/java/com/pml/booking/service/impl/ReconciliationServiceImpl.java,651,1,0,False,False,no,
booking-service,GAP,ReconciliationServiceImpl,sendReconciliationAlerts,backend/booking-service/src/main/java/com/pml/booking/service/impl/ReconciliationServiceImpl.java,726,1,0,False,False,no,
booking-service,GAP,ReconciliationServiceImpl,createReconciliationRun,backend/booking-service/src/main/java/com/pml/booking/service/impl/ReconciliationServiceImpl.java,823,4,0,False,False,no,
booking-service,GAP,ReconciliationServiceImpl,processMatching,backend/booking-service/src/main/java/com/pml/booking/service/impl/ReconciliationServiceImpl.java,856,2,0,False,False,no,
booking-service,GAP,ReconciliationServiceImpl,processGatewayMatching,backend/booking-service/src/main/java/com/pml/booking/service/impl/ReconciliationServiceImpl.java,888,1,0,False,False,no,
booking-service,GAP,ReconciliationServiceImpl,startGatewayReconciliation,backend/booking-service/src/main/java/com/pml/booking/service/impl/ReconciliationServiceImpl.java,92,1,0,False,False,no,
booking-service,GAP,ReconciliationServiceImpl,processBankMatching,backend/booking-service/src/main/java/com/pml/booking/service/impl/ReconciliationServiceImpl.java,998,1,0,False,False,no,
booking-service,GAP,RefundServiceImpl,requestPartialRefund,backend/booking-service/src/main/java/com/pml/booking/service/impl/RefundServiceImpl.java,107,1,0,False,False,no,
booking-service,GAP,RefundServiceImpl,approveRefund,backend/booking-service/src/main/java/com/pml/booking/service/impl/RefundServiceImpl.java,134,1,0,False,False,no,
booking-service,GAP,RefundServiceImpl,rejectRefund,backend/booking-service/src/main/java/com/pml/booking/service/impl/RefundServiceImpl.java,157,1,0,False,False,no,
booking-service,GAP,RefundServiceImpl,findById,backend/booking-service/src/main/java/com/pml/booking/service/impl/RefundServiceImpl.java,280,115,18,False,False,no,
booking-service,GAP,RefundServiceImpl,findByTicketId,backend/booking-service/src/main/java/com/pml/booking/service/impl/RefundServiceImpl.java,285,18,1,False,False,no,
booking-service,GAP,RefundServiceImpl,findByEventId,backend/booking-service/src/main/java/com/pml/booking/service/impl/RefundServiceImpl.java,290,44,2,False,False,no,
booking-service,GAP,RefundServiceImpl,findByBuyerId,backend/booking-service/src/main/java/com/pml/booking/service/impl/RefundServiceImpl.java,295,8,0,False,False,no,
booking-service,GAP,RefundServiceImpl,findByRequestId,backend/booking-service/src/main/java/com/pml/booking/service/impl/RefundServiceImpl.java,300,10,2,False,False,no,
booking-service,GAP,RefundServiceImpl,findAll,backend/booking-service/src/main/java/com/pml/booking/service/impl/RefundServiceImpl.java,305,35,5,False,False,no,
booking-service,GAP,RefundServiceImpl,findPendingRefunds,backend/booking-service/src/main/java/com/pml/booking/service/impl/RefundServiceImpl.java,310,1,0,False,False,no,
booking-service,GAP,RefundServiceImpl,calculateRefundBreakdown,backend/booking-service/src/main/java/com/pml/booking/service/impl/RefundServiceImpl.java,369,1,0,False,False,no,
booking-service,GAP,RefundServiceImpl,parseEventDate,backend/booking-service/src/main/java/com/pml/booking/service/impl/RefundServiceImpl.java,440,1,0,False,False,no,
booking-service,GAP,RefundServiceImpl,buildPolicyDetails,backend/booking-service/src/main/java/com/pml/booking/service/impl/RefundServiceImpl.java,592,1,0,False,False,no,
booking-service,GAP,RefundServiceImpl,isRefundable,backend/booking-service/src/main/java/com/pml/booking/service/impl/RefundServiceImpl.java,616,7,0,False,False,no,
booking-service,GAP,RefundServiceImpl,buildRefundRequest,backend/booking-service/src/main/java/com/pml/booking/service/impl/RefundServiceImpl.java,621,3,0,False,False,no,
booking-service,GAP,RefundServiceImpl,updateTicketForCompletedRefund,backend/booking-service/src/main/java/com/pml/booking/service/impl/RefundServiceImpl.java,748,1,0,False,False,no,
booking-service,GAP,RefundServiceImpl,generateRefundRequestId,backend/booking-service/src/main/java/com/pml/booking/service/impl/RefundServiceImpl.java,770,1,0,False,False,no,
booking-service,GAP,RefundServiceImpl,requestRefund,backend/booking-service/src/main/java/com/pml/booking/service/impl/RefundServiceImpl.java,87,1,0,False,False,no,
booking-service,GAP,ReservationServiceImpl,translate,backend/booking-service/src/main/java/com/pml/booking/service/impl/ReservationServiceImpl.java,140,3,15,False,False,no,
booking-service,GAP,ReservationServiceImpl,giveBack,backend/booking-service/src/main/java/com/pml/booking/service/impl/ReservationServiceImpl.java,178,2,0,False,False,no,
booking-service,GAP,ReservationServiceImpl,findById,backend/booking-service/src/main/java/com/pml/booking/service/impl/ReservationServiceImpl.java,281,115,18,False,False,no,
booking-service,GAP,ReservationServiceImpl,findActiveByUserId,backend/booking-service/src/main/java/com/pml/booking/service/impl/ReservationServiceImpl.java,286,2,0,False,False,no,
booking-service,GAP,ReservationServiceImpl,findByEventId,backend/booking-service/src/main/java/com/pml/booking/service/impl/ReservationServiceImpl.java,291,44,2,False,False,no,
booking-service,GAP,ReservationServiceImpl,findExpiredByEventId,backend/booking-service/src/main/java/com/pml/booking/service/impl/ReservationServiceImpl.java,296,1,0,False,False,no,
booking-service,GAP,ReservationServiceImpl,findExpiredSince,backend/booking-service/src/main/java/com/pml/booking/service/impl/ReservationServiceImpl.java,302,1,0,False,False,no,
booking-service,GAP,TicketServiceImpl,requestRefund,backend/booking-service/src/main/java/com/pml/booking/service/impl/TicketServiceImpl.java,103,1,0,False,False,no,
booking-service,GAP,TicketServiceImpl,transition,backend/booking-service/src/main/java/com/pml/booking/service/impl/TicketServiceImpl.java,127,4,0,False,False,no,
booking-service,GAP,TicketServiceImpl,countByEventId,backend/booking-service/src/main/java/com/pml/booking/service/impl/TicketServiceImpl.java,141,2,0,False,False,no,
booking-service,GAP,TicketServiceImpl,countByBuyerId,backend/booking-service/src/main/java/com/pml/booking/service/impl/TicketServiceImpl.java,146,2,0,False,False,no,
booking-service,GAP,TicketServiceImpl,countSoldByEventId,backend/booking-service/src/main/java/com/pml/booking/service/impl/TicketServiceImpl.java,156,1,0,False,False,no,
booking-service,GAP,TicketServiceImpl,countByEventIdAndStatusIn,backend/booking-service/src/main/java/com/pml/booking/service/impl/TicketServiceImpl.java,165,10,0,False,False,no,
booking-service,GAP,TicketServiceImpl,countByBuyerIdAndStatusIn,backend/booking-service/src/main/java/com/pml/booking/service/impl/TicketServiceImpl.java,171,2,0,False,False,no,
booking-service,GAP,TicketServiceImpl,calculateRevenueByEventId,backend/booking-service/src/main/java/com/pml/booking/service/impl/TicketServiceImpl.java,177,2,0,False,False,no,
booking-service,GAP,TicketServiceImpl,calculateTotalSpentByBuyerId,backend/booking-service/src/main/java/com/pml/booking/service/impl/TicketServiceImpl.java,183,2,0,False,False,no,
booking-service,GAP,TicketServiceImpl,generateQrCodeData,backend/booking-service/src/main/java/com/pml/booking/service/impl/TicketServiceImpl.java,320,1,0,False,False,no,
booking-service,GAP,TicketServiceImpl,generateBarcodeData,backend/booking-service/src/main/java/com/pml/booking/service/impl/TicketServiceImpl.java,326,1,0,False,False,no,
booking-service,GAP,TicketServiceImpl,findById,backend/booking-service/src/main/java/com/pml/booking/service/impl/TicketServiceImpl.java,39,115,18,False,False,no,
booking-service,GAP,TicketServiceImpl,findByTicketNumber,backend/booking-service/src/main/java/com/pml/booking/service/impl/TicketServiceImpl.java,44,8,0,False,False,no,
booking-service,GAP,TicketServiceImpl,findAll,backend/booking-service/src/main/java/com/pml/booking/service/impl/TicketServiceImpl.java,49,35,5,False,False,no,
booking-service,GAP,TicketServiceImpl,findByEventId,backend/booking-service/src/main/java/com/pml/booking/service/impl/TicketServiceImpl.java,54,44,2,False,False,no,
booking-service,GAP,TicketServiceImpl,findByBuyerId,backend/booking-service/src/main/java/com/pml/booking/service/impl/TicketServiceImpl.java,59,8,0,False,False,no,
booking-service,GAP,TicketServiceImpl,findByBuyerIdAndStatus,backend/booking-service/src/main/java/com/pml/booking/service/impl/TicketServiceImpl.java,64,3,0,False,False,no,
booking-service,GAP,TicketServiceImpl,findByEventIdAndStatus,backend/booking-service/src/main/java/com/pml/booking/service/impl/TicketServiceImpl.java,69,4,0,False,False,no,
booking-service,GAP,TicketServiceImpl,findByStatus,backend/booking-service/src/main/java/com/pml/booking/service/impl/TicketServiceImpl.java,74,26,0,False,False,no,
booking-service,GAP,TicketServiceImpl,findByOrganizerId,backend/booking-service/src/main/java/com/pml/booking/service/impl/TicketServiceImpl.java,79,16,0,False,False,no,
booking-service,GAP,BulkOperationResponse,success,backend/booking-service/src/main/java/com/pml/booking/web/graphql/dto/BulkOperationResponse.java,19,10,3,False,False,no,
booking-service,GAP,BulkOperationResponse,partial,backend/booking-service/src/main/java/com/pml/booking/web/graphql/dto/BulkOperationResponse.java,26,6,0,False,False,no,
booking-service,GAP,BulkOperationResponse,error,backend/booking-service/src/main/java/com/pml/booking/web/graphql/dto/BulkOperationResponse.java,36,305,23,False,False,no,
booking-service,GAP,ChargebackOffsetPage,empty,backend/booking-service/src/main/java/com/pml/booking/web/graphql/dto/ChargebackOffsetPage.java,22,81,35,False,False,no,
booking-service,GAP,ChartOfAccountsOffsetPage,empty,backend/booking-service/src/main/java/com/pml/booking/web/graphql/dto/ChartOfAccountsOffsetPage.java,22,81,35,False,False,no,
booking-service,GAP,EscrowJournalVerificationResponse,fromResult,backend/booking-service/src/main/java/com/pml/booking/web/graphql/dto/EscrowJournalVerificationResponse.java,69,4,0,False,False,no,
booking-service,GAP,EscrowJournalVerificationResponse,error,backend/booking-service/src/main/java/com/pml/booking/web/graphql/dto/EscrowJournalVerificationResponse.java,95,305,23,False,False,no,
booking-service,GAP,EscrowTransactionOffsetPage,empty,backend/booking-service/src/main/java/com/pml/booking/web/graphql/dto/EscrowTransactionOffsetPage.java,22,81,35,False,False,no,
booking-service,GAP,JournalEntryOffsetPage,empty,backend/booking-service/src/main/java/com/pml/booking/web/graphql/dto/JournalEntryOffsetPage.java,22,81,35,False,False,no,
booking-service,GAP,LiveDashboard,empty,backend/booking-service/src/main/java/com/pml/booking/web/graphql/dto/LiveDashboard.java,61,81,35,False,False,no,
booking-service,GAP,SortDirection,defaults,backend/booking-service/src/main/java/com/pml/booking/web/graphql/dto/OffsetPaginationInput.java,50,12,0,False,False,no,
booking-service,GAP,SortDirection,of,backend/booking-service/src/main/java/com/pml/booking/web/graphql/dto/OffsetPaginationInput.java,55,246,431,False,False,no,
booking-service,GAP,PageInfo,empty,backend/booking-service/src/main/java/com/pml/booking/web/graphql/dto/PageInfo.java,13,81,35,False,False,no,
booking-service,GAP,PageInfo,of,backend/booking-service/src/main/java/com/pml/booking/web/graphql/dto/PageInfo.java,17,246,431,False,False,no,
booking-service,GAP,PaymentInitiationResponse,pending,backend/booking-service/src/main/java/com/pml/booking/web/graphql/dto/PaymentInitiationResponse.java,22,4,6,False,False,no,
booking-service,GAP,PaymentInitiationResponse,error,backend/booking-service/src/main/java/com/pml/booking/web/graphql/dto/PaymentInitiationResponse.java,30,305,23,False,False,no,
booking-service,GAP,PlatformSummary,empty,backend/booking-service/src/main/java/com/pml/booking/web/graphql/dto/PlatformSummary.java,48,81,35,False,False,no,
booking-service,GAP,PromoCodeValidation,valid,backend/booking-service/src/main/java/com/pml/booking/web/graphql/dto/PromoCodeValidation.java,38,3,0,False,True,no,
booking-service,GAP,ReconciliationRunOffsetPage,empty,backend/booking-service/src/main/java/com/pml/booking/web/graphql/dto/ReconciliationRunOffsetPage.java,22,81,35,False,False,no,
booking-service,GAP,RefundCalculation,eligible,backend/booking-service/src/main/java/com/pml/booking/web/graphql/dto/RefundCalculation.java,67,6,0,False,True,no,
booking-service,GAP,RefundCalculation,ineligible,backend/booking-service/src/main/java/com/pml/booking/web/graphql/dto/RefundCalculation.java,99,5,0,False,False,no,
booking-service,GAP,ReportExport,of,backend/booking-service/src/main/java/com/pml/booking/web/graphql/dto/ReportExport.java,26,246,431,False,False,no,
booking-service,GAP,ReservationOffsetPage,empty,backend/booking-service/src/main/java/com/pml/booking/web/graphql/dto/ReservationOffsetPage.java,15,81,35,False,False,no,
booking-service,GAP,StartReconciliationInput,shouldIncludeClosed,backend/booking-service/src/main/java/com/pml/booking/web/graphql/dto/StartReconciliationInput.java,45,1,0,False,False,no,
booking-service,GAP,TicketConnection,empty,backend/booking-service/src/main/java/com/pml/booking/web/graphql/dto/TicketConnection.java,14,81,35,False,False,no,
booking-service,GAP,TicketEdge,of,backend/booking-service/src/main/java/com/pml/booking/web/graphql/dto/TicketEdge.java,12,246,431,False,False,no,
booking-service,GAP,TierCheckInStats,of,backend/booking-service/src/main/java/com/pml/booking/web/graphql/dto/TierCheckInStats.java,38,246,431,False,False,no,
booking-service,GAP,OrganizerDashboardStats,empty,backend/booking-service/src/main/java/com/pml/booking/web/graphql/dto/organizer/OrganizerDashboardStats.java,108,81,35,False,False,no,
booking-service,GAP,OrganizerFinanceOverview,empty,backend/booking-service/src/main/java/com/pml/booking/web/graphql/dto/organizer/OrganizerFinanceOverview.java,110,81,35,False,False,no,
booking-service,GAP,OrganizerPayoutWindow,windowBetween,backend/booking-service/src/main/java/com/pml/booking/web/graphql/dto/organizer/OrganizerPayoutWindow.java,81,1,0,False,False,no,
booking-service,GAP,OrganizerPayoutWindow,empty,backend/booking-service/src/main/java/com/pml/booking/web/graphql/dto/organizer/OrganizerPayoutWindow.java,96,81,35,False,False,no,
booking-service,GAP,OrganizerRevenuePoint,forMonth,backend/booking-service/src/main/java/com/pml/booking/web/graphql/dto/organizer/OrganizerRevenuePoint.java,37,1,0,False,False,no,
booking-service,GAP,OrganizerTicketMix,empty,backend/booking-service/src/main/java/com/pml/booking/web/graphql/dto/organizer/OrganizerTicketMix.java,48,81,35,False,False,no,
booking-service,GAP,OrganizerTransactionFilterInput,empty,backend/booking-service/src/main/java/com/pml/booking/web/graphql/dto/organizer/OrganizerTransactionFilterInput.java,20,81,35,False,False,no,
booking-service,GAP,OrganizerTransactionOffsetPage,empty,backend/booking-service/src/main/java/com/pml/booking/web/graphql/dto/organizer/OrganizerTransactionOffsetPage.java,65,81,35,False,False,no,
booking-service,GAP,PayoutEligibilityResult,from,backend/booking-service/src/main/java/com/pml/booking/web/graphql/dto/organizer/PayoutEligibilityResult.java,28,61,39,False,False,no,
booking-service,GAP,PayoutRequestStats,of,backend/booking-service/src/main/java/com/pml/booking/web/graphql/dto/stats/PayoutRequestStats.java,21,246,431,False,False,no,
booking-service,GAP,JournalEntryMutationResolver,toJournalLine,backend/booking-service/src/main/java/com/pml/booking/web/graphql/mutation/JournalEntryMutationResolver.java,151,1,0,False,False,no,
booking-service,GAP,PayoutRequestMutationResolver,bulkResponse,backend/booking-service/src/main/java/com/pml/booking/web/graphql/mutation/PayoutRequestMutationResolver.java,228,2,0,False,False,no,
booking-service,GAP,ChargebackQueryResolver,getFilteredChargebacks,backend/booking-service/src/main/java/com/pml/booking/web/graphql/query/ChargebackQueryResolver.java,198,1,0,False,False,no,
booking-service,GAP,ChargebackQueryResolver,buildOffsetPage,backend/booking-service/src/main/java/com/pml/booking/web/graphql/query/ChargebackQueryResolver.java,221,32,0,False,False,no,
booking-service,GAP,ChartOfAccountsQueryResolver,buildOffsetPage,backend/booking-service/src/main/java/com/pml/booking/web/graphql/query/ChartOfAccountsQueryResolver.java,122,32,0,False,False,no,
booking-service,GAP,EscrowAccountQueryResolver,buildOffsetPage,backend/booking-service/src/main/java/com/pml/booking/web/graphql/query/EscrowAccountQueryResolver.java,166,32,0,False,False,no,
booking-service,GAP,EscrowAccountQueryResolver,applyFilters,backend/booking-service/src/main/java/com/pml/booking/web/graphql/query/EscrowAccountQueryResolver.java,196,5,0,False,False,no,
booking-service,GAP,EscrowAccountQueryResolver,mapToAccountSummary,backend/booking-service/src/main/java/com/pml/booking/web/graphql/query/EscrowAccountQueryResolver.java,218,1,0,False,False,no,
booking-service,GAP,EscrowTransactionQueryResolver,accountVisibleToCaller,backend/booking-service/src/main/java/com/pml/booking/web/graphql/query/EscrowTransactionQueryResolver.java,134,1,0,False,False,no,
booking-service,GAP,EscrowTransactionQueryResolver,buildOffsetPage,backend/booking-service/src/main/java/com/pml/booking/web/graphql/query/EscrowTransactionQueryResolver.java,182,32,0,False,False,no,
booking-service,GAP,JournalEntryQueryResolver,getFilteredEntries,backend/booking-service/src/main/java/com/pml/booking/web/graphql/query/JournalEntryQueryResolver.java,149,1,0,False,False,no,
booking-service,GAP,JournalEntryQueryResolver,buildOffsetPage,backend/booking-service/src/main/java/com/pml/booking/web/graphql/query/JournalEntryQueryResolver.java,180,32,0,False,False,no,
booking-service,GAP,PayoutRequestQueryResolver,buildOffsetPageWithTotal,backend/booking-service/src/main/java/com/pml/booking/web/graphql/query/PayoutRequestQueryResolver.java,344,3,0,False,False,no,
booking-service,GAP,PayoutRequestQueryResolver,buildOffsetPage,backend/booking-service/src/main/java/com/pml/booking/web/graphql/query/PayoutRequestQueryResolver.java,368,32,0,False,False,no,
booking-service,GAP,PayoutRequestQueryResolver,applyFilters,backend/booking-service/src/main/java/com/pml/booking/web/graphql/query/PayoutRequestQueryResolver.java,392,5,0,False,False,no,
booking-service,GAP,ReconciliationQueryResolver,mapToDto,backend/booking-service/src/main/java/com/pml/booking/web/graphql/query/ReconciliationQueryResolver.java,150,1,0,False,False,no,
booking-service,GAP,ReconciliationQueryResolver,startOf,backend/booking-service/src/main/java/com/pml/booking/web/graphql/query/ReconciliationQueryResolver.java,163,2,0,False,False,no,
booking-service,GAP,ReconciliationQueryResolver,getFilteredRuns,backend/booking-service/src/main/java/com/pml/booking/web/graphql/query/ReconciliationQueryResolver.java,260,1,0,False,False,no,
booking-service,GAP,ReconciliationQueryResolver,buildOffsetPage,backend/booking-service/src/main/java/com/pml/booking/web/graphql/query/ReconciliationQueryResolver.java,286,32,0,False,False,no,
booking-service,GAP,RefundRequestQueryResolver,buildOffsetPage,backend/booking-service/src/main/java/com/pml/booking/web/graphql/query/RefundRequestQueryResolver.java,219,32,0,False,False,no,
booking-service,GAP,RefundRequestQueryResolver,applyFilters,backend/booking-service/src/main/java/com/pml/booking/web/graphql/query/RefundRequestQueryResolver.java,243,5,0,False,False,no,
booking-service,GAP,RefundRequestQueryResolver,buildRefundSummary,backend/booking-service/src/main/java/com/pml/booking/web/graphql/query/RefundRequestQueryResolver.java,267,1,0,False,False,no,
booking-service,GAP,RefundRequestQueryResolver,isRefundableStatus,backend/booking-service/src/main/java/com/pml/booking/web/graphql/query/RefundRequestQueryResolver.java,341,1,0,False,False,no,
booking-service,GAP,ReservationQueryResolver,buildOffsetPage,backend/booking-service/src/main/java/com/pml/booking/web/graphql/query/ReservationQueryResolver.java,151,32,0,False,False,no,
booking-service,GAP,ReservationQueryResolver,visibleTo,backend/booking-service/src/main/java/com/pml/booking/web/graphql/query/ReservationQueryResolver.java,81,1,11,False,False,no,
booking-service,GAP,TicketQueryResolver,buildOffsetPage,backend/booking-service/src/main/java/com/pml/booking/web/graphql/query/TicketQueryResolver.java,230,32,0,False,False,no,
booking-service,GAP,TicketQueryResolver,buildCursorConnection,backend/booking-service/src/main/java/com/pml/booking/web/graphql/query/TicketQueryResolver.java,263,1,0,False,False,no,
booking-service,GAP,TicketQueryResolver,applyFilters,backend/booking-service/src/main/java/com/pml/booking/web/graphql/query/TicketQueryResolver.java,312,5,0,False,False,no,
booking-service,GAP,PawaPayWebhookController,extractSourceIp,backend/booking-service/src/main/java/com/pml/booking/web/rest/PawaPayWebhookController.java,416,3,0,False,False,no,
booking-service,GAP,BankVerificationActivities,prepare,backend/booking-service/src/main/java/com/pml/booking/workflow/bank/BankVerificationActivities.java,15,2,1,False,False,no,
booking-service,GAP,BankVerificationActivities,sendDeposit,backend/booking-service/src/main/java/com/pml/booking/workflow/bank/BankVerificationActivities.java,18,1,3,False,False,no,
booking-service,GAP,BankVerificationActivities,bookDeposit,backend/booking-service/src/main/java/com/pml/booking/workflow/bank/BankVerificationActivities.java,21,1,1,False,False,no,
booking-service,GAP,BankVerificationActivities,depositOutcome,backend/booking-service/src/main/java/com/pml/booking/workflow/bank/BankVerificationActivities.java,24,1,1,False,False,no,
booking-service,GAP,BankVerificationActivities,reverseDeposit,backend/booking-service/src/main/java/com/pml/booking/workflow/bank/BankVerificationActivities.java,27,1,1,False,False,no,
booking-service,GAP,BankVerificationActivities,confirm,backend/booking-service/src/main/java/com/pml/booking/workflow/bank/BankVerificationActivities.java,30,4,17,False,False,no,
booking-service,GAP,BankVerificationActivities,unlock,backend/booking-service/src/main/java/com/pml/booking/workflow/bank/BankVerificationActivities.java,32,2,1,False,False,no,
booking-service,GAP,BankVerificationActivities,expire,backend/booking-service/src/main/java/com/pml/booking/workflow/bank/BankVerificationActivities.java,34,4,1,False,False,no,
booking-service,GAP,BankVerificationActivitiesImpl,reverseDeposit,backend/booking-service/src/main/java/com/pml/booking/workflow/bank/BankVerificationActivitiesImpl.java,105,1,1,False,False,no,
booking-service,GAP,BankVerificationActivitiesImpl,confirm,backend/booking-service/src/main/java/com/pml/booking/workflow/bank/BankVerificationActivitiesImpl.java,112,4,17,False,False,no,
booking-service,GAP,BankVerificationActivitiesImpl,unlock,backend/booking-service/src/main/java/com/pml/booking/workflow/bank/BankVerificationActivitiesImpl.java,117,2,1,False,False,no,
booking-service,GAP,BankVerificationActivitiesImpl,expire,backend/booking-service/src/main/java/com/pml/booking/workflow/bank/BankVerificationActivitiesImpl.java,122,4,1,False,False,no,
booking-service,GAP,BankVerificationActivitiesImpl,prepare,backend/booking-service/src/main/java/com/pml/booking/workflow/bank/BankVerificationActivitiesImpl.java,48,2,1,False,False,no,
booking-service,GAP,BankVerificationActivitiesImpl,bookDeposit,backend/booking-service/src/main/java/com/pml/booking/workflow/bank/BankVerificationActivitiesImpl.java,85,1,1,False,False,no,
booking-service,GAP,BankVerificationActivitiesImpl,depositOutcome,backend/booking-service/src/main/java/com/pml/booking/workflow/bank/BankVerificationActivitiesImpl.java,91,1,1,False,False,no,
booking-service,GAP,BankVerificationProcess,start,backend/booking-service/src/main/java/com/pml/booking/workflow/bank/BankVerificationProcess.java,43,4,48,False,False,no,
booking-service,GAP,BankVerificationProcess,confirm,backend/booking-service/src/main/java/com/pml/booking/workflow/bank/BankVerificationProcess.java,59,4,17,False,False,no,
booking-service,GAP,BankVerificationProcess,owned,backend/booking-service/src/main/java/com/pml/booking/workflow/bank/BankVerificationProcess.java,68,2,0,False,False,no,
booking-service,GAP,ChargebackActivities,openDispute,backend/booking-service/src/main/java/com/pml/booking/workflow/chargeback/ChargebackActivities.java,18,1,1,False,False,no,
booking-service,GAP,ChargebackActivities,recordWin,backend/booking-service/src/main/java/com/pml/booking/workflow/chargeback/ChargebackActivities.java,26,3,1,False,False,no,
booking-service,GAP,ChargebackActivities,recordLoss,backend/booking-service/src/main/java/com/pml/booking/workflow/chargeback/ChargebackActivities.java,29,3,1,False,False,no,
booking-service,GAP,ChargebackActivities,recover,backend/booking-service/src/main/java/com/pml/booking/workflow/chargeback/ChargebackActivities.java,32,1,1,False,False,no,
booking-service,GAP,ChargebackActivities,closeDispute,backend/booking-service/src/main/java/com/pml/booking/workflow/chargeback/ChargebackActivities.java,35,1,1,False,False,no,
booking-service,GAP,ChargebackActivities,escalate,backend/booking-service/src/main/java/com/pml/booking/workflow/chargeback/ChargebackActivities.java,41,4,3,False,False,no,
booking-service,GAP,ChargebackActivitiesImpl,recordWin,backend/booking-service/src/main/java/com/pml/booking/workflow/chargeback/ChargebackActivitiesImpl.java,115,3,1,False,False,no,
booking-service,GAP,ChargebackActivitiesImpl,recordLoss,backend/booking-service/src/main/java/com/pml/booking/workflow/chargeback/ChargebackActivitiesImpl.java,120,3,1,False,False,no,
booking-service,GAP,ChargebackActivitiesImpl,recover,backend/booking-service/src/main/java/com/pml/booking/workflow/chargeback/ChargebackActivitiesImpl.java,125,1,1,False,False,no,
booking-service,GAP,ChargebackActivitiesImpl,closeDispute,backend/booking-service/src/main/java/com/pml/booking/workflow/chargeback/ChargebackActivitiesImpl.java,134,1,1,False,False,no,
booking-service,GAP,ChargebackActivitiesImpl,escalate,backend/booking-service/src/main/java/com/pml/booking/workflow/chargeback/ChargebackActivitiesImpl.java,143,4,3,False,False,no,
booking-service,GAP,ChargebackActivitiesImpl,countDispute,backend/booking-service/src/main/java/com/pml/booking/workflow/chargeback/ChargebackActivitiesImpl.java,159,2,0,False,False,no,
booking-service,GAP,ChargebackActivitiesImpl,invalidateTicket,backend/booking-service/src/main/java/com/pml/booking/workflow/chargeback/ChargebackActivitiesImpl.java,176,1,0,False,False,no,
booking-service,GAP,ChargebackActivitiesImpl,notifyReceived,backend/booking-service/src/main/java/com/pml/booking/workflow/chargeback/ChargebackActivitiesImpl.java,200,1,0,False,False,no,
booking-service,GAP,ChargebackActivitiesImpl,notifyResolved,backend/booking-service/src/main/java/com/pml/booking/workflow/chargeback/ChargebackActivitiesImpl.java,219,1,0,False,False,no,
booking-service,GAP,ChargebackActivitiesImpl,decide,backend/booking-service/src/main/java/com/pml/booking/workflow/chargeback/ChargebackActivitiesImpl.java,228,17,0,False,False,no,
booking-service,GAP,ChargebackActivitiesImpl,record,backend/booking-service/src/main/java/com/pml/booking/workflow/chargeback/ChargebackActivitiesImpl.java,233,9,0,False,False,no,
booking-service,GAP,ChargebackActivitiesImpl,await,backend/booking-service/src/main/java/com/pml/booking/workflow/chargeback/ChargebackActivitiesImpl.java,244,86,12,False,False,no,
booking-service,GAP,ChargebackActivitiesImpl,openDispute,backend/booking-service/src/main/java/com/pml/booking/workflow/chargeback/ChargebackActivitiesImpl.java,87,1,1,False,False,no,
booking-service,GAP,ChargebackProcess,decide,backend/booking-service/src/main/java/com/pml/booking/workflow/chargeback/ChargebackProcess.java,79,17,0,False,False,no,
booking-service,GAP,EventFinanceActivities,openEscrow,backend/booking-service/src/main/java/com/pml/booking/workflow/finance/EventFinanceActivities.java,12,1,17,False,False,no,
booking-service,GAP,EventFinanceActivities,openRescheduleWindow,backend/booking-service/src/main/java/com/pml/booking/workflow/finance/EventFinanceActivities.java,15,1,1,False,False,no,
booking-service,GAP,EventFinanceActivities,startHold,backend/booking-service/src/main/java/com/pml/booking/workflow/finance/EventFinanceActivities.java,18,1,1,False,False,no,
booking-service,GAP,EventFinanceActivities,rescheduleHold,backend/booking-service/src/main/java/com/pml/booking/workflow/finance/EventFinanceActivities.java,21,1,1,False,False,no,
booking-service,GAP,EventFinanceActivities,openDisputes,backend/booking-service/src/main/java/com/pml/booking/workflow/finance/EventFinanceActivities.java,23,1,1,False,False,no,
booking-service,GAP,EventFinanceActivities,makePayoutEligible,backend/booking-service/src/main/java/com/pml/booking/workflow/finance/EventFinanceActivities.java,25,1,1,False,False,no,
booking-service,GAP,EventFinanceActivities,recogniseCommission,backend/booking-service/src/main/java/com/pml/booking/workflow/finance/EventFinanceActivities.java,28,1,1,True,False,no,
booking-service,GAP,EventFinanceActivitiesImpl,openEscrow,backend/booking-service/src/main/java/com/pml/booking/workflow/finance/EventFinanceActivitiesImpl.java,38,1,17,False,False,no,
booking-service,GAP,EventFinanceActivitiesImpl,openRescheduleWindow,backend/booking-service/src/main/java/com/pml/booking/workflow/finance/EventFinanceActivitiesImpl.java,43,1,1,False,False,no,
booking-service,GAP,EventFinanceActivitiesImpl,startHold,backend/booking-service/src/main/java/com/pml/booking/workflow/finance/EventFinanceActivitiesImpl.java,50,1,1,False,False,no,
booking-service,GAP,EventFinanceActivitiesImpl,rescheduleHold,backend/booking-service/src/main/java/com/pml/booking/workflow/finance/EventFinanceActivitiesImpl.java,59,1,1,False,False,no,
booking-service,GAP,EventFinanceActivitiesImpl,openDisputes,backend/booking-service/src/main/java/com/pml/booking/workflow/finance/EventFinanceActivitiesImpl.java,66,1,1,False,False,no,
booking-service,GAP,EventFinanceActivitiesImpl,makePayoutEligible,backend/booking-service/src/main/java/com/pml/booking/workflow/finance/EventFinanceActivitiesImpl.java,71,1,1,False,False,no,
booking-service,GAP,EventFinanceActivitiesImpl,recogniseCommission,backend/booking-service/src/main/java/com/pml/booking/workflow/finance/EventFinanceActivitiesImpl.java,78,1,1,True,False,no,
booking-service,GAP,EventFinanceActivitiesImpl,escrow,backend/booking-service/src/main/java/com/pml/booking/workflow/finance/EventFinanceActivitiesImpl.java,82,5,6,False,False,no,
booking-service,GAP,EventFinanceActivitiesImpl,await,backend/booking-service/src/main/java/com/pml/booking/workflow/finance/EventFinanceActivitiesImpl.java,87,86,12,False,False,no,
booking-service,GAP,EventFinanceProcess,deliver,backend/booking-service/src/main/java/com/pml/booking/workflow/finance/EventFinanceProcess.java,40,2,31,False,False,no,
booking-service,GAP,PayoutActivities,createRequest,backend/booking-service/src/main/java/com/pml/booking/workflow/payout/PayoutActivities.java,18,2,7,False,False,no,
booking-service,GAP,PayoutActivities,beginSettlement,backend/booking-service/src/main/java/com/pml/booking/workflow/payout/PayoutActivities.java,27,2,8,False,False,no,
booking-service,GAP,PayoutActivities,completeSettlement,backend/booking-service/src/main/java/com/pml/booking/workflow/payout/PayoutActivities.java,30,2,4,False,False,no,
booking-service,GAP,PayoutActivities,failSettlement,backend/booking-service/src/main/java/com/pml/booking/workflow/payout/PayoutActivities.java,33,2,5,False,False,no,
booking-service,GAP,PayoutActivities,markUnconfirmed,backend/booking-service/src/main/java/com/pml/booking/workflow/payout/PayoutActivities.java,36,3,1,False,False,no,
booking-service,GAP,PayoutActivities,flagBankAccount,backend/booking-service/src/main/java/com/pml/booking/workflow/payout/PayoutActivities.java,39,2,1,False,False,no,
booking-service,GAP,PayoutActivitiesImpl,createRequest,backend/booking-service/src/main/java/com/pml/booking/workflow/payout/PayoutActivitiesImpl.java,36,2,7,False,False,no,
booking-service,GAP,PayoutActivitiesImpl,beginSettlement,backend/booking-service/src/main/java/com/pml/booking/workflow/payout/PayoutActivitiesImpl.java,56,2,8,False,False,no,
booking-service,GAP,PayoutActivitiesImpl,completeSettlement,backend/booking-service/src/main/java/com/pml/booking/workflow/payout/PayoutActivitiesImpl.java,61,2,4,False,False,no,
booking-service,GAP,PayoutActivitiesImpl,failSettlement,backend/booking-service/src/main/java/com/pml/booking/workflow/payout/PayoutActivitiesImpl.java,66,2,5,False,False,no,
booking-service,GAP,PayoutActivitiesImpl,markUnconfirmed,backend/booking-service/src/main/java/com/pml/booking/workflow/payout/PayoutActivitiesImpl.java,71,3,1,False,False,no,
booking-service,GAP,PayoutActivitiesImpl,flagBankAccount,backend/booking-service/src/main/java/com/pml/booking/workflow/payout/PayoutActivitiesImpl.java,76,2,1,False,False,no,
booking-service,GAP,PayoutActivitiesImpl,await,backend/booking-service/src/main/java/com/pml/booking/workflow/payout/PayoutActivitiesImpl.java,80,86,12,False,False,no,
booking-service,GAP,PayoutProcess,command,backend/booking-service/src/main/java/com/pml/booking/workflow/payout/PayoutProcess.java,105,5,15,False,False,no,
booking-service,GAP,PayoutProcess,known,backend/booking-service/src/main/java/com/pml/booking/workflow/payout/PayoutProcess.java,113,2,0,False,False,no,
booking-service,GAP,PayoutProcess,request,backend/booking-service/src/main/java/com/pml/booking/workflow/payout/PayoutProcess.java,50,3,9,False,False,no,
booking-service,GAP,PayoutProviderActivities,initiate,backend/booking-service/src/main/java/com/pml/booking/workflow/payout/PayoutProviderActivities.java,16,1,5,False,False,no,
booking-service,GAP,PayoutProviderActivities,status,backend/booking-service/src/main/java/com/pml/booking/workflow/payout/PayoutProviderActivities.java,19,127,50,False,True,no,
booking-service,GAP,PayoutProviderActivitiesImpl,status,backend/booking-service/src/main/java/com/pml/booking/workflow/payout/PayoutProviderActivitiesImpl.java,88,127,50,False,True,no,
booking-service,GAP,Outcome,succeeded,backend/booking-service/src/main/java/com/pml/booking/workflow/payout/PayoutWorkflow.java,110,2,6,False,False,no,
booking-service,GAP,Outcome,failed,backend/booking-service/src/main/java/com/pml/booking/workflow/payout/PayoutWorkflow.java,114,16,7,False,False,no,
booking-service,GAP,Outcome,pending,backend/booking-service/src/main/java/com/pml/booking/workflow/payout/PayoutWorkflow.java,118,4,6,False,False,no,
booking-service,GAP,CheckoutActivities,hold,backend/booking-service/src/main/java/com/pml/booking/workflow/purchase/CheckoutActivities.java,16,2,1,True,False,no,
booking-service,GAP,CheckoutActivities,abandonHold,backend/booking-service/src/main/java/com/pml/booking/workflow/purchase/CheckoutActivities.java,19,1,1,True,False,no,
booking-service,GAP,CheckoutActivities,startPayment,backend/booking-service/src/main/java/com/pml/booking/workflow/purchase/CheckoutActivities.java,25,1,1,True,False,no,
booking-service,GAP,CheckoutActivities,verify,backend/booking-service/src/main/java/com/pml/booking/workflow/purchase/CheckoutActivities.java,28,2,44,True,False,no,
booking-service,GAP,CheckoutActivities,release,backend/booking-service/src/main/java/com/pml/booking/workflow/purchase/CheckoutActivities.java,31,9,7,True,False,no,
booking-service,GAP,CheckoutActivities,escalatePending,backend/booking-service/src/main/java/com/pml/booking/workflow/purchase/CheckoutActivities.java,34,1,1,True,False,no,
booking-service,GAP,CheckoutActivitiesImpl,startPayment,backend/booking-service/src/main/java/com/pml/booking/workflow/purchase/CheckoutActivitiesImpl.java,109,1,1,True,False,no,
booking-service,GAP,CheckoutActivitiesImpl,verify,backend/booking-service/src/main/java/com/pml/booking/workflow/purchase/CheckoutActivitiesImpl.java,126,2,44,True,False,no,
booking-service,GAP,CheckoutActivitiesImpl,release,backend/booking-service/src/main/java/com/pml/booking/workflow/purchase/CheckoutActivitiesImpl.java,140,9,7,True,False,no,
booking-service,GAP,CheckoutActivitiesImpl,escalatePending,backend/booking-service/src/main/java/com/pml/booking/workflow/purchase/CheckoutActivitiesImpl.java,152,1,1,True,False,no,
booking-service,GAP,CheckoutActivitiesImpl,view,backend/booking-service/src/main/java/com/pml/booking/workflow/purchase/CheckoutActivitiesImpl.java,162,25,29,False,False,no,
booking-service,GAP,CheckoutActivitiesImpl,input,backend/booking-service/src/main/java/com/pml/booking/workflow/purchase/CheckoutActivitiesImpl.java,168,1,4,False,False,no,
booking-service,GAP,CheckoutActivitiesImpl,await,backend/booking-service/src/main/java/com/pml/booking/workflow/purchase/CheckoutActivitiesImpl.java,174,86,12,False,False,no,
booking-service,GAP,CheckoutActivitiesImpl,hold,backend/booking-service/src/main/java/com/pml/booking/workflow/purchase/CheckoutActivitiesImpl.java,80,2,1,True,False,no,
booking-service,GAP,CheckoutActivitiesImpl,abandonHold,backend/booking-service/src/main/java/com/pml/booking/workflow/purchase/CheckoutActivitiesImpl.java,91,1,1,True,False,no,
booking-service,GAP,PurchaseProcess,notifyPayment,backend/booking-service/src/main/java/com/pml/booking/workflow/purchase/PurchaseProcess.java,132,1,0,False,False,no,
booking-service,GAP,ReconciliationActivitiesImpl,escrow,backend/booking-service/src/main/java/com/pml/booking/workflow/recon/ReconciliationActivitiesImpl.java,43,5,6,False,False,no,
booking-service,GAP,ReconciliationActivitiesImpl,escrowJournal,backend/booking-service/src/main/java/com/pml/booking/workflow/recon/ReconciliationActivitiesImpl.java,49,1,1,False,False,no,
booking-service,GAP,ReconciliationActivitiesImpl,alerts,backend/booking-service/src/main/java/com/pml/booking/workflow/recon/ReconciliationActivitiesImpl.java,55,1,1,False,False,no,
booking-service,GAP,ReconciliationActivitiesImpl,weeklySummary,backend/booking-service/src/main/java/com/pml/booking/workflow/recon/ReconciliationActivitiesImpl.java,61,1,1,False,False,no,
booking-service,GAP,ReconciliationActivitiesImpl,today,backend/booking-service/src/main/java/com/pml/booking/workflow/recon/ReconciliationActivitiesImpl.java,74,3,0,False,False,no,
booking-service,GAP,ReconciliationActivitiesImpl,result,backend/booking-service/src/main/java/com/pml/booking/workflow/recon/ReconciliationActivitiesImpl.java,78,4,0,False,False,no,
booking-service,GAP,ReconciliationActivitiesImpl,await,backend/booking-service/src/main/java/com/pml/booking/workflow/recon/ReconciliationActivitiesImpl.java,82,86,12,False,False,no,
booking-service,GAP,Definition,schedule,backend/booking-service/src/main/java/com/pml/booking/workflow/recon/ReconciliationRules.java,43,2,2,False,False,no,
booking-service,GAP,Definition,activityOptions,backend/booking-service/src/main/java/com/pml/booking/workflow/recon/ReconciliationRules.java,64,1,0,False,False,no,
booking-service,GAP,Activities,escrow,backend/booking-service/src/main/java/com/pml/booking/workflow/recon/ReconciliationWorkflow.java,30,5,6,False,False,no,
booking-service,GAP,Activities,escrowJournal,backend/booking-service/src/main/java/com/pml/booking/workflow/recon/ReconciliationWorkflow.java,32,1,1,False,False,no,
booking-service,GAP,Activities,alerts,backend/booking-service/src/main/java/com/pml/booking/workflow/recon/ReconciliationWorkflow.java,34,1,1,False,False,no,
booking-service,GAP,Activities,weeklySummary,backend/booking-service/src/main/java/com/pml/booking/workflow/recon/ReconciliationWorkflow.java,36,1,1,False,False,no,
booking-service,GAP,CancellationActivitiesImpl,nextBatch,backend/booking-service/src/main/java/com/pml/booking/workflow/refund/CancellationActivitiesImpl.java,42,1,2,False,False,no,
booking-service,GAP,CancellationActivitiesImpl,closeEscrow,backend/booking-service/src/main/java/com/pml/booking/workflow/refund/CancellationActivitiesImpl.java,58,1,2,False,False,no,
booking-service,GAP,CancellationActivitiesImpl,await,backend/booking-service/src/main/java/com/pml/booking/workflow/refund/CancellationActivitiesImpl.java,71,86,12,False,False,no,
booking-service,GAP,Activities,nextBatch,backend/booking-service/src/main/java/com/pml/booking/workflow/refund/CancellationRefundsWorkflow.java,39,1,2,False,False,no,
booking-service,GAP,Activities,closeEscrow,backend/booking-service/src/main/java/com/pml/booking/workflow/refund/CancellationRefundsWorkflow.java,42,1,2,False,False,no,
booking-service,GAP,RefundActivities,createAutomatic,backend/booking-service/src/main/java/com/pml/booking/workflow/refund/RefundActivities.java,19,1,1,False,False,no,
booking-service,GAP,RefundActivities,process,backend/booking-service/src/main/java/com/pml/booking/workflow/refund/RefundActivities.java,28,2,1,False,False,no,
booking-service,GAP,RefundActivities,providerStatus,backend/booking-service/src/main/java/com/pml/booking/workflow/refund/RefundActivities.java,31,1,1,False,True,no,
booking-service,GAP,RefundActivities,complete,backend/booking-service/src/main/java/com/pml/booking/workflow/refund/RefundActivities.java,34,7,1,False,False,no,
booking-service,GAP,RefundActivities,fail,backend/booking-service/src/main/java/com/pml/booking/workflow/refund/RefundActivities.java,37,3,1,False,False,no,
booking-service,GAP,RefundActivities,restoreEscrow,backend/booking-service/src/main/java/com/pml/booking/workflow/refund/RefundActivities.java,40,1,1,False,False,no,
booking-service,GAP,RefundActivities,reinstateCommission,backend/booking-service/src/main/java/com/pml/booking/workflow/refund/RefundActivities.java,43,1,1,False,False,no,
booking-service,GAP,RefundActivities,escalateReview,backend/booking-service/src/main/java/com/pml/booking/workflow/refund/RefundActivities.java,49,1,1,False,False,no,
booking-service,GAP,RefundActivitiesImpl,process,backend/booking-service/src/main/java/com/pml/booking/workflow/refund/RefundActivitiesImpl.java,122,2,1,False,False,no,
booking-service,GAP,RefundActivitiesImpl,providerStatus,backend/booking-service/src/main/java/com/pml/booking/workflow/refund/RefundActivitiesImpl.java,129,1,1,False,True,no,
booking-service,GAP,RefundActivitiesImpl,complete,backend/booking-service/src/main/java/com/pml/booking/workflow/refund/RefundActivitiesImpl.java,143,7,1,False,False,no,
booking-service,GAP,RefundActivitiesImpl,fail,backend/booking-service/src/main/java/com/pml/booking/workflow/refund/RefundActivitiesImpl.java,151,3,1,False,False,no,
booking-service,GAP,RefundActivitiesImpl,escalateReview,backend/booking-service/src/main/java/com/pml/booking/workflow/refund/RefundActivitiesImpl.java,167,1,1,False,False,no,
booking-service,GAP,RefundActivitiesImpl,escalated,backend/booking-service/src/main/java/com/pml/booking/workflow/refund/RefundActivitiesImpl.java,192,2,0,False,False,no,
booking-service,GAP,RefundActivitiesImpl,restoreEscrow,backend/booking-service/src/main/java/com/pml/booking/workflow/refund/RefundActivitiesImpl.java,203,1,1,False,False,no,
booking-service,GAP,RefundActivitiesImpl,alreadyRestored,backend/booking-service/src/main/java/com/pml/booking/workflow/refund/RefundActivitiesImpl.java,215,1,0,False,False,no,
booking-service,GAP,RefundActivitiesImpl,reinstateCommission,backend/booking-service/src/main/java/com/pml/booking/workflow/refund/RefundActivitiesImpl.java,226,1,1,False,False,no,
booking-service,GAP,RefundActivitiesImpl,openFor,backend/booking-service/src/main/java/com/pml/booking/workflow/refund/RefundActivitiesImpl.java,232,2,0,False,False,no,
booking-service,GAP,RefundActivitiesImpl,stored,backend/booking-service/src/main/java/com/pml/booking/workflow/refund/RefundActivitiesImpl.java,236,13,5,False,False,no,
booking-service,GAP,RefundActivitiesImpl,gateway,backend/booking-service/src/main/java/com/pml/booking/workflow/refund/RefundActivitiesImpl.java,241,2,0,False,False,no,
booking-service,GAP,RefundActivitiesImpl,view,backend/booking-service/src/main/java/com/pml/booking/workflow/refund/RefundActivitiesImpl.java,247,25,29,False,False,no,
booking-service,GAP,RefundActivitiesImpl,await,backend/booking-service/src/main/java/com/pml/booking/workflow/refund/RefundActivitiesImpl.java,251,86,12,False,False,no,
booking-service,GAP,RefundActivitiesImpl,createAutomatic,backend/booking-service/src/main/java/com/pml/booking/workflow/refund/RefundActivitiesImpl.java,81,1,1,False,False,no,
booking-service,GAP,RefundProcess,decide,backend/booking-service/src/main/java/com/pml/booking/workflow/refund/RefundProcess.java,118,17,0,False,False,no,
booking-service,GAP,RefundProcess,stored,backend/booking-service/src/main/java/com/pml/booking/workflow/refund/RefundProcess.java,126,13,5,False,False,no,
booking-service,GAP,RefundProcess,request,backend/booking-service/src/main/java/com/pml/booking/workflow/refund/RefundProcess.java,49,3,9,False,False,no,
booking-service,GAP,RefundProcess,requestAsAdmin,backend/booking-service/src/main/java/com/pml/booking/workflow/refund/RefundProcess.java,53,1,0,False,False,no,
booking-service,GAP,RefundProcess,process,backend/booking-service/src/main/java/com/pml/booking/workflow/refund/RefundProcess.java,70,2,1,False,False,no,
booking-service,GAP,RefundProcess,bulkApprove,backend/booking-service/src/main/java/com/pml/booking/workflow/refund/RefundProcess.java,76,1,0,False,False,no,
booking-service,GAP,Outcome,failed,backend/booking-service/src/main/java/com/pml/booking/workflow/refund/RefundWorkflow.java,79,16,7,False,False,no,
booking-service,GAP,Outcome,pending,backend/booking-service/src/main/java/com/pml/booking/workflow/refund/RefundWorkflow.java,83,4,6,False,False,no,
booking-service,KEEP_ACCESSOR,IllegalTransitionException,getCurrentStatus,backend/booking-service/src/main/java/com/pml/booking/domain/ReservationStateMachine.java,89,0,0,False,False,no,
booking-service,KEEP_ACCESSOR,IllegalTransitionException,getCurrentStatus,backend/booking-service/src/main/java/com/pml/booking/domain/TicketStateMachine.java,118,0,0,False,False,no,
booking-service,KEEP_ACCESSOR,AccountSubType,getParentType,backend/booking-service/src/main/java/com/pml/booking/domain/enums/AccountSubType.java,290,0,0,False,False,no,
booking-service,KEEP_ACCESSOR,AccountSubType,getDefaultAccountCodePrefix,backend/booking-service/src/main/java/com/pml/booking/domain/enums/AccountSubType.java,302,0,0,False,False,no,
booking-service,KEEP_ACCESSOR,ChargebackFundSource,isOrganizerSourced,backend/booking-service/src/main/java/com/pml/booking/domain/enums/ChargebackFundSource.java,203,0,0,False,False,no,
booking-service,KEEP_ACCESSOR,ChargebackFundSource,isActualRecovery,backend/booking-service/src/main/java/com/pml/booking/domain/enums/ChargebackFundSource.java,214,0,0,False,False,no,
booking-service,KEEP_ACCESSOR,ChargebackFundSource,getAccountCodeToDebit,backend/booking-service/src/main/java/com/pml/booking/domain/enums/ChargebackFundSource.java,223,0,0,False,False,no,
booking-service,KEEP_ACCESSOR,ChargebackFundSource,getNextInWaterfall,backend/booking-service/src/main/java/com/pml/booking/domain/enums/ChargebackFundSource.java,237,0,0,False,False,no,
booking-service,KEEP_ACCESSOR,ChargebackReason,getDisputeDifficulty,backend/booking-service/src/main/java/com/pml/booking/domain/enums/ChargebackReason.java,171,0,0,False,False,no,
booking-service,KEEP_ACCESSOR,ChargebackReason,getAverageWinRate,backend/booking-service/src/main/java/com/pml/booking/domain/enums/ChargebackReason.java,188,0,0,False,False,no,
booking-service,KEEP_ACCESSOR,ChargebackReason,getRequiredEvidence,backend/booking-service/src/main/java/com/pml/booking/domain/enums/ChargebackReason.java,203,0,0,False,False,no,
booking-service,KEEP_ACCESSOR,EscrowTransactionCategory,getDefaultType,backend/booking-service/src/main/java/com/pml/booking/domain/enums/EscrowTransactionCategory.java,102,0,0,False,False,no,
booking-service,KEEP_ACCESSOR,EscrowTransactionCategory,isTypicallyCredit,backend/booking-service/src/main/java/com/pml/booking/domain/enums/EscrowTransactionCategory.java,111,0,0,False,False,no,
booking-service,KEEP_ACCESSOR,EscrowTransactionCategory,isTypicallyDebit,backend/booking-service/src/main/java/com/pml/booking/domain/enums/EscrowTransactionCategory.java,120,0,0,False,False,no,
booking-service,KEEP_ACCESSOR,EscrowTransactionCategory,isAdjustment,backend/booking-service/src/main/java/com/pml/booking/domain/enums/EscrowTransactionCategory.java,129,0,0,False,False,no,
booking-service,KEEP_ACCESSOR,JournalEntryStatus,isDeletable,backend/booking-service/src/main/java/com/pml/booking/domain/enums/JournalEntryStatus.java,126,0,0,False,False,no,
booking-service,KEEP_ACCESSOR,JournalEntryType,isNormalDirection,backend/booking-service/src/main/java/com/pml/booking/domain/enums/JournalEntryType.java,113,0,0,False,False,no,
booking-service,KEEP_ACCESSOR,PaymentAttemptStatus,isUnsuccessful,backend/booking-service/src/main/java/com/pml/booking/domain/enums/PaymentAttemptStatus.java,171,0,0,False,False,no,
booking-service,KEEP_ACCESSOR,PlatformAccountType,getMinimumBalancePolicy,backend/booking-service/src/main/java/com/pml/booking/domain/enums/PlatformAccountType.java,196,0,0,False,False,no,
booking-service,KEEP_ACCESSOR,PlatformAccountType,getAlertThresholdPercent,backend/booking-service/src/main/java/com/pml/booking/domain/enums/PlatformAccountType.java,211,0,0,False,False,no,
booking-service,KEEP_ACCESSOR,ReconciliationItemStatus,getSeverity,backend/booking-service/src/main/java/com/pml/booking/domain/enums/ReconciliationItemStatus.java,147,0,0,False,False,no,
booking-service,KEEP_ACCESSOR,ReconciliationStatus,isFinished,backend/booking-service/src/main/java/com/pml/booking/domain/enums/ReconciliationStatus.java,128,0,0,False,False,no,
booking-service,KEEP_ACCESSOR,ReconciliationStatus,getSeverityLevel,backend/booking-service/src/main/java/com/pml/booking/domain/enums/ReconciliationStatus.java,164,0,0,False,False,no,
booking-service,KEEP_ACCESSOR,ReconciliationType,getRecommendedFrequency,backend/booking-service/src/main/java/com/pml/booking/domain/enums/ReconciliationType.java,159,0,0,False,False,no,
booking-service,KEEP_ACCESSOR,ReconciliationType,getDataSource,backend/booking-service/src/main/java/com/pml/booking/domain/enums/ReconciliationType.java,173,0,0,False,False,no,
booking-service,KEEP_ACCESSOR,ReconciliationType,getInternalSource,backend/booking-service/src/main/java/com/pml/booking/domain/enums/ReconciliationType.java,187,0,0,False,False,no,
booking-service,KEEP_ACCESSOR,ReconciliationType,isCrossSystemVerification,backend/booking-service/src/main/java/com/pml/booking/domain/enums/ReconciliationType.java,201,0,0,False,False,no,
booking-service,KEEP_ACCESSOR,RecoveryStatus,isWrittenOff,backend/booking-service/src/main/java/com/pml/booking/domain/enums/RecoveryStatus.java,170,0,0,False,False,no,
booking-service,KEEP_ACCESSOR,RecoveryStatus,getFinancialImpact,backend/booking-service/src/main/java/com/pml/booking/domain/enums/RecoveryStatus.java,179,0,0,False,False,no,
booking-service,KEEP_ACCESSOR,ChargebackRecord,getTotalImpact,backend/booking-service/src/main/java/com/pml/booking/domain/model/ChargebackRecord.java,563,0,0,False,False,no,
booking-service,KEEP_ACCESSOR,ChargebackRecord,getUnrecoveredAmount,backend/booking-service/src/main/java/com/pml/booking/domain/model/ChargebackRecord.java,572,0,0,False,False,no,
booking-service,KEEP_ACCESSOR,ChartOfAccountsEntry,isDynamicAccount,backend/booking-service/src/main/java/com/pml/booking/domain/model/ChartOfAccountsEntry.java,258,0,0,False,False,no,
booking-service,KEEP_ACCESSOR,CommissionStatus,isClawedBack,backend/booking-service/src/main/java/com/pml/booking/domain/model/CommissionRecord.java,255,0,0,False,False,no,
booking-service,KEEP_ACCESSOR,EventEscrowAccount,isOnHold,backend/booking-service/src/main/java/com/pml/booking/domain/model/EventEscrowAccount.java,461,0,0,False,False,no,
booking-service,KEEP_ACCESSOR,EventEscrowAccount,isSuspended,backend/booking-service/src/main/java/com/pml/booking/domain/model/EventEscrowAccount.java,466,0,0,False,False,no,
booking-service,KEEP_ACCESSOR,JournalEntry,hasValidLines,backend/booking-service/src/main/java/com/pml/booking/domain/model/JournalEntry.java,372,0,0,False,False,no,
booking-service,KEEP_ACCESSOR,JournalEntry,getLineCount,backend/booking-service/src/main/java/com/pml/booking/domain/model/JournalEntry.java,505,0,0,False,False,no,
booking-service,KEEP_ACCESSOR,JournalLine,getDirection,backend/booking-service/src/main/java/com/pml/booking/domain/model/JournalLine.java,246,0,0,False,False,no,
booking-service,KEEP_ACCESSOR,JournalLine,getSignedAmount,backend/booking-service/src/main/java/com/pml/booking/domain/model/JournalLine.java,278,0,0,False,False,no,
booking-service,KEEP_ACCESSOR,PaymentAttempt,getNotesAsList,backend/booking-service/src/main/java/com/pml/booking/domain/model/PaymentAttempt.java,579,0,0,False,False,no,
booking-service,KEEP_ACCESSOR,PlatformAccount,isBelowMinimumThreshold,backend/booking-service/src/main/java/com/pml/booking/domain/model/PlatformAccount.java,270,0,0,False,False,no,
booking-service,KEEP_ACCESSOR,PlatformAccount,isBelowTarget,backend/booking-service/src/main/java/com/pml/booking/domain/model/PlatformAccount.java,282,0,0,False,False,no,
booking-service,KEEP_ACCESSOR,PlatformAccount,getAmountToTarget,backend/booking-service/src/main/java/com/pml/booking/domain/model/PlatformAccount.java,294,0,0,False,False,no,
booking-service,KEEP_ACCESSOR,PlatformAccount,isOperating,backend/booking-service/src/main/java/com/pml/booking/domain/model/PlatformAccount.java,350,0,0,False,False,no,
booking-service,KEEP_ACCESSOR,PlatformAccount,isReserve,backend/booking-service/src/main/java/com/pml/booking/domain/model/PlatformAccount.java,359,0,0,False,False,no,
booking-service,KEEP_ACCESSOR,PlatformAccount,isTaxHolding,backend/booking-service/src/main/java/com/pml/booking/domain/model/PlatformAccount.java,368,0,0,False,False,no,
booking-service,KEEP_ACCESSOR,ReconciliationItem,getAbsoluteVariance,backend/booking-service/src/main/java/com/pml/booking/domain/model/ReconciliationItem.java,252,0,0,False,False,no,
booking-service,KEEP_ACCESSOR,ReconciliationRun,isRunning,backend/booking-service/src/main/java/com/pml/booking/domain/model/ReconciliationRun.java,381,0,0,False,False,no,
booking-service,KEEP_ACCESSOR,ReconciliationRun,hasUnresolvedDiscrepancies,backend/booking-service/src/main/java/com/pml/booking/domain/model/ReconciliationRun.java,417,0,0,False,False,no,
booking-service,KEEP_ACCESSOR,ReconciliationRun,getItemsNeedingReview,backend/booking-service/src/main/java/com/pml/booking/domain/model/ReconciliationRun.java,426,0,0,False,False,no,
booking-service,KEEP_ACCESSOR,ReconciliationRun,getDurationMs,backend/booking-service/src/main/java/com/pml/booking/domain/model/ReconciliationRun.java,438,0,0,False,False,no,
booking-service,KEEP_ACCESSOR,ReconciliationRun,getMatchRatePercent,backend/booking-service/src/main/java/com/pml/booking/domain/model/ReconciliationRun.java,450,0,0,False,False,no,
booking-service,KEEP_ACCESSOR,TransactionType,getSignedAmount,backend/booking-service/src/main/java/com/pml/booking/domain/model/StandaloneEscrowTransaction.java,343,0,0,False,False,no,
booking-service,KEEP_ACCESSOR,TransactionType,isTicketSale,backend/booking-service/src/main/java/com/pml/booking/domain/model/StandaloneEscrowTransaction.java,352,0,0,False,False,no,
booking-service,KEEP_ACCESSOR,TransactionType,isRefund,backend/booking-service/src/main/java/com/pml/booking/domain/model/StandaloneEscrowTransaction.java,361,0,0,False,False,no,
booking-service,KEEP_ACCESSOR,TransactionType,isPayout,backend/booking-service/src/main/java/com/pml/booking/domain/model/StandaloneEscrowTransaction.java,370,0,0,False,False,no,
booking-service,KEEP_ACCESSOR,TransactionType,getTypeAsEnum,backend/booking-service/src/main/java/com/pml/booking/domain/model/StandaloneEscrowTransaction.java,517,0,0,False,False,no,
booking-service,KEEP_ACCESSOR,Ticket,getFormattedPrice,backend/booking-service/src/main/java/com/pml/booking/domain/model/Ticket.java,194,0,0,False,False,no,
booking-service,KEEP_ACCESSOR,PaymentInfo,getFormattedAmount,backend/booking-service/src/main/java/com/pml/booking/domain/model/Ticket.java,231,0,0,False,False,no,
booking-service,KEEP_ACCESSOR,RefundInfo,getFormattedRefundAmount,backend/booking-service/src/main/java/com/pml/booking/domain/model/Ticket.java,249,0,0,False,False,no,
booking-service,KEEP_ACCESSOR,BusinessValidationException,getErrorCode,backend/booking-service/src/main/java/com/pml/booking/exception/BusinessValidationException.java,72,0,0,False,False,no,
booking-service,KEEP_ACCESSOR,ChargebackProcessingException,getCurrentStatus,backend/booking-service/src/main/java/com/pml/booking/exception/ChargebackProcessingException.java,149,0,0,False,False,no,
booking-service,KEEP_ACCESSOR,InsufficientEscrowBalanceException,getAccountId,backend/booking-service/src/main/java/com/pml/booking/exception/InsufficientEscrowBalanceException.java,33,0,0,False,False,no,
booking-service,KEEP_ACCESSOR,InsufficientEscrowBalanceException,getAvailableBalance,backend/booking-service/src/main/java/com/pml/booking/exception/InsufficientEscrowBalanceException.java,41,0,0,False,False,no,
booking-service,KEEP_ACCESSOR,ReconciliationDiscrepancyException,getReconciliationType,backend/booking-service/src/main/java/com/pml/booking/exception/ReconciliationDiscrepancyException.java,152,0,0,False,False,no,
booking-service,KEEP_ACCESSOR,ReconciliationDiscrepancyException,getToleranceThreshold,backend/booking-service/src/main/java/com/pml/booking/exception/ReconciliationDiscrepancyException.java,160,0,0,False,False,no,
booking-service,KEEP_ACCESSOR,ReconciliationDiscrepancyException,getRunId,backend/booking-service/src/main/java/com/pml/booking/exception/ReconciliationDiscrepancyException.java,168,0,2,False,False,no,
booking-service,KEEP_ACCESSOR,MobileMoneyGateway,getProviderDisplayName,backend/booking-service/src/main/java/com/pml/booking/infrastructure/gateway/MobileMoneyGateway.java,149,0,0,False,False,no,
booking-service,KEEP_ACCESSOR,PawaPayGatewayAdapter,getProviderDisplayName,backend/booking-service/src/main/java/com/pml/booking/infrastructure/gateway/adapter/PawaPayGatewayAdapter.java,167,0,0,False,False,no,
booking-service,KEEP_ACCESSOR,NoGatewayAvailableException,getNetwork,backend/booking-service/src/main/java/com/pml/booking/infrastructure/gateway/exception/NoGatewayAvailableException.java,40,0,0,False,False,no,
booking-service,KEEP_ACCESSOR,NoGatewayAvailableException,getAttemptedProviderId,backend/booking-service/src/main/java/com/pml/booking/infrastructure/gateway/exception/NoGatewayAvailableException.java,44,0,0,False,False,no,
booking-service,KEEP_ACCESSOR,Builder,withNetwork,backend/booking-service/src/main/java/com/pml/booking/infrastructure/gateway/model/MobileMoneyRequest.java,146,0,0,False,False,no,
booking-service,KEEP_ACCESSOR,PaymentResultStatus,isPotentiallyRetryable,backend/booking-service/src/main/java/com/pml/booking/infrastructure/gateway/model/PaymentResultStatus.java,75,0,0,False,False,no,
booking-service,KEEP_ACCESSOR,PciDssLogger,setCorrelationId,backend/booking-service/src/main/java/com/pml/booking/infrastructure/logging/PciDssLogger.java,233,0,0,False,False,no,
booking-service,KEEP_ACCESSOR,PciDssLogger,setTransactionId,backend/booking-service/src/main/java/com/pml/booking/infrastructure/logging/PciDssLogger.java,240,0,0,False,False,no,
booking-service,KEEP_ACCESSOR,PlatformAccountRepository,getReserveBalance,backend/booking-service/src/main/java/com/pml/booking/repository/PlatformAccountRepository.java,103,0,0,False,False,no,
booking-service,KEEP_ACCESSOR,PlatformAccountRepository,getTaxHoldingBalance,backend/booking-service/src/main/java/com/pml/booking/repository/PlatformAccountRepository.java,114,0,0,False,False,no,
booking-service,KEEP_ACCESSOR,PlatformAccountRepository,getOperatingBalance,backend/booking-service/src/main/java/com/pml/booking/repository/PlatformAccountRepository.java,92,0,0,False,False,no,
booking-service,KEEP_ACCESSOR,AggregationResult,setTotal,backend/booking-service/src/main/java/com/pml/booking/repository/dto/AggregationResult.java,42,0,0,False,False,no,
booking-service,KEEP_ACCESSOR,AccountingService,getGatewayReceivableBalance,backend/booking-service/src/main/java/com/pml/booking/service/AccountingService.java,477,0,0,False,False,no,
booking-service,KEEP_ACCESSOR,AccountingService,getTotalEscrowLiability,backend/booking-service/src/main/java/com/pml/booking/service/AccountingService.java,486,0,0,False,False,no,
booking-service,KEEP_ACCESSOR,AccountingService,getDeferredCommissionBalance,backend/booking-service/src/main/java/com/pml/booking/service/AccountingService.java,495,0,0,False,False,no,
booking-service,KEEP_ACCESSOR,CommissionService,getTotalPlatformEarnedCommission,backend/booking-service/src/main/java/com/pml/booking/service/CommissionService.java,146,0,0,False,False,no,
booking-service,KEEP_ACCESSOR,EscrowService,getTotalEscrowBalance,backend/booking-service/src/main/java/com/pml/booking/service/EscrowService.java,243,0,0,False,False,no,
booking-service,KEEP_ACCESSOR,TransferResult,getTotalBalance,backend/booking-service/src/main/java/com/pml/booking/service/PlatformAccountService.java,192,0,0,False,False,no,
booking-service,KEEP_ACCESSOR,TransferResult,getOperatingBalanceForReconciliation,backend/booking-service/src/main/java/com/pml/booking/service/PlatformAccountService.java,224,0,0,False,False,no,
booking-service,KEEP_ACCESSOR,AccountingServiceImpl,getGatewayReceivableBalance,backend/booking-service/src/main/java/com/pml/booking/service/impl/AccountingServiceImpl.java,1145,0,0,False,False,no,
booking-service,KEEP_ACCESSOR,AccountingServiceImpl,getTotalEscrowLiability,backend/booking-service/src/main/java/com/pml/booking/service/impl/AccountingServiceImpl.java,1168,0,0,False,False,no,
booking-service,KEEP_ACCESSOR,AccountingServiceImpl,getDeferredCommissionBalance,backend/booking-service/src/main/java/com/pml/booking/service/impl/AccountingServiceImpl.java,1175,0,0,False,False,no,
booking-service,KEEP_ACCESSOR,CommissionServiceImpl,getTotalPlatformEarnedCommission,backend/booking-service/src/main/java/com/pml/booking/service/impl/CommissionServiceImpl.java,210,0,0,False,False,no,
booking-service,KEEP_ACCESSOR,EscrowServiceImpl,getTotalEscrowBalance,backend/booking-service/src/main/java/com/pml/booking/service/impl/EscrowServiceImpl.java,381,0,0,False,False,no,
booking-service,KEEP_ACCESSOR,PlatformAccountServiceImpl,getTotalBalance,backend/booking-service/src/main/java/com/pml/booking/service/impl/PlatformAccountServiceImpl.java,160,0,0,False,False,no,
booking-service,KEEP_ACCESSOR,PlatformAccountServiceImpl,getOperatingBalanceForReconciliation,backend/booking-service/src/main/java/com/pml/booking/service/impl/PlatformAccountServiceImpl.java,188,0,0,False,False,no,
booking-service,KEEP_ACCESSOR,ReservationStateInvalid,getCurrentStatus,backend/booking-service/src/main/java/com/pml/booking/service/impl/PurchaseServiceImpl.java,310,0,0,False,False,no,
booking-service,KEEP_ACCESSOR,DisputeChargebackInput,hasEvidence,backend/booking-service/src/main/java/com/pml/booking/web/graphql/dto/DisputeChargebackInput.java,35,0,0,False,False,no,
booking-service,KEEP_ACCESSOR,SortDirection,getPageSize,backend/booking-service/src/main/java/com/pml/booking/web/graphql/dto/OffsetPaginationInput.java,76,0,0,False,False,no,
booking-service,KEEP_ACCESSOR,OrganizerCheckInRate,getRatePercent,backend/booking-service/src/main/java/com/pml/booking/web/graphql/dto/organizer/OrganizerCheckInRate.java,50,0,0,False,False,no,
booking-service,KEEP_ACCESSOR,OrganizerPayoutWindow,getDaysRemaining,backend/booking-service/src/main/java/com/pml/booking/web/graphql/dto/organizer/OrganizerPayoutWindow.java,69,0,0,False,False,no,
booking-service,KEEP_ENTRY,BookingServiceApplication,main,backend/booking-service/src/main/java/com/pml/booking/BookingServiceApplication.java,49,0,0,False,False,no,framework-name
booking-service,KEEP_ENTRY,AzureServiceBusConfig,catalogEventConsumer,backend/booking-service/src/main/java/com/pml/booking/config/AzureServiceBusConfig.java,43,0,0,False,False,no,entry:Bean
booking-service,KEEP_ENTRY,BookingIndexInitializer,ensureIndexes,backend/booking-service/src/main/java/com/pml/booking/config/BookingIndexInitializer.java,471,1,0,False,False,no,entry:EventListener
booking-service,KEEP_ENTRY,ChartOfAccountsSeedRunner,run,backend/booking-service/src/main/java/com/pml/booking/config/ChartOfAccountsSeedRunner.java,72,16,77,False,False,no,entry:inherited
booking-service,KEEP_ENTRY,GraphQLConfig,dgsRuntimeWiringConfigurer,backend/booking-service/src/main/java/com/pml/booking/config/GraphQLConfig.java,27,0,0,False,False,no,entry:Bean
booking-service,KEEP_ENTRY,ChargebackRecord,startReview,backend/booking-service/src/main/java/com/pml/booking/domain/model/ChargebackRecord.java,400,5,1,False,False,no,entry:inherited
booking-service,KEEP_ENTRY,ChargebackRecord,accept,backend/booking-service/src/main/java/com/pml/booking/domain/model/ChargebackRecord.java,416,9,5,False,False,no,entry:inherited
booking-service,KEEP_ENTRY,ChargebackRecord,create,backend/booking-service/src/main/java/com/pml/booking/domain/model/ChargebackRecord.java,607,44,51,False,False,no,framework-name
booking-service,KEEP_ENTRY,ChartOfAccountsEntry,create,backend/booking-service/src/main/java/com/pml/booking/domain/model/ChartOfAccountsEntry.java,319,44,51,False,False,no,framework-name
booking-service,KEEP_ENTRY,ChartOfAccountsEntry,create,backend/booking-service/src/main/java/com/pml/booking/domain/model/ChartOfAccountsEntry.java,348,44,51,False,False,no,framework-name
booking-service,KEEP_ENTRY,CommissionStatus,cancel,backend/booking-service/src/main/java/com/pml/booking/domain/model/CommissionRecord.java,193,13,9,True,False,no,entry:inherited
booking-service,KEEP_ENTRY,EventEscrowAccount,create,backend/booking-service/src/main/java/com/pml/booking/domain/model/EventEscrowAccount.java,233,44,51,False,False,yes,framework-name
booking-service,KEEP_ENTRY,EventEscrowAccount,markPayoutEligible,backend/booking-service/src/main/java/com/pml/booking/domain/model/EventEscrowAccount.java,410,5,0,False,True,yes,entry:inherited
booking-service,KEEP_ENTRY,EventEscrowAccount,cancel,backend/booking-service/src/main/java/com/pml/booking/domain/model/EventEscrowAccount.java,422,13,9,True,False,no,entry:inherited
booking-service,KEEP_ENTRY,EventEscrowAccount,cancel,backend/booking-service/src/main/java/com/pml/booking/domain/model/EventEscrowAccount.java,433,13,9,True,False,no,entry:inherited
booking-service,KEEP_ENTRY,EventEscrowAccount,close,backend/booking-service/src/main/java/com/pml/booking/domain/model/EventEscrowAccount.java,442,12,46,False,False,no,framework-name
booking-service,KEEP_ENTRY,PaymentAttempt,create,backend/booking-service/src/main/java/com/pml/booking/domain/model/PaymentAttempt.java,621,44,51,False,False,yes,framework-name
booking-service,KEEP_ENTRY,PayoutRequestHistory,startReview,backend/booking-service/src/main/java/com/pml/booking/domain/model/PayoutRequest.java,290,5,1,False,False,no,entry:inherited
booking-service,KEEP_ENTRY,ReconciliationItem,resolve,backend/booking-service/src/main/java/com/pml/booking/domain/model/ReconciliationItem.java,267,13,102,False,False,no,framework-name
booking-service,KEEP_ENTRY,ReconciliationRun,create,backend/booking-service/src/main/java/com/pml/booking/domain/model/ReconciliationRun.java,471,44,51,False,False,no,framework-name
booking-service,KEEP_ENTRY,CatalogServiceClient,reserveInventoryFallback,backend/booking-service/src/main/java/com/pml/booking/infrastructure/client/CatalogServiceClient.java,146,0,0,False,False,no,entry:string-reference
booking-service,KEEP_ENTRY,CatalogServiceClient,releaseInventoryFallback,backend/booking-service/src/main/java/com/pml/booking/infrastructure/client/CatalogServiceClient.java,189,0,0,False,False,no,entry:string-reference
booking-service,KEEP_ENTRY,CatalogServiceClient,commitInventoryToSoldFallback,backend/booking-service/src/main/java/com/pml/booking/infrastructure/client/CatalogServiceClient.java,232,0,0,False,False,no,entry:string-reference
booking-service,KEEP_ENTRY,CatalogServiceClient,restoreInventoryFallback,backend/booking-service/src/main/java/com/pml/booking/infrastructure/client/CatalogServiceClient.java,275,0,0,False,False,no,entry:string-reference
booking-service,KEEP_ENTRY,CatalogServiceClient,getEventByIdFallback,backend/booking-service/src/main/java/com/pml/booking/infrastructure/client/CatalogServiceClient.java,71,0,0,False,False,no,entry:string-reference
booking-service,KEEP_ENTRY,PawaPayClient,initiateDepositFallback,backend/booking-service/src/main/java/com/pml/booking/infrastructure/client/PawaPayClient.java,167,0,0,False,False,no,entry:string-reference
booking-service,KEEP_ENTRY,PawaPayClient,getDepositStatusFallback,backend/booking-service/src/main/java/com/pml/booking/infrastructure/client/PawaPayClient.java,202,0,0,False,False,no,entry:string-reference
booking-service,KEEP_ENTRY,PawaPayClient,initiateRefundFallback,backend/booking-service/src/main/java/com/pml/booking/infrastructure/client/PawaPayClient.java,276,0,0,False,False,no,entry:string-reference
booking-service,KEEP_ENTRY,PawaPayClient,getRefundStatusFallback,backend/booking-service/src/main/java/com/pml/booking/infrastructure/client/PawaPayClient.java,308,0,0,False,False,no,entry:string-reference
booking-service,KEEP_ENTRY,PawaPayClient,initiatePayoutFallback,backend/booking-service/src/main/java/com/pml/booking/infrastructure/client/PawaPayClient.java,387,0,0,False,False,no,entry:string-reference
booking-service,KEEP_ENTRY,PawaPayClient,getPayoutStatusFallback,backend/booking-service/src/main/java/com/pml/booking/infrastructure/client/PawaPayClient.java,419,0,0,False,False,no,entry:string-reference
booking-service,KEEP_ENTRY,Builder,currency,backend/booking-service/src/main/java/com/pml/booking/infrastructure/gateway/model/GatewayPayoutRequest.java,106,45,6,False,True,yes,entry:inherited
booking-service,KEEP_ENTRY,Builder,currency,backend/booking-service/src/main/java/com/pml/booking/infrastructure/gateway/model/MobileMoneyRequest.java,102,45,6,False,True,yes,entry:inherited
booking-service,KEEP_ENTRY,CatalogConsumerConfig,catalogConsumerDispatch,backend/booking-service/src/main/java/com/pml/booking/infrastructure/messaging/CatalogConsumerConfig.java,106,0,0,False,False,no,entry:Bean
booking-service,KEEP_ENTRY,CatalogConsumerConfig,catalogDurablyHandled,backend/booking-service/src/main/java/com/pml/booking/infrastructure/messaging/CatalogConsumerConfig.java,79,0,0,False,False,no,entry:Bean
booking-service,KEEP_ENTRY,CatalogConsumerConfig,catalogConsumerGuard,backend/booking-service/src/main/java/com/pml/booking/infrastructure/messaging/CatalogConsumerConfig.java,84,0,0,False,False,no,entry:Bean
booking-service,KEEP_ENTRY,CatalogConsumerConfig,catalogDeadLetterSink,backend/booking-service/src/main/java/com/pml/booking/infrastructure/messaging/CatalogConsumerConfig.java,97,0,0,False,False,no,entry:Bean
booking-service,KEEP_ENTRY,WorkflowIds,chargeback,backend/booking-service/src/main/java/com/pml/booking/infrastructure/temporal/WorkflowIds.java,39,3,3,False,True,yes,entry:inherited
booking-service,KEEP_ENTRY,Result,ensureIndexes,backend/booking-service/src/main/java/com/pml/booking/migration/CheckInBackfillMigrationService.java,113,1,0,False,False,no,entry:inherited
booking-service,KEEP_ENTRY,MigrationResult,toString,backend/booking-service/src/main/java/com/pml/booking/migration/EscrowTransactionMigrationService.java,216,67,106,False,False,no,framework-override
booking-service,KEEP_ENTRY,Result,toString,backend/booking-service/src/main/java/com/pml/booking/migration/TicketStatusConformanceMigrationService.java,97,67,106,False,False,no,framework-override
booking-service,KEEP_ENTRY,AggregationResult,toString,backend/booking-service/src/main/java/com/pml/booking/repository/dto/AggregationResult.java,54,67,106,False,False,no,framework-override
booking-service,KEEP_ENTRY,NoOrganizationException,resolve,backend/booking-service/src/main/java/com/pml/booking/security/ActorOrganizationResolver.java,54,13,102,False,False,no,framework-name
booking-service,KEEP_ENTRY,EventSecurityService,isEventOrganizer,backend/booking-service/src/main/java/com/pml/booking/security/EventSecurityService.java,47,11,0,False,False,no,entry:string-reference
booking-service,KEEP_ENTRY,EventSecurityService,isEscrowOwner,backend/booking-service/src/main/java/com/pml/booking/security/EventSecurityService.java,98,3,0,False,False,no,entry:string-reference
booking-service,KEEP_ENTRY,OrganizationSecurityService,canViewFinancialData,backend/booking-service/src/main/java/com/pml/booking/security/OrganizationSecurityService.java,109,3,3,False,False,yes,entry:string-reference
booking-service,KEEP_ENTRY,OrganizationSecurityService,isOrganizerOrTeamMember,backend/booking-service/src/main/java/com/pml/booking/security/OrganizationSecurityService.java,59,4,0,False,False,no,entry:string-reference
booking-service,KEEP_ENTRY,RefundSecurityService,isRefundRequestOwner,backend/booking-service/src/main/java/com/pml/booking/security/RefundSecurityService.java,30,1,2,False,False,yes,entry:string-reference
booking-service,KEEP_ENTRY,RefundSecurityService,isRefundRequestOwnerByRequestId,backend/booking-service/src/main/java/com/pml/booking/security/RefundSecurityService.java,35,1,3,False,False,yes,entry:string-reference
booking-service,KEEP_ENTRY,TicketSecurityService,isTicketOwner,backend/booking-service/src/main/java/com/pml/booking/security/TicketSecurityService.java,28,4,0,False,False,no,entry:string-reference
booking-service,KEEP_ENTRY,TicketSecurityService,isTicketOwnerByNumber,backend/booking-service/src/main/java/com/pml/booking/security/TicketSecurityService.java,47,1,0,False,False,no,entry:string-reference
booking-service,KEEP_ENTRY,AccountingService,recordGatewaySettlement,backend/booking-service/src/main/java/com/pml/booking/service/AccountingService.java,431,2,0,False,True,no,entry:inherited
booking-service,KEEP_ENTRY,BankAccountService,create,backend/booking-service/src/main/java/com/pml/booking/service/BankAccountService.java,72,44,51,False,False,no,framework-name
booking-service,KEEP_ENTRY,ChargebackService,startReview,backend/booking-service/src/main/java/com/pml/booking/service/ChargebackService.java,120,5,1,False,False,no,entry:inherited
booking-service,KEEP_ENTRY,ChargebackService,acceptChargeback,backend/booking-service/src/main/java/com/pml/booking/service/ChargebackService.java,143,1,0,True,True,no,entry:inherited
booking-service,KEEP_ENTRY,ChargebackService,disputeChargeback,backend/booking-service/src/main/java/com/pml/booking/service/ChargebackService.java,156,1,0,False,True,no,entry:inherited
booking-service,KEEP_ENTRY,ChargebackService,receiveChargeback,backend/booking-service/src/main/java/com/pml/booking/service/ChargebackService.java,87,2,0,False,True,no,entry:inherited
booking-service,KEEP_ENTRY,Summary,uploadScans,backend/booking-service/src/main/java/com/pml/booking/service/CheckInService.java,123,1,1,True,True,no,entry:inherited
booking-service,KEEP_ENTRY,Summary,recentCheckIns,backend/booking-service/src/main/java/com/pml/booking/service/CheckInService.java,136,3,2,True,True,no,entry:inherited
booking-service,KEEP_ENTRY,Summary,reviewConflict,backend/booking-service/src/main/java/com/pml/booking/service/CheckInService.java,150,1,2,True,True,no,entry:inherited
booking-service,KEEP_ENTRY,EscrowService,markPayoutEligible,backend/booking-service/src/main/java/com/pml/booking/service/EscrowService.java,117,5,0,False,True,no,entry:inherited
booking-service,KEEP_ENTRY,EscrowService,updateEscrowAccountStatus,backend/booking-service/src/main/java/com/pml/booking/service/EscrowService.java,140,2,0,False,True,no,entry:inherited
booking-service,KEEP_ENTRY,EscrowService,lockEscrowAccount,backend/booking-service/src/main/java/com/pml/booking/service/EscrowService.java,150,2,0,False,True,no,entry:inherited
booking-service,KEEP_ENTRY,EscrowService,unlockEscrowAccount,backend/booking-service/src/main/java/com/pml/booking/service/EscrowService.java,159,2,0,False,True,no,entry:inherited
booking-service,KEEP_ENTRY,EscrowService,closeEscrowAccount,backend/booking-service/src/main/java/com/pml/booking/service/EscrowService.java,168,2,0,True,True,no,entry:inherited
booking-service,KEEP_ENTRY,EscrowService,createEscrowAccount,backend/booking-service/src/main/java/com/pml/booking/service/EscrowService.java,214,1,0,False,True,no,entry:inherited
booking-service,KEEP_ENTRY,EscrowService,createEscrowAccount,backend/booking-service/src/main/java/com/pml/booking/service/EscrowService.java,31,1,0,False,True,no,entry:inherited
booking-service,KEEP_ENTRY,FinancialReportService,exportFinancialReport,backend/booking-service/src/main/java/com/pml/booking/service/FinancialReportService.java,38,2,0,False,True,no,entry:inherited
booking-service,KEEP_ENTRY,FinancialReportService,exportSalesReport,backend/booking-service/src/main/java/com/pml/booking/service/FinancialReportService.java,47,2,0,False,True,no,entry:inherited
booking-service,KEEP_ENTRY,PaymentAttemptService,hasSuccessfulPayment,backend/booking-service/src/main/java/com/pml/booking/service/PaymentAttemptService.java,64,2,0,False,True,no,entry:inherited
booking-service,KEEP_ENTRY,UnknownDeposit,apply,backend/booking-service/src/main/java/com/pml/booking/service/PaymentOutcomeService.java,162,14,3,False,False,no,framework-name
booking-service,KEEP_ENTRY,PayoutRecoveryService,escalatePayoutRequest,backend/booking-service/src/main/java/com/pml/booking/service/PayoutRecoveryService.java,139,1,0,False,True,no,entry:inherited
booking-service,KEEP_ENTRY,PayoutRequestService,hasOpenPayoutRequest,backend/booking-service/src/main/java/com/pml/booking/service/PayoutRequestService.java,105,1,0,False,False,no,entry:inherited
booking-service,KEEP_ENTRY,PayoutSettlementService,approve,backend/booking-service/src/main/java/com/pml/booking/service/PayoutSettlementService.java,147,10,28,True,False,yes,entry:inherited
booking-service,KEEP_ENTRY,PayoutSettlementService,reject,backend/booking-service/src/main/java/com/pml/booking/service/PayoutSettlementService.java,177,7,5,True,False,no,entry:inherited
booking-service,KEEP_ENTRY,PayoutSettlementService,cancel,backend/booking-service/src/main/java/com/pml/booking/service/PayoutSettlementService.java,181,13,9,True,False,no,entry:inherited
booking-service,KEEP_ENTRY,PayoutSettlementService,close,backend/booking-service/src/main/java/com/pml/booking/service/PayoutSettlementService.java,185,12,46,False,False,no,framework-name
booking-service,KEEP_ENTRY,PayoutSettlementService,create,backend/booking-service/src/main/java/com/pml/booking/service/PayoutSettlementService.java,95,44,51,False,False,yes,framework-name
booking-service,KEEP_ENTRY,PromoCodeService,validatePromoCode,backend/booking-service/src/main/java/com/pml/booking/service/PromoCodeService.java,28,2,0,False,True,no,entry:inherited
booking-service,KEEP_ENTRY,PromoCodeService,createPromoCode,backend/booking-service/src/main/java/com/pml/booking/service/PromoCodeService.java,38,1,0,True,True,no,entry:inherited
booking-service,KEEP_ENTRY,PromoCodeService,updatePromoCode,backend/booking-service/src/main/java/com/pml/booking/service/PromoCodeService.java,47,2,0,True,True,no,entry:inherited
booking-service,KEEP_ENTRY,PromoCodeService,activatePromoCode,backend/booking-service/src/main/java/com/pml/booking/service/PromoCodeService.java,55,2,0,False,True,no,entry:inherited
booking-service,KEEP_ENTRY,PromoCodeService,deactivatePromoCode,backend/booking-service/src/main/java/com/pml/booking/service/PromoCodeService.java,63,2,0,True,True,no,entry:inherited
booking-service,KEEP_ENTRY,PromoCodeService,deletePromoCode,backend/booking-service/src/main/java/com/pml/booking/service/PromoCodeService.java,82,2,0,False,True,no,entry:inherited
booking-service,KEEP_ENTRY,PurchaseEscalationService,resolve,backend/booking-service/src/main/java/com/pml/booking/service/PurchaseEscalationService.java,78,13,102,False,False,no,framework-name
booking-service,KEEP_ENTRY,EscrowReconciliationResult,verifyEscrowJournalConsistency,backend/booking-service/src/main/java/com/pml/booking/service/ReconciliationService.java,250,5,0,False,True,no,entry:inherited
booking-service,KEEP_ENTRY,RefundService,calculateRefundAmount,backend/booking-service/src/main/java/com/pml/booking/service/RefundService.java,158,2,0,False,True,no,entry:inherited
booking-service,KEEP_ENTRY,RefundService,createAdminRefundRequest,backend/booking-service/src/main/java/com/pml/booking/service/RefundService.java,174,1,0,False,True,no,entry:inherited
booking-service,KEEP_ENTRY,RefundService,cancelRefundRequest,backend/booking-service/src/main/java/com/pml/booking/service/RefundService.java,189,1,0,False,True,no,entry:inherited
booking-service,KEEP_ENTRY,RefundService,bulkApproveRefunds,backend/booking-service/src/main/java/com/pml/booking/service/RefundService.java,202,0,0,False,True,no,entry:inherited
booking-service,KEEP_ENTRY,RefundService,handleRefundCallback,backend/booking-service/src/main/java/com/pml/booking/service/RefundService.java,96,2,0,False,False,no,entry:inherited
booking-service,KEEP_ENTRY,ReservationService,cancelReservation,backend/booking-service/src/main/java/com/pml/booking/service/ReservationService.java,50,0,0,True,True,no,entry:inherited
booking-service,KEEP_ENTRY,TicketService,adminUpdateTicket,backend/booking-service/src/main/java/com/pml/booking/service/TicketService.java,114,1,0,False,True,no,entry:inherited
booking-service,KEEP_ENTRY,TicketService,regenerateTicketQrCode,backend/booking-service/src/main/java/com/pml/booking/service/TicketService.java,123,1,0,False,True,no,entry:inherited
booking-service,KEEP_ENTRY,TicketService,bulkCancelTickets,backend/booking-service/src/main/java/com/pml/booking/service/TicketService.java,134,1,0,False,True,no,entry:inherited
booking-service,KEEP_ENTRY,TicketService,validateTicket,backend/booking-service/src/main/java/com/pml/booking/service/TicketService.java,38,0,10,True,True,no,entry:inherited
booking-service,KEEP_ENTRY,TicketService,refundTicket,backend/booking-service/src/main/java/com/pml/booking/service/TicketService.java,44,1,0,False,True,no,entry:inherited
booking-service,KEEP_ENTRY,TicketService,cancelTicket,backend/booking-service/src/main/java/com/pml/booking/service/TicketService.java,46,1,0,False,True,no,entry:inherited
booking-service,KEEP_ENTRY,AccountingServiceImpl,recordGatewaySettlement,backend/booking-service/src/main/java/com/pml/booking/service/impl/AccountingServiceImpl.java,1052,2,0,False,True,no,entry:inherited
booking-service,KEEP_ENTRY,BankAccountServiceImpl,create,backend/booking-service/src/main/java/com/pml/booking/service/impl/BankAccountServiceImpl.java,49,44,51,False,False,no,framework-name
booking-service,KEEP_ENTRY,ChargebackServiceImpl,startReview,backend/booking-service/src/main/java/com/pml/booking/service/impl/ChargebackServiceImpl.java,159,5,1,False,False,no,entry:inherited
booking-service,KEEP_ENTRY,ChargebackServiceImpl,acceptChargeback,backend/booking-service/src/main/java/com/pml/booking/service/impl/ChargebackServiceImpl.java,176,1,0,True,True,no,entry:inherited
booking-service,KEEP_ENTRY,ChargebackServiceImpl,disputeChargeback,backend/booking-service/src/main/java/com/pml/booking/service/impl/ChargebackServiceImpl.java,190,1,0,False,True,no,entry:inherited
booking-service,KEEP_ENTRY,ChargebackServiceImpl,receiveChargeback,backend/booking-service/src/main/java/com/pml/booking/service/impl/ChargebackServiceImpl.java,77,2,0,False,True,no,entry:inherited
booking-service,KEEP_ENTRY,CheckInServiceImpl,uploadScans,backend/booking-service/src/main/java/com/pml/booking/service/impl/CheckInServiceImpl.java,225,1,1,True,True,no,entry:inherited
booking-service,KEEP_ENTRY,CheckInServiceImpl,recentCheckIns,backend/booking-service/src/main/java/com/pml/booking/service/impl/CheckInServiceImpl.java,283,3,2,True,True,yes,entry:inherited
booking-service,KEEP_ENTRY,CheckInServiceImpl,reviewConflict,backend/booking-service/src/main/java/com/pml/booking/service/impl/CheckInServiceImpl.java,308,1,2,True,True,yes,entry:inherited
booking-service,KEEP_ENTRY,EscrowServiceImpl,markPayoutEligible,backend/booking-service/src/main/java/com/pml/booking/service/impl/EscrowServiceImpl.java,175,5,0,False,True,no,entry:inherited
booking-service,KEEP_ENTRY,EscrowServiceImpl,updateEscrowAccountStatus,backend/booking-service/src/main/java/com/pml/booking/service/impl/EscrowServiceImpl.java,209,2,0,False,True,no,entry:inherited
booking-service,KEEP_ENTRY,EscrowServiceImpl,lockEscrowAccount,backend/booking-service/src/main/java/com/pml/booking/service/impl/EscrowServiceImpl.java,231,2,0,False,True,no,entry:inherited
booking-service,KEEP_ENTRY,EscrowServiceImpl,unlockEscrowAccount,backend/booking-service/src/main/java/com/pml/booking/service/impl/EscrowServiceImpl.java,252,2,0,False,True,no,entry:inherited
booking-service,KEEP_ENTRY,EscrowServiceImpl,closeEscrowAccount,backend/booking-service/src/main/java/com/pml/booking/service/impl/EscrowServiceImpl.java,274,2,0,True,True,no,entry:inherited
booking-service,KEEP_ENTRY,EscrowServiceImpl,createEscrowAccount,backend/booking-service/src/main/java/com/pml/booking/service/impl/EscrowServiceImpl.java,330,1,0,False,True,no,entry:inherited
booking-service,KEEP_ENTRY,EscrowServiceImpl,createEscrowAccount,backend/booking-service/src/main/java/com/pml/booking/service/impl/EscrowServiceImpl.java,49,1,0,False,True,no,entry:inherited
booking-service,KEEP_ENTRY,FinancialReportServiceImpl,exportFinancialReport,backend/booking-service/src/main/java/com/pml/booking/service/impl/FinancialReportServiceImpl.java,241,2,0,False,True,no,entry:inherited
booking-service,KEEP_ENTRY,FinancialReportServiceImpl,exportSalesReport,backend/booking-service/src/main/java/com/pml/booking/service/impl/FinancialReportServiceImpl.java,265,2,0,False,True,no,entry:inherited
booking-service,KEEP_ENTRY,PaymentAttemptServiceImpl,hasSuccessfulPayment,backend/booking-service/src/main/java/com/pml/booking/service/impl/PaymentAttemptServiceImpl.java,123,2,0,False,True,no,entry:inherited
booking-service,KEEP_ENTRY,PayoutRequestServiceImpl,hasOpenPayoutRequest,backend/booking-service/src/main/java/com/pml/booking/service/impl/PayoutRequestServiceImpl.java,72,1,0,False,False,no,entry:inherited
booking-service,KEEP_ENTRY,PromoCodeServiceImpl,updatePromoCode,backend/booking-service/src/main/java/com/pml/booking/service/impl/PromoCodeServiceImpl.java,116,2,0,True,True,no,entry:inherited
booking-service,KEEP_ENTRY,PromoCodeServiceImpl,activatePromoCode,backend/booking-service/src/main/java/com/pml/booking/service/impl/PromoCodeServiceImpl.java,135,2,0,False,True,no,entry:inherited
booking-service,KEEP_ENTRY,PromoCodeServiceImpl,deactivatePromoCode,backend/booking-service/src/main/java/com/pml/booking/service/impl/PromoCodeServiceImpl.java,146,2,0,True,True,no,entry:inherited
booking-service,KEEP_ENTRY,PromoCodeServiceImpl,deletePromoCode,backend/booking-service/src/main/java/com/pml/booking/service/impl/PromoCodeServiceImpl.java,167,2,0,False,True,no,entry:inherited
booking-service,KEEP_ENTRY,PromoCodeServiceImpl,validatePromoCode,backend/booking-service/src/main/java/com/pml/booking/service/impl/PromoCodeServiceImpl.java,33,2,0,False,True,no,entry:inherited
booking-service,KEEP_ENTRY,PromoCodeServiceImpl,createPromoCode,backend/booking-service/src/main/java/com/pml/booking/service/impl/PromoCodeServiceImpl.java,83,1,0,True,True,no,entry:inherited
booking-service,KEEP_ENTRY,ReconciliationServiceImpl,verifyEscrowJournalConsistency,backend/booking-service/src/main/java/com/pml/booking/service/impl/ReconciliationServiceImpl.java,346,5,0,False,True,no,entry:inherited
booking-service,KEEP_ENTRY,RefundServiceImpl,handleRefundCallback,backend/booking-service/src/main/java/com/pml/booking/service/impl/RefundServiceImpl.java,207,2,0,False,False,no,entry:inherited
booking-service,KEEP_ENTRY,RefundServiceImpl,calculateRefundAmount,backend/booking-service/src/main/java/com/pml/booking/service/impl/RefundServiceImpl.java,315,2,0,False,True,no,entry:inherited
booking-service,KEEP_ENTRY,RefundServiceImpl,createAdminRefundRequest,backend/booking-service/src/main/java/com/pml/booking/service/impl/RefundServiceImpl.java,477,1,0,False,True,no,entry:inherited
booking-service,KEEP_ENTRY,RefundServiceImpl,cancelRefundRequest,backend/booking-service/src/main/java/com/pml/booking/service/impl/RefundServiceImpl.java,512,1,0,False,True,no,entry:inherited
booking-service,KEEP_ENTRY,RefundServiceImpl,bulkApproveRefunds,backend/booking-service/src/main/java/com/pml/booking/service/impl/RefundServiceImpl.java,541,0,0,False,True,no,entry:inherited
booking-service,KEEP_ENTRY,ReservationServiceImpl,cancelReservation,backend/booking-service/src/main/java/com/pml/booking/service/impl/ReservationServiceImpl.java,270,0,0,True,True,no,entry:inherited
booking-service,KEEP_ENTRY,TicketServiceImpl,cancelTicket,backend/booking-service/src/main/java/com/pml/booking/service/impl/TicketServiceImpl.java,111,1,0,False,True,no,entry:inherited
booking-service,KEEP_ENTRY,TicketServiceImpl,adminUpdateTicket,backend/booking-service/src/main/java/com/pml/booking/service/impl/TicketServiceImpl.java,194,1,0,False,True,no,entry:inherited
booking-service,KEEP_ENTRY,TicketServiceImpl,regenerateTicketQrCode,backend/booking-service/src/main/java/com/pml/booking/service/impl/TicketServiceImpl.java,229,1,0,False,True,no,entry:inherited
booking-service,KEEP_ENTRY,TicketServiceImpl,bulkCancelTickets,backend/booking-service/src/main/java/com/pml/booking/service/impl/TicketServiceImpl.java,266,1,0,False,True,no,entry:inherited
booking-service,KEEP_ENTRY,TicketServiceImpl,validateTicket,backend/booking-service/src/main/java/com/pml/booking/service/impl/TicketServiceImpl.java,84,0,10,True,True,no,entry:inherited
booking-service,KEEP_ENTRY,TicketServiceImpl,refundTicket,backend/booking-service/src/main/java/com/pml/booking/service/impl/TicketServiceImpl.java,93,1,0,False,True,no,entry:inherited
booking-service,KEEP_ENTRY,Tickets,onBeforeConvert,backend/booking-service/src/main/java/com/pml/booking/service/referencedata/BookingStatusSemanticStampers.java,37,0,0,False,False,no,framework-override
booking-service,KEEP_ENTRY,Payouts,onBeforeConvert,backend/booking-service/src/main/java/com/pml/booking/service/referencedata/BookingStatusSemanticStampers.java,54,0,0,False,False,no,framework-override
booking-service,KEEP_ENTRY,EscrowAccounts,onBeforeConvert,backend/booking-service/src/main/java/com/pml/booking/service/referencedata/BookingStatusSemanticStampers.java,71,0,0,False,False,no,framework-override
booking-service,KEEP_ENTRY,RefundSummary,create,backend/booking-service/src/main/java/com/pml/booking/web/graphql/dto/RefundSummary.java,18,44,51,False,False,no,framework-name
booking-service,KEEP_ENTRY,OrganizerUpcomingEvent,getSalesPercentage,backend/booking-service/src/main/java/com/pml/booking/web/graphql/dto/organizer/OrganizerUpcomingEvent.java,72,0,0,False,False,no,entry:inherited
booking-service,KEEP_ENTRY,EventExtensionResolver,getTicketsSold,backend/booking-service/src/main/java/com/pml/booking/web/graphql/federation/EventExtensionResolver.java,111,0,0,False,False,no,entry:DgsData
booking-service,KEEP_ENTRY,EventExtensionResolver,getEventRevenue,backend/booking-service/src/main/java/com/pml/booking/web/graphql/federation/EventExtensionResolver.java,135,0,0,False,False,no,entry:DgsData
booking-service,KEEP_ENTRY,EventExtensionResolver,getTicketsAvailable,backend/booking-service/src/main/java/com/pml/booking/web/graphql/federation/EventExtensionResolver.java,169,0,0,False,False,no,entry:DgsData
booking-service,KEEP_ENTRY,EventExtensionResolver,isSoldOut,backend/booking-service/src/main/java/com/pml/booking/web/graphql/federation/EventExtensionResolver.java,201,0,0,False,False,no,entry:DgsData
booking-service,KEEP_ENTRY,EventExtensionResolver,getSalesPercentage,backend/booking-service/src/main/java/com/pml/booking/web/graphql/federation/EventExtensionResolver.java,229,0,0,False,False,no,entry:DgsData
booking-service,KEEP_ENTRY,EventExtensionResolver,getEventTickets,backend/booking-service/src/main/java/com/pml/booking/web/graphql/federation/EventExtensionResolver.java,87,0,0,False,False,no,entry:DgsData
booking-service,KEEP_ENTRY,TicketEntityFetcher,fetchTicket,backend/booking-service/src/main/java/com/pml/booking/web/graphql/federation/TicketEntityFetcher.java,81,0,0,False,False,no,entry:DgsEntityFetcher
booking-service,KEEP_ENTRY,TicketFieldResolver,getTicketBuyer,backend/booking-service/src/main/java/com/pml/booking/web/graphql/federation/TicketFieldResolver.java,138,0,0,False,False,no,entry:DgsData
booking-service,KEEP_ENTRY,TicketFieldResolver,getTicketEvent,backend/booking-service/src/main/java/com/pml/booking/web/graphql/federation/TicketFieldResolver.java,85,0,0,False,False,no,entry:DgsData
booking-service,KEEP_ENTRY,UserExtensionResolver,getUserTotalSpent,backend/booking-service/src/main/java/com/pml/booking/web/graphql/federation/UserExtensionResolver.java,107,0,0,False,False,no,entry:DgsData
booking-service,KEEP_ENTRY,UserExtensionResolver,getActiveTicketCount,backend/booking-service/src/main/java/com/pml/booking/web/graphql/federation/UserExtensionResolver.java,132,0,0,False,False,no,entry:DgsData
booking-service,KEEP_ENTRY,UserExtensionResolver,getUserPurchasedTickets,backend/booking-service/src/main/java/com/pml/booking/web/graphql/federation/UserExtensionResolver.java,83,0,0,False,False,no,entry:DgsData
booking-service,KEEP_ENTRY,BankAccountMutationResolver,deleteBankAccount,backend/booking-service/src/main/java/com/pml/booking/web/graphql/mutation/BankAccountMutationResolver.java,101,0,0,True,True,no,entry:DgsMutation
booking-service,KEEP_ENTRY,BankAccountMutationResolver,setDefaultBankAccount,backend/booking-service/src/main/java/com/pml/booking/web/graphql/mutation/BankAccountMutationResolver.java,127,0,0,True,True,no,entry:DgsMutation
booking-service,KEEP_ENTRY,BankAccountMutationResolver,verifyBankAccount,backend/booking-service/src/main/java/com/pml/booking/web/graphql/mutation/BankAccountMutationResolver.java,150,0,0,False,True,no,entry:DgsMutation
booking-service,KEEP_ENTRY,BankAccountMutationResolver,startBankVerification,backend/booking-service/src/main/java/com/pml/booking/web/graphql/mutation/BankAccountMutationResolver.java,163,0,0,True,True,no,entry:DgsMutation
booking-service,KEEP_ENTRY,BankAccountMutationResolver,confirmBankVerification,backend/booking-service/src/main/java/com/pml/booking/web/graphql/mutation/BankAccountMutationResolver.java,171,0,0,True,True,no,entry:DgsMutation
booking-service,KEEP_ENTRY,BankAccountMutationResolver,createBankAccount,backend/booking-service/src/main/java/com/pml/booking/web/graphql/mutation/BankAccountMutationResolver.java,64,0,0,True,True,no,entry:DgsMutation
booking-service,KEEP_ENTRY,BankAccountMutationResolver,updateBankAccount,backend/booking-service/src/main/java/com/pml/booking/web/graphql/mutation/BankAccountMutationResolver.java,82,0,0,True,True,no,entry:DgsMutation
booking-service,KEEP_ENTRY,ChargebackMutationResolver,receiveChargeback,backend/booking-service/src/main/java/com/pml/booking/web/graphql/mutation/ChargebackMutationResolver.java,38,2,0,False,True,no,entry:DgsMutation
booking-service,KEEP_ENTRY,ChargebackMutationResolver,startChargebackReview,backend/booking-service/src/main/java/com/pml/booking/web/graphql/mutation/ChargebackMutationResolver.java,45,0,0,False,True,no,entry:DgsMutation
booking-service,KEEP_ENTRY,ChargebackMutationResolver,acceptChargeback,backend/booking-service/src/main/java/com/pml/booking/web/graphql/mutation/ChargebackMutationResolver.java,52,1,0,True,True,no,entry:DgsMutation
booking-service,KEEP_ENTRY,ChargebackMutationResolver,disputeChargeback,backend/booking-service/src/main/java/com/pml/booking/web/graphql/mutation/ChargebackMutationResolver.java,59,1,0,False,True,no,entry:DgsMutation
booking-service,KEEP_ENTRY,ChargebackMutationResolver,recordChargebackOutcome,backend/booking-service/src/main/java/com/pml/booking/web/graphql/mutation/ChargebackMutationResolver.java,66,0,0,False,True,no,entry:DgsMutation
booking-service,KEEP_ENTRY,ChartOfAccountsMutationResolver,seedChartOfAccounts,backend/booking-service/src/main/java/com/pml/booking/web/graphql/mutation/ChartOfAccountsMutationResolver.java,131,0,0,False,True,no,entry:DgsMutation
booking-service,KEEP_ENTRY,ChartOfAccountsMutationResolver,createChartOfAccountsEntry,backend/booking-service/src/main/java/com/pml/booking/web/graphql/mutation/ChartOfAccountsMutationResolver.java,51,1,0,False,True,no,entry:DgsMutation
booking-service,KEEP_ENTRY,ChartOfAccountsMutationResolver,updateChartOfAccountsEntry,backend/booking-service/src/main/java/com/pml/booking/web/graphql/mutation/ChartOfAccountsMutationResolver.java,73,1,0,False,True,no,entry:DgsMutation
booking-service,KEEP_ENTRY,ChartOfAccountsMutationResolver,deactivateChartOfAccountsEntry,backend/booking-service/src/main/java/com/pml/booking/web/graphql/mutation/ChartOfAccountsMutationResolver.java,94,1,0,False,True,no,entry:DgsMutation
booking-service,KEEP_ENTRY,CheckInMutationResolver,validateTicket,backend/booking-service/src/main/java/com/pml/booking/web/graphql/mutation/CheckInMutationResolver.java,61,0,10,True,True,yes,entry:DgsMutation
booking-service,KEEP_ENTRY,CheckInMutationResolver,uploadScans,backend/booking-service/src/main/java/com/pml/booking/web/graphql/mutation/CheckInMutationResolver.java,72,1,1,True,True,yes,entry:DgsMutation
booking-service,KEEP_ENTRY,CheckInMutationResolver,reviewConflict,backend/booking-service/src/main/java/com/pml/booking/web/graphql/mutation/CheckInMutationResolver.java,94,1,2,True,True,yes,entry:DgsMutation
booking-service,KEEP_ENTRY,EscrowMutationResolver,unlockEscrowAccount,backend/booking-service/src/main/java/com/pml/booking/web/graphql/mutation/EscrowMutationResolver.java,101,2,0,False,True,no,entry:DgsMutation
booking-service,KEEP_ENTRY,EscrowMutationResolver,markPayoutEligible,backend/booking-service/src/main/java/com/pml/booking/web/graphql/mutation/EscrowMutationResolver.java,116,5,0,False,True,no,entry:DgsMutation
booking-service,KEEP_ENTRY,EscrowMutationResolver,closeEscrowAccount,backend/booking-service/src/main/java/com/pml/booking/web/graphql/mutation/EscrowMutationResolver.java,130,2,0,True,True,no,entry:DgsMutation
booking-service,KEEP_ENTRY,EscrowMutationResolver,createEscrowAccount,backend/booking-service/src/main/java/com/pml/booking/web/graphql/mutation/EscrowMutationResolver.java,51,1,0,False,True,no,entry:DgsMutation
booking-service,KEEP_ENTRY,EscrowMutationResolver,updateEscrowAccountStatus,backend/booking-service/src/main/java/com/pml/booking/web/graphql/mutation/EscrowMutationResolver.java,69,2,0,False,True,no,entry:DgsMutation
booking-service,KEEP_ENTRY,EscrowMutationResolver,lockEscrowAccount,backend/booking-service/src/main/java/com/pml/booking/web/graphql/mutation/EscrowMutationResolver.java,85,2,0,False,True,no,entry:DgsMutation
booking-service,KEEP_ENTRY,JournalEntryMutationResolver,postJournalEntry,backend/booking-service/src/main/java/com/pml/booking/web/graphql/mutation/JournalEntryMutationResolver.java,114,1,0,False,True,no,entry:DgsMutation
booking-service,KEEP_ENTRY,JournalEntryMutationResolver,reverseJournalEntry,backend/booking-service/src/main/java/com/pml/booking/web/graphql/mutation/JournalEntryMutationResolver.java,134,1,0,False,True,no,entry:DgsMutation
booking-service,KEEP_ENTRY,JournalEntryMutationResolver,createJournalEntry,backend/booking-service/src/main/java/com/pml/booking/web/graphql/mutation/JournalEntryMutationResolver.java,72,1,0,False,True,no,entry:DgsMutation
booking-service,KEEP_ENTRY,PaymentAttemptMutationResolver,addPaymentAttemptNote,backend/booking-service/src/main/java/com/pml/booking/web/graphql/mutation/PaymentAttemptMutationResolver.java,34,1,0,False,True,no,entry:DgsMutation
booking-service,KEEP_ENTRY,PaymentAttemptMutationResolver,setPaymentAttemptReviewStatus,backend/booking-service/src/main/java/com/pml/booking/web/graphql/mutation/PaymentAttemptMutationResolver.java,45,1,0,False,True,no,entry:DgsMutation
booking-service,KEEP_ENTRY,PayoutRequestMutationResolver,approvePayoutRequest,backend/booking-service/src/main/java/com/pml/booking/web/graphql/mutation/PayoutRequestMutationResolver.java,115,0,0,True,True,no,entry:DgsMutation
booking-service,KEEP_ENTRY,PayoutRequestMutationResolver,rejectPayoutRequest,backend/booking-service/src/main/java/com/pml/booking/web/graphql/mutation/PayoutRequestMutationResolver.java,122,0,0,True,True,no,entry:DgsMutation
booking-service,KEEP_ENTRY,PayoutRequestMutationResolver,processPayoutRequest,backend/booking-service/src/main/java/com/pml/booking/web/graphql/mutation/PayoutRequestMutationResolver.java,133,0,0,False,True,no,entry:DgsMutation
booking-service,KEEP_ENTRY,PayoutRequestMutationResolver,completePayoutRequest,backend/booking-service/src/main/java/com/pml/booking/web/graphql/mutation/PayoutRequestMutationResolver.java,144,0,0,False,True,no,entry:DgsMutation
booking-service,KEEP_ENTRY,PayoutRequestMutationResolver,cancelPayoutRequest,backend/booking-service/src/main/java/com/pml/booking/web/graphql/mutation/PayoutRequestMutationResolver.java,151,0,0,True,True,no,entry:DgsMutation
booking-service,KEEP_ENTRY,PayoutRequestMutationResolver,resumePayoutRequest,backend/booking-service/src/main/java/com/pml/booking/web/graphql/mutation/PayoutRequestMutationResolver.java,164,0,0,False,True,no,entry:DgsMutation
booking-service,KEEP_ENTRY,PayoutRequestMutationResolver,markPayoutForReview,backend/booking-service/src/main/java/com/pml/booking/web/graphql/mutation/PayoutRequestMutationResolver.java,171,0,0,True,True,no,entry:DgsMutation
booking-service,KEEP_ENTRY,PayoutRequestMutationResolver,resolvePayoutIssue,backend/booking-service/src/main/java/com/pml/booking/web/graphql/mutation/PayoutRequestMutationResolver.java,180,0,0,False,True,no,entry:DgsMutation
booking-service,KEEP_ENTRY,PayoutRequestMutationResolver,bulkRetryFailedPayouts,backend/booking-service/src/main/java/com/pml/booking/web/graphql/mutation/PayoutRequestMutationResolver.java,190,0,0,True,True,no,entry:DgsMutation
booking-service,KEEP_ENTRY,PayoutRequestMutationResolver,bulkMarkPayoutsForReview,backend/booking-service/src/main/java/com/pml/booking/web/graphql/mutation/PayoutRequestMutationResolver.java,204,0,0,False,True,no,entry:DgsMutation
booking-service,KEEP_ENTRY,PayoutRequestMutationResolver,escalatePayoutRequest,backend/booking-service/src/main/java/com/pml/booking/web/graphql/mutation/PayoutRequestMutationResolver.java,215,1,0,False,True,no,entry:DgsMutation
booking-service,KEEP_ENTRY,PayoutRequestMutationResolver,retryPayoutRequest,backend/booking-service/src/main/java/com/pml/booking/web/graphql/mutation/PayoutRequestMutationResolver.java,223,0,0,True,True,no,entry:DgsMutation
booking-service,KEEP_ENTRY,PayoutRequestMutationResolver,createPayoutRequest,backend/booking-service/src/main/java/com/pml/booking/web/graphql/mutation/PayoutRequestMutationResolver.java,62,0,3,True,True,yes,entry:DgsMutation
booking-service,KEEP_ENTRY,PromoCodeMutationResolver,createPromoCode,backend/booking-service/src/main/java/com/pml/booking/web/graphql/mutation/PromoCodeMutationResolver.java,45,1,0,True,True,no,entry:DgsMutation
booking-service,KEEP_ENTRY,PromoCodeMutationResolver,updatePromoCode,backend/booking-service/src/main/java/com/pml/booking/web/graphql/mutation/PromoCodeMutationResolver.java,60,2,0,True,True,no,entry:DgsMutation
booking-service,KEEP_ENTRY,PromoCodeMutationResolver,activatePromoCode,backend/booking-service/src/main/java/com/pml/booking/web/graphql/mutation/PromoCodeMutationResolver.java,74,2,0,False,True,no,entry:DgsMutation
booking-service,KEEP_ENTRY,PromoCodeMutationResolver,deactivatePromoCode,backend/booking-service/src/main/java/com/pml/booking/web/graphql/mutation/PromoCodeMutationResolver.java,85,2,0,True,True,no,entry:DgsMutation
booking-service,KEEP_ENTRY,PromoCodeMutationResolver,deletePromoCode,backend/booking-service/src/main/java/com/pml/booking/web/graphql/mutation/PromoCodeMutationResolver.java,96,2,0,False,True,no,entry:DgsMutation
booking-service,KEEP_ENTRY,ReconciliationMutationResolver,resolveReconciliationItem,backend/booking-service/src/main/java/com/pml/booking/web/graphql/mutation/ReconciliationMutationResolver.java,142,1,0,True,True,no,entry:DgsMutation
booking-service,KEEP_ENTRY,ReconciliationMutationResolver,completeReconciliation,backend/booking-service/src/main/java/com/pml/booking/web/graphql/mutation/ReconciliationMutationResolver.java,161,1,0,False,True,no,entry:DgsMutation
booking-service,KEEP_ENTRY,ReconciliationMutationResolver,failReconciliation,backend/booking-service/src/main/java/com/pml/booking/web/graphql/mutation/ReconciliationMutationResolver.java,176,1,0,False,True,no,entry:DgsMutation
booking-service,KEEP_ENTRY,ReconciliationMutationResolver,verifyEscrowJournalConsistency,backend/booking-service/src/main/java/com/pml/booking/web/graphql/mutation/ReconciliationMutationResolver.java,199,5,0,False,True,no,entry:DgsMutation
booking-service,KEEP_ENTRY,ReconciliationMutationResolver,recordGatewaySettlement,backend/booking-service/src/main/java/com/pml/booking/web/graphql/mutation/ReconciliationMutationResolver.java,267,2,0,False,True,no,entry:DgsMutation
booking-service,KEEP_ENTRY,ReconciliationMutationResolver,startReconciliation,backend/booking-service/src/main/java/com/pml/booking/web/graphql/mutation/ReconciliationMutationResolver.java,75,1,0,True,True,no,entry:DgsMutation
booking-service,KEEP_ENTRY,RefundRequestMutationResolver,createUserRefundRequest,backend/booking-service/src/main/java/com/pml/booking/web/graphql/mutation/RefundRequestMutationResolver.java,38,0,0,True,True,no,entry:DgsMutation
booking-service,KEEP_ENTRY,RefundRequestMutationResolver,approveRefundRequest,backend/booking-service/src/main/java/com/pml/booking/web/graphql/mutation/RefundRequestMutationResolver.java,46,0,0,True,True,no,entry:DgsMutation
booking-service,KEEP_ENTRY,RefundRequestMutationResolver,rejectRefundRequest,backend/booking-service/src/main/java/com/pml/booking/web/graphql/mutation/RefundRequestMutationResolver.java,53,0,0,True,True,no,entry:DgsMutation
booking-service,KEEP_ENTRY,RefundRequestMutationResolver,processRefundRequest,backend/booking-service/src/main/java/com/pml/booking/web/graphql/mutation/RefundRequestMutationResolver.java,61,0,0,False,True,no,entry:DgsMutation
booking-service,KEEP_ENTRY,RefundRequestMutationResolver,createAdminRefundRequest,backend/booking-service/src/main/java/com/pml/booking/web/graphql/mutation/RefundRequestMutationResolver.java,72,1,0,False,True,no,entry:DgsMutation
booking-service,KEEP_ENTRY,RefundRequestMutationResolver,cancelRefundRequest,backend/booking-service/src/main/java/com/pml/booking/web/graphql/mutation/RefundRequestMutationResolver.java,83,1,0,False,True,no,entry:DgsMutation
booking-service,KEEP_ENTRY,RefundRequestMutationResolver,bulkApproveRefunds,backend/booking-service/src/main/java/com/pml/booking/web/graphql/mutation/RefundRequestMutationResolver.java,90,0,0,False,True,no,entry:DgsMutation
booking-service,KEEP_ENTRY,ReservationMutationResolver,reserveTickets,backend/booking-service/src/main/java/com/pml/booking/web/graphql/mutation/ReservationMutationResolver.java,36,0,0,True,True,no,entry:DgsMutation
booking-service,KEEP_ENTRY,ReservationMutationResolver,cancelReservation,backend/booking-service/src/main/java/com/pml/booking/web/graphql/mutation/ReservationMutationResolver.java,46,0,0,True,True,no,entry:DgsMutation
booking-service,KEEP_ENTRY,ReservationMutationResolver,forceExpireReservation,backend/booking-service/src/main/java/com/pml/booking/web/graphql/mutation/ReservationMutationResolver.java,60,1,0,False,True,no,entry:DgsMutation
booking-service,KEEP_ENTRY,ReservationPaymentMutationResolver,payReservation,backend/booking-service/src/main/java/com/pml/booking/web/graphql/mutation/ReservationPaymentMutationResolver.java,40,1,0,False,True,no,entry:DgsMutation
booking-service,KEEP_ENTRY,TicketMutationResolver,regenerateTicketQrCode,backend/booking-service/src/main/java/com/pml/booking/web/graphql/mutation/TicketMutationResolver.java,106,1,0,False,True,no,entry:DgsMutation
booking-service,KEEP_ENTRY,TicketMutationResolver,bulkCancelTickets,backend/booking-service/src/main/java/com/pml/booking/web/graphql/mutation/TicketMutationResolver.java,118,1,0,False,True,no,entry:DgsMutation
booking-service,KEEP_ENTRY,TicketMutationResolver,refundTicket,backend/booking-service/src/main/java/com/pml/booking/web/graphql/mutation/TicketMutationResolver.java,58,1,0,False,True,no,entry:DgsMutation
booking-service,KEEP_ENTRY,TicketMutationResolver,cancelTicket,backend/booking-service/src/main/java/com/pml/booking/web/graphql/mutation/TicketMutationResolver.java,73,1,0,False,True,no,entry:DgsMutation
booking-service,KEEP_ENTRY,TicketMutationResolver,adminUpdateTicket,backend/booking-service/src/main/java/com/pml/booking/web/graphql/mutation/TicketMutationResolver.java,92,1,0,False,True,no,entry:DgsMutation
booking-service,KEEP_ENTRY,BankAccountQueryResolver,bankAccountsByOrganizer,backend/booking-service/src/main/java/com/pml/booking/web/graphql/query/BankAccountQueryResolver.java,56,1,0,True,True,no,entry:DgsQuery
booking-service,KEEP_ENTRY,BankAccountQueryResolver,bankAccount,backend/booking-service/src/main/java/com/pml/booking/web/graphql/query/BankAccountQueryResolver.java,70,1,0,False,True,no,entry:DgsQuery
booking-service,KEEP_ENTRY,BankAccountQueryResolver,defaultBankAccount,backend/booking-service/src/main/java/com/pml/booking/web/graphql/query/BankAccountQueryResolver.java,87,1,0,False,True,no,entry:DgsQuery
booking-service,KEEP_ENTRY,ChargebackQueryResolver,chargebacksPendingRecovery,backend/booking-service/src/main/java/com/pml/booking/web/graphql/query/ChargebackQueryResolver.java,108,0,0,False,True,no,entry:DgsQuery
booking-service,KEEP_ENTRY,ChargebackQueryResolver,chargebacks,backend/booking-service/src/main/java/com/pml/booking/web/graphql/query/ChargebackQueryResolver.java,123,0,0,True,True,no,entry:DgsQuery
booking-service,KEEP_ENTRY,ChargebackQueryResolver,chargebacksByOrganizer,backend/booking-service/src/main/java/com/pml/booking/web/graphql/query/ChargebackQueryResolver.java,140,1,0,False,True,no,entry:DgsQuery
booking-service,KEEP_ENTRY,ChargebackQueryResolver,chargebacksByEvent,backend/booking-service/src/main/java/com/pml/booking/web/graphql/query/ChargebackQueryResolver.java,158,1,0,False,True,no,entry:DgsQuery
booking-service,KEEP_ENTRY,ChargebackQueryResolver,chargebackStats,backend/booking-service/src/main/java/com/pml/booking/web/graphql/query/ChargebackQueryResolver.java,180,1,0,False,True,no,entry:DgsQuery
booking-service,KEEP_ENTRY,ChargebackQueryResolver,chargeback,backend/booking-service/src/main/java/com/pml/booking/web/graphql/query/ChargebackQueryResolver.java,66,3,3,False,True,no,entry:DgsQuery
booking-service,KEEP_ENTRY,ChargebackQueryResolver,chargebackByChargebackId,backend/booking-service/src/main/java/com/pml/booking/web/graphql/query/ChargebackQueryResolver.java,78,1,0,False,True,no,entry:DgsQuery
booking-service,KEEP_ENTRY,ChargebackQueryResolver,pendingChargebacks,backend/booking-service/src/main/java/com/pml/booking/web/graphql/query/ChargebackQueryResolver.java,94,0,0,False,True,no,entry:DgsQuery
booking-service,KEEP_ENTRY,ChartOfAccountsQueryResolver,chartOfAccountsOffsetPagination,backend/booking-service/src/main/java/com/pml/booking/web/graphql/query/ChartOfAccountsQueryResolver.java,105,0,0,False,True,no,entry:DgsQuery
booking-service,KEEP_ENTRY,ChartOfAccountsQueryResolver,chartOfAccounts,backend/booking-service/src/main/java/com/pml/booking/web/graphql/query/ChartOfAccountsQueryResolver.java,54,0,0,True,True,no,entry:DgsQuery
booking-service,KEEP_ENTRY,ChartOfAccountsQueryResolver,chartOfAccountsEntry,backend/booking-service/src/main/java/com/pml/booking/web/graphql/query/ChartOfAccountsQueryResolver.java,65,1,0,False,True,no,entry:DgsQuery
booking-service,KEEP_ENTRY,ChartOfAccountsQueryResolver,chartOfAccountsByCode,backend/booking-service/src/main/java/com/pml/booking/web/graphql/query/ChartOfAccountsQueryResolver.java,77,1,0,False,True,no,entry:DgsQuery
booking-service,KEEP_ENTRY,ChartOfAccountsQueryResolver,chartOfAccountsByType,backend/booking-service/src/main/java/com/pml/booking/web/graphql/query/ChartOfAccountsQueryResolver.java,89,1,0,False,True,no,entry:DgsQuery
booking-service,KEEP_ENTRY,CheckInQueryResolver,checkInSummary,backend/booking-service/src/main/java/com/pml/booking/web/graphql/query/CheckInQueryResolver.java,40,0,2,True,True,yes,entry:DgsQuery
booking-service,KEEP_ENTRY,CheckInQueryResolver,recentCheckIns,backend/booking-service/src/main/java/com/pml/booking/web/graphql/query/CheckInQueryResolver.java,50,3,2,True,True,yes,entry:DgsQuery
booking-service,KEEP_ENTRY,CheckInQueryResolver,checkInConflicts,backend/booking-service/src/main/java/com/pml/booking/web/graphql/query/CheckInQueryResolver.java,59,0,0,True,True,no,entry:DgsQuery
booking-service,KEEP_ENTRY,EscrowAccountQueryResolver,escrowAccountsByOrganizer,backend/booking-service/src/main/java/com/pml/booking/web/graphql/query/EscrowAccountQueryResolver.java,105,1,0,False,True,no,entry:DgsQuery
booking-service,KEEP_ENTRY,EscrowAccountQueryResolver,escrowAccountBalance,backend/booking-service/src/main/java/com/pml/booking/web/graphql/query/EscrowAccountQueryResolver.java,125,1,0,False,True,no,entry:DgsQuery
booking-service,KEEP_ENTRY,EscrowAccountQueryResolver,accountSummary,backend/booking-service/src/main/java/com/pml/booking/web/graphql/query/EscrowAccountQueryResolver.java,139,1,0,False,True,no,entry:DgsQuery
booking-service,KEEP_ENTRY,EscrowAccountQueryResolver,platformSummary,backend/booking-service/src/main/java/com/pml/booking/web/graphql/query/EscrowAccountQueryResolver.java,154,0,0,False,True,no,entry:DgsQuery
booking-service,KEEP_ENTRY,EscrowAccountQueryResolver,myEscrowAccounts,backend/booking-service/src/main/java/com/pml/booking/web/graphql/query/EscrowAccountQueryResolver.java,250,1,0,True,True,no,entry:DgsQuery
booking-service,KEEP_ENTRY,EscrowAccountQueryResolver,escrowAccount,backend/booking-service/src/main/java/com/pml/booking/web/graphql/query/EscrowAccountQueryResolver.java,47,1,0,True,True,no,entry:DgsQuery
booking-service,KEEP_ENTRY,EscrowAccountQueryResolver,escrowAccountByNumber,backend/booking-service/src/main/java/com/pml/booking/web/graphql/query/EscrowAccountQueryResolver.java,59,1,0,False,True,no,entry:DgsQuery
booking-service,KEEP_ENTRY,EscrowAccountQueryResolver,escrowAccountByEvent,backend/booking-service/src/main/java/com/pml/booking/web/graphql/query/EscrowAccountQueryResolver.java,71,1,0,False,True,no,entry:DgsQuery
booking-service,KEEP_ENTRY,EscrowAccountQueryResolver,escrowAccounts,backend/booking-service/src/main/java/com/pml/booking/web/graphql/query/EscrowAccountQueryResolver.java,87,0,0,False,True,no,entry:DgsQuery
booking-service,KEEP_ENTRY,EscrowTransactionQueryResolver,escrowTransactions,backend/booking-service/src/main/java/com/pml/booking/web/graphql/query/EscrowTransactionQueryResolver.java,120,1,0,True,True,no,entry:DgsQuery
booking-service,KEEP_ENTRY,EscrowTransactionQueryResolver,escrowBalance,backend/booking-service/src/main/java/com/pml/booking/web/graphql/query/EscrowTransactionQueryResolver.java,153,4,0,False,True,no,entry:DgsQuery
booking-service,KEEP_ENTRY,EscrowTransactionQueryResolver,escrowBalanceAsOf,backend/booking-service/src/main/java/com/pml/booking/web/graphql/query/EscrowTransactionQueryResolver.java,165,1,0,False,True,no,entry:DgsQuery
booking-service,KEEP_ENTRY,EscrowTransactionQueryResolver,escrowTransaction,backend/booking-service/src/main/java/com/pml/booking/web/graphql/query/EscrowTransactionQueryResolver.java,70,1,0,False,True,no,entry:DgsQuery
booking-service,KEEP_ENTRY,EscrowTransactionQueryResolver,escrowTransactionsByTicket,backend/booking-service/src/main/java/com/pml/booking/web/graphql/query/EscrowTransactionQueryResolver.java,82,1,0,False,True,no,entry:DgsQuery
booking-service,KEEP_ENTRY,EscrowTransactionQueryResolver,escrowTransactionsUnlinked,backend/booking-service/src/main/java/com/pml/booking/web/graphql/query/EscrowTransactionQueryResolver.java,94,0,0,False,True,no,entry:DgsQuery
booking-service,KEEP_ENTRY,JournalEntryQueryResolver,journalEntriesByAccountCode,backend/booking-service/src/main/java/com/pml/booking/web/graphql/query/JournalEntryQueryResolver.java,114,1,0,False,True,no,entry:DgsQuery
booking-service,KEEP_ENTRY,JournalEntryQueryResolver,pendingJournalEntries,backend/booking-service/src/main/java/com/pml/booking/web/graphql/query/JournalEntryQueryResolver.java,132,0,0,False,True,no,entry:DgsQuery
booking-service,KEEP_ENTRY,JournalEntryQueryResolver,journalEntry,backend/booking-service/src/main/java/com/pml/booking/web/graphql/query/JournalEntryQueryResolver.java,57,1,0,False,True,no,entry:DgsQuery
booking-service,KEEP_ENTRY,JournalEntryQueryResolver,journalEntryByNumber,backend/booking-service/src/main/java/com/pml/booking/web/graphql/query/JournalEntryQueryResolver.java,69,1,0,False,True,no,entry:DgsQuery
booking-service,KEEP_ENTRY,JournalEntryQueryResolver,journalEntriesByCorrelationId,backend/booking-service/src/main/java/com/pml/booking/web/graphql/query/JournalEntryQueryResolver.java,81,1,0,False,True,no,entry:DgsQuery
booking-service,KEEP_ENTRY,JournalEntryQueryResolver,journalEntries,backend/booking-service/src/main/java/com/pml/booking/web/graphql/query/JournalEntryQueryResolver.java,97,0,0,True,True,no,entry:DgsQuery
booking-service,KEEP_ENTRY,LiveDashboardQueryResolver,eventLiveDashboard,backend/booking-service/src/main/java/com/pml/booking/web/graphql/query/LiveDashboardQueryResolver.java,43,0,0,False,True,no,entry:DgsQuery
booking-service,KEEP_ENTRY,OrganizerDashboardQueryResolver,myTransactions,backend/booking-service/src/main/java/com/pml/booking/web/graphql/query/OrganizerDashboardQueryResolver.java,114,0,0,False,True,no,entry:DgsQuery
booking-service,KEEP_ENTRY,OrganizerDashboardQueryResolver,myRevenueSeries,backend/booking-service/src/main/java/com/pml/booking/web/graphql/query/OrganizerDashboardQueryResolver.java,144,0,0,False,True,no,entry:DgsQuery
booking-service,KEEP_ENTRY,OrganizerDashboardQueryResolver,myTicketMix,backend/booking-service/src/main/java/com/pml/booking/web/graphql/query/OrganizerDashboardQueryResolver.java,158,0,0,False,True,no,entry:DgsQuery
booking-service,KEEP_ENTRY,OrganizerDashboardQueryResolver,myCheckInRate,backend/booking-service/src/main/java/com/pml/booking/web/graphql/query/OrganizerDashboardQueryResolver.java,173,0,0,False,True,no,entry:DgsQuery
booking-service,KEEP_ENTRY,OrganizerDashboardQueryResolver,myPayoutWindow,backend/booking-service/src/main/java/com/pml/booking/web/graphql/query/OrganizerDashboardQueryResolver.java,186,0,0,False,True,no,entry:DgsQuery
booking-service,KEEP_ENTRY,OrganizerDashboardQueryResolver,myPayoutSources,backend/booking-service/src/main/java/com/pml/booking/web/graphql/query/OrganizerDashboardQueryResolver.java,203,0,0,False,True,no,entry:DgsQuery
booking-service,KEEP_ENTRY,OrganizerDashboardQueryResolver,payoutEligibility,backend/booking-service/src/main/java/com/pml/booking/web/graphql/query/OrganizerDashboardQueryResolver.java,224,0,0,True,True,no,entry:DgsQuery
booking-service,KEEP_ENTRY,OrganizerDashboardQueryResolver,myDashboardStats,backend/booking-service/src/main/java/com/pml/booking/web/graphql/query/OrganizerDashboardQueryResolver.java,50,0,0,False,True,no,entry:DgsQuery
booking-service,KEEP_ENTRY,OrganizerDashboardQueryResolver,myFinanceOverview,backend/booking-service/src/main/java/com/pml/booking/web/graphql/query/OrganizerDashboardQueryResolver.java,65,0,0,False,True,no,entry:DgsQuery
booking-service,KEEP_ENTRY,OrganizerDashboardQueryResolver,myRecentActivity,backend/booking-service/src/main/java/com/pml/booking/web/graphql/query/OrganizerDashboardQueryResolver.java,81,0,0,False,True,no,entry:DgsQuery
booking-service,KEEP_ENTRY,OrganizerDashboardQueryResolver,myUpcomingEvents,backend/booking-service/src/main/java/com/pml/booking/web/graphql/query/OrganizerDashboardQueryResolver.java,97,0,0,False,True,no,entry:DgsQuery
booking-service,KEEP_ENTRY,PaymentAttemptQueryResolver,latestPaymentAttemptByReservation,backend/booking-service/src/main/java/com/pml/booking/web/graphql/query/PaymentAttemptQueryResolver.java,107,1,0,False,True,no,entry:DgsQuery
booking-service,KEEP_ENTRY,PaymentAttemptQueryResolver,successfulPaymentAttemptByReservation,backend/booking-service/src/main/java/com/pml/booking/web/graphql/query/PaymentAttemptQueryResolver.java,117,1,0,False,True,no,entry:DgsQuery
booking-service,KEEP_ENTRY,PaymentAttemptQueryResolver,paymentAttemptsByStatus,backend/booking-service/src/main/java/com/pml/booking/web/graphql/query/PaymentAttemptQueryResolver.java,131,1,0,False,True,no,entry:DgsQuery
booking-service,KEEP_ENTRY,PaymentAttemptQueryResolver,pendingPaymentAttempts,backend/booking-service/src/main/java/com/pml/booking/web/graphql/query/PaymentAttemptQueryResolver.java,142,1,0,False,True,no,entry:DgsQuery
booking-service,KEEP_ENTRY,PaymentAttemptQueryResolver,confirmedUnfulfilledPaymentAttempts,backend/booking-service/src/main/java/com/pml/booking/web/graphql/query/PaymentAttemptQueryResolver.java,155,1,0,False,True,no,entry:DgsQuery
booking-service,KEEP_ENTRY,PaymentAttemptQueryResolver,paymentAttemptsByEvent,backend/booking-service/src/main/java/com/pml/booking/web/graphql/query/PaymentAttemptQueryResolver.java,169,1,0,False,True,no,entry:DgsQuery
booking-service,KEEP_ENTRY,PaymentAttemptQueryResolver,paymentAttemptsByBuyer,backend/booking-service/src/main/java/com/pml/booking/web/graphql/query/PaymentAttemptQueryResolver.java,179,1,1,False,True,no,entry:DgsQuery
booking-service,KEEP_ENTRY,PaymentAttemptQueryResolver,paymentAttemptCountByStatus,backend/booking-service/src/main/java/com/pml/booking/web/graphql/query/PaymentAttemptQueryResolver.java,193,1,0,False,True,no,entry:DgsQuery
booking-service,KEEP_ENTRY,PaymentAttemptQueryResolver,hasSuccessfulPayment,backend/booking-service/src/main/java/com/pml/booking/web/graphql/query/PaymentAttemptQueryResolver.java,203,2,0,False,True,no,entry:DgsQuery
booking-service,KEEP_ENTRY,PaymentAttemptQueryResolver,paymentAttempt,backend/booking-service/src/main/java/com/pml/booking/web/graphql/query/PaymentAttemptQueryResolver.java,52,1,3,False,True,no,entry:DgsQuery
booking-service,KEEP_ENTRY,PaymentAttemptQueryResolver,paymentAttemptByDepositId,backend/booking-service/src/main/java/com/pml/booking/web/graphql/query/PaymentAttemptQueryResolver.java,63,1,0,False,True,no,entry:DgsQuery
booking-service,KEEP_ENTRY,PaymentAttemptQueryResolver,paymentAttemptByAttemptNumber,backend/booking-service/src/main/java/com/pml/booking/web/graphql/query/PaymentAttemptQueryResolver.java,73,1,0,False,True,no,entry:DgsQuery
booking-service,KEEP_ENTRY,PaymentAttemptQueryResolver,paymentAttempts,backend/booking-service/src/main/java/com/pml/booking/web/graphql/query/PaymentAttemptQueryResolver.java,83,1,0,False,True,no,entry:DgsQuery
booking-service,KEEP_ENTRY,PaymentAttemptQueryResolver,paymentAttemptsByReservation,backend/booking-service/src/main/java/com/pml/booking/web/graphql/query/PaymentAttemptQueryResolver.java,97,1,0,True,True,no,entry:DgsQuery
booking-service,KEEP_ENTRY,PayoutRequestQueryResolver,payoutRequestsByOrganizer,backend/booking-service/src/main/java/com/pml/booking/web/graphql/query/PayoutRequestQueryResolver.java,114,1,1,False,True,no,entry:DgsQuery
booking-service,KEEP_ENTRY,PayoutRequestQueryResolver,payoutRequestsByEvent,backend/booking-service/src/main/java/com/pml/booking/web/graphql/query/PayoutRequestQueryResolver.java,130,1,0,False,True,no,entry:DgsQuery
booking-service,KEEP_ENTRY,PayoutRequestQueryResolver,pendingPayoutRequests,backend/booking-service/src/main/java/com/pml/booking/web/graphql/query/PayoutRequestQueryResolver.java,146,3,0,False,True,no,entry:DgsQuery
booking-service,KEEP_ENTRY,PayoutRequestQueryResolver,failedPayoutRequests,backend/booking-service/src/main/java/com/pml/booking/web/graphql/query/PayoutRequestQueryResolver.java,159,0,0,False,True,no,entry:DgsQuery
booking-service,KEEP_ENTRY,PayoutRequestQueryResolver,payoutRequestStats,backend/booking-service/src/main/java/com/pml/booking/web/graphql/query/PayoutRequestQueryResolver.java,178,1,0,False,True,no,entry:DgsQuery
booking-service,KEEP_ENTRY,PayoutRequestQueryResolver,payoutRequestsForReview,backend/booking-service/src/main/java/com/pml/booking/web/graphql/query/PayoutRequestQueryResolver.java,224,1,0,True,True,no,entry:DgsQuery
booking-service,KEEP_ENTRY,PayoutRequestQueryResolver,stuckPayoutRequests,backend/booking-service/src/main/java/com/pml/booking/web/graphql/query/PayoutRequestQueryResolver.java,250,0,0,False,True,no,entry:DgsQuery
booking-service,KEEP_ENTRY,PayoutRequestQueryResolver,payoutRequestsByIssueType,backend/booking-service/src/main/java/com/pml/booking/web/graphql/query/PayoutRequestQueryResolver.java,275,1,0,False,True,no,entry:DgsQuery
booking-service,KEEP_ENTRY,PayoutRequestQueryResolver,payoutRecoverySummary,backend/booking-service/src/main/java/com/pml/booking/web/graphql/query/PayoutRequestQueryResolver.java,302,0,0,False,True,no,entry:DgsQuery
booking-service,KEEP_ENTRY,PayoutRequestQueryResolver,retryablePayoutRequests,backend/booking-service/src/main/java/com/pml/booking/web/graphql/query/PayoutRequestQueryResolver.java,313,0,0,False,True,no,entry:DgsQuery
booking-service,KEEP_ENTRY,PayoutRequestQueryResolver,recentlyResolvedPayoutRequests,backend/booking-service/src/main/java/com/pml/booking/web/graphql/query/PayoutRequestQueryResolver.java,329,0,0,False,True,no,entry:DgsQuery
booking-service,KEEP_ENTRY,PayoutRequestQueryResolver,myPayoutRequests,backend/booking-service/src/main/java/com/pml/booking/web/graphql/query/PayoutRequestQueryResolver.java,425,1,0,True,True,no,entry:DgsQuery
booking-service,KEEP_ENTRY,PayoutRequestQueryResolver,payoutRequest,backend/booking-service/src/main/java/com/pml/booking/web/graphql/query/PayoutRequestQueryResolver.java,67,1,0,True,True,no,entry:DgsQuery
booking-service,KEEP_ENTRY,PayoutRequestQueryResolver,payoutRequestByRequestId,backend/booking-service/src/main/java/com/pml/booking/web/graphql/query/PayoutRequestQueryResolver.java,79,1,0,False,True,no,entry:DgsQuery
booking-service,KEEP_ENTRY,PayoutRequestQueryResolver,payoutRequests,backend/booking-service/src/main/java/com/pml/booking/web/graphql/query/PayoutRequestQueryResolver.java,95,0,0,True,True,no,entry:DgsQuery
booking-service,KEEP_ENTRY,PlatformAccountQueryResolver,platformAccounts,backend/booking-service/src/main/java/com/pml/booking/web/graphql/query/PlatformAccountQueryResolver.java,46,0,0,True,True,no,entry:DgsQuery
booking-service,KEEP_ENTRY,PlatformAccountQueryResolver,platformAccount,backend/booking-service/src/main/java/com/pml/booking/web/graphql/query/PlatformAccountQueryResolver.java,57,1,0,False,True,no,entry:DgsQuery
booking-service,KEEP_ENTRY,PlatformAccountQueryResolver,platformAccountByType,backend/booking-service/src/main/java/com/pml/booking/web/graphql/query/PlatformAccountQueryResolver.java,69,1,0,False,True,no,entry:DgsQuery
booking-service,KEEP_ENTRY,PromoCodeQueryResolver,organizerPromoCodes,backend/booking-service/src/main/java/com/pml/booking/web/graphql/query/PromoCodeQueryResolver.java,110,1,0,False,True,no,entry:DgsQuery
booking-service,KEEP_ENTRY,PromoCodeQueryResolver,promoCode,backend/booking-service/src/main/java/com/pml/booking/web/graphql/query/PromoCodeQueryResolver.java,44,8,0,True,True,no,entry:DgsQuery
booking-service,KEEP_ENTRY,PromoCodeQueryResolver,promoCodeByCode,backend/booking-service/src/main/java/com/pml/booking/web/graphql/query/PromoCodeQueryResolver.java,54,1,0,False,True,no,entry:DgsQuery
booking-service,KEEP_ENTRY,PromoCodeQueryResolver,validatePromoCode,backend/booking-service/src/main/java/com/pml/booking/web/graphql/query/PromoCodeQueryResolver.java,64,2,0,False,True,no,entry:DgsQuery
booking-service,KEEP_ENTRY,PromoCodeQueryResolver,eventPromoCodes,backend/booking-service/src/main/java/com/pml/booking/web/graphql/query/PromoCodeQueryResolver.java,97,1,0,False,True,no,entry:DgsQuery
booking-service,KEEP_ENTRY,ReconciliationQueryResolver,reconciliationRunsByType,backend/booking-service/src/main/java/com/pml/booking/web/graphql/query/ReconciliationQueryResolver.java,115,1,0,False,True,no,entry:DgsQuery
booking-service,KEEP_ENTRY,ReconciliationQueryResolver,reconciliationSummary,backend/booking-service/src/main/java/com/pml/booking/web/graphql/query/ReconciliationQueryResolver.java,137,1,0,False,True,no,entry:DgsQuery
booking-service,KEEP_ENTRY,ReconciliationQueryResolver,escrowJournalVerification,backend/booking-service/src/main/java/com/pml/booking/web/graphql/query/ReconciliationQueryResolver.java,181,1,0,False,True,no,entry:DgsQuery
booking-service,KEEP_ENTRY,ReconciliationQueryResolver,escrowJournalVerificationAll,backend/booking-service/src/main/java/com/pml/booking/web/graphql/query/ReconciliationQueryResolver.java,206,0,0,False,True,no,entry:DgsQuery
booking-service,KEEP_ENTRY,ReconciliationQueryResolver,escrowJournalInconsistencies,backend/booking-service/src/main/java/com/pml/booking/web/graphql/query/ReconciliationQueryResolver.java,236,0,0,False,True,no,entry:DgsQuery
booking-service,KEEP_ENTRY,ReconciliationQueryResolver,reconciliationRun,backend/booking-service/src/main/java/com/pml/booking/web/graphql/query/ReconciliationQueryResolver.java,67,1,0,True,True,no,entry:DgsQuery
booking-service,KEEP_ENTRY,ReconciliationQueryResolver,reconciliationRunsRequiringReview,backend/booking-service/src/main/java/com/pml/booking/web/graphql/query/ReconciliationQueryResolver.java,83,0,0,False,True,no,entry:DgsQuery
booking-service,KEEP_ENTRY,ReconciliationQueryResolver,reconciliationRuns,backend/booking-service/src/main/java/com/pml/booking/web/graphql/query/ReconciliationQueryResolver.java,98,0,0,True,True,no,entry:DgsQuery
booking-service,KEEP_ENTRY,RefundRequestQueryResolver,refundRequestsByBuyer,backend/booking-service/src/main/java/com/pml/booking/web/graphql/query/RefundRequestQueryResolver.java,112,1,1,False,True,no,entry:DgsQuery
booking-service,KEEP_ENTRY,RefundRequestQueryResolver,refundRequestsByEvent,backend/booking-service/src/main/java/com/pml/booking/web/graphql/query/RefundRequestQueryResolver.java,128,1,0,False,True,no,entry:DgsQuery
booking-service,KEEP_ENTRY,RefundRequestQueryResolver,pendingRefundRequests,backend/booking-service/src/main/java/com/pml/booking/web/graphql/query/RefundRequestQueryResolver.java,144,0,0,False,True,no,entry:DgsQuery
booking-service,KEEP_ENTRY,RefundRequestQueryResolver,calculateRefundAmount,backend/booking-service/src/main/java/com/pml/booking/web/graphql/query/RefundRequestQueryResolver.java,162,2,0,False,True,no,entry:DgsQuery
booking-service,KEEP_ENTRY,RefundRequestQueryResolver,isTicketEligibleForRefund,backend/booking-service/src/main/java/com/pml/booking/web/graphql/query/RefundRequestQueryResolver.java,178,1,0,False,True,no,entry:DgsQuery
booking-service,KEEP_ENTRY,RefundRequestQueryResolver,eventRefundSummary,backend/booking-service/src/main/java/com/pml/booking/web/graphql/query/RefundRequestQueryResolver.java,206,1,0,False,True,no,entry:DgsQuery
booking-service,KEEP_ENTRY,RefundRequestQueryResolver,myRefundRequests,backend/booking-service/src/main/java/com/pml/booking/web/graphql/query/RefundRequestQueryResolver.java,355,0,0,True,True,no,entry:DgsQuery
booking-service,KEEP_ENTRY,RefundRequestQueryResolver,refundRequest,backend/booking-service/src/main/java/com/pml/booking/web/graphql/query/RefundRequestQueryResolver.java,49,1,0,True,True,no,entry:DgsQuery
booking-service,KEEP_ENTRY,RefundRequestQueryResolver,refundRequestByRequestId,backend/booking-service/src/main/java/com/pml/booking/web/graphql/query/RefundRequestQueryResolver.java,61,1,0,False,True,no,entry:DgsQuery
booking-service,KEEP_ENTRY,RefundRequestQueryResolver,refundRequestsByTicket,backend/booking-service/src/main/java/com/pml/booking/web/graphql/query/RefundRequestQueryResolver.java,76,1,0,False,True,no,entry:DgsQuery
booking-service,KEEP_ENTRY,RefundRequestQueryResolver,refundRequests,backend/booking-service/src/main/java/com/pml/booking/web/graphql/query/RefundRequestQueryResolver.java,92,0,0,True,True,no,entry:DgsQuery
booking-service,KEEP_ENTRY,ReservationQueryResolver,reservationsByEvent,backend/booking-service/src/main/java/com/pml/booking/web/graphql/query/ReservationQueryResolver.java,115,1,0,False,True,no,entry:DgsQuery
booking-service,KEEP_ENTRY,ReservationQueryResolver,expiredReservations,backend/booking-service/src/main/java/com/pml/booking/web/graphql/query/ReservationQueryResolver.java,131,1,0,False,True,no,entry:DgsQuery
booking-service,KEEP_ENTRY,ReservationQueryResolver,reservation,backend/booking-service/src/main/java/com/pml/booking/web/graphql/query/ReservationQueryResolver.java,70,2,1,True,True,no,entry:DgsQuery
booking-service,KEEP_ENTRY,ReservationQueryResolver,myActiveReservations,backend/booking-service/src/main/java/com/pml/booking/web/graphql/query/ReservationQueryResolver.java,99,1,0,True,True,no,entry:DgsQuery
booking-service,KEEP_ENTRY,StatisticsQueryResolver,bookingPendingCounts,backend/booking-service/src/main/java/com/pml/booking/web/graphql/query/StatisticsQueryResolver.java,42,0,0,False,True,no,entry:DgsQuery
booking-service,KEEP_ENTRY,StatisticsQueryResolver,transactionStats,backend/booking-service/src/main/java/com/pml/booking/web/graphql/query/StatisticsQueryResolver.java,53,1,0,False,True,no,entry:DgsQuery
booking-service,KEEP_ENTRY,StatisticsQueryResolver,financialReport,backend/booking-service/src/main/java/com/pml/booking/web/graphql/query/StatisticsQueryResolver.java,67,1,0,False,True,no,entry:DgsQuery
booking-service,KEEP_ENTRY,StatisticsQueryResolver,exportFinancialReport,backend/booking-service/src/main/java/com/pml/booking/web/graphql/query/StatisticsQueryResolver.java,79,2,0,False,True,no,entry:DgsQuery
booking-service,KEEP_ENTRY,StatisticsQueryResolver,exportSalesReport,backend/booking-service/src/main/java/com/pml/booking/web/graphql/query/StatisticsQueryResolver.java,96,2,0,False,True,no,entry:DgsQuery
booking-service,KEEP_ENTRY,TicketQueryResolver,ticketsByBuyerOffsetPagination,backend/booking-service/src/main/java/com/pml/booking/web/graphql/query/TicketQueryResolver.java,100,1,0,False,True,no,entry:DgsQuery
booking-service,KEEP_ENTRY,TicketQueryResolver,ticketsByOrganizer,backend/booking-service/src/main/java/com/pml/booking/web/graphql/query/TicketQueryResolver.java,124,1,0,False,True,no,entry:DgsQuery
booking-service,KEEP_ENTRY,TicketQueryResolver,searchTickets,backend/booking-service/src/main/java/com/pml/booking/web/graphql/query/TicketQueryResolver.java,142,0,0,False,True,no,entry:DgsQuery
booking-service,KEEP_ENTRY,TicketQueryResolver,ticketsByBuyerCursorPagination,backend/booking-service/src/main/java/com/pml/booking/web/graphql/query/TicketQueryResolver.java,163,1,0,False,True,no,entry:DgsQuery
booking-service,KEEP_ENTRY,TicketQueryResolver,ticketCountByEvent,backend/booking-service/src/main/java/com/pml/booking/web/graphql/query/TicketQueryResolver.java,188,1,0,False,True,no,entry:DgsQuery
booking-service,KEEP_ENTRY,TicketQueryResolver,ticketCountByBuyer,backend/booking-service/src/main/java/com/pml/booking/web/graphql/query/TicketQueryResolver.java,200,1,0,False,True,no,entry:DgsQuery
booking-service,KEEP_ENTRY,TicketQueryResolver,ticketStats,backend/booking-service/src/main/java/com/pml/booking/web/graphql/query/TicketQueryResolver.java,216,1,0,False,True,no,entry:DgsQuery
booking-service,KEEP_ENTRY,TicketQueryResolver,ticket,backend/booking-service/src/main/java/com/pml/booking/web/graphql/query/TicketQueryResolver.java,57,4,4,True,True,no,entry:DgsQuery
booking-service,KEEP_ENTRY,TicketQueryResolver,ticketByNumber,backend/booking-service/src/main/java/com/pml/booking/web/graphql/query/TicketQueryResolver.java,69,1,0,False,True,no,entry:DgsQuery
booking-service,KEEP_ENTRY,TicketQueryResolver,ticketsByEvent,backend/booking-service/src/main/java/com/pml/booking/web/graphql/query/TicketQueryResolver.java,85,1,0,True,True,no,entry:DgsQuery
booking-service,KEEP_ENTRY,TrialBalanceQueryResolver,trialBalance,backend/booking-service/src/main/java/com/pml/booking/web/graphql/query/TrialBalanceQueryResolver.java,60,1,7,True,True,yes,entry:DgsQuery
booking-service,KEEP_ENTRY,EventEscrowAccountFieldResolver,totalCommissions,backend/booking-service/src/main/java/com/pml/booking/web/graphql/resolver/EventEscrowAccountFieldResolver.java,30,1,0,False,True,no,entry:DgsData
booking-service,KEEP_ENTRY,EventEscrowAccountFieldResolver,closedAt,backend/booking-service/src/main/java/com/pml/booking/web/graphql/resolver/EventEscrowAccountFieldResolver.java,42,0,0,False,True,no,entry:DgsData
booking-service,KEEP_ENTRY,PageInfoFieldResolver,totalElements,backend/booking-service/src/main/java/com/pml/booking/web/graphql/resolver/PageInfoFieldResolver.java,30,2,0,False,True,no,entry:DgsData
booking-service,KEEP_ENTRY,PageInfoFieldResolver,totalPages,backend/booking-service/src/main/java/com/pml/booking/web/graphql/resolver/PageInfoFieldResolver.java,40,2,0,False,True,no,entry:DgsData
booking-service,KEEP_ENTRY,PageInfoFieldResolver,currentPage,backend/booking-service/src/main/java/com/pml/booking/web/graphql/resolver/PageInfoFieldResolver.java,54,1,0,False,True,no,entry:DgsData
booking-service,KEEP_ENTRY,PageInfoFieldResolver,pageSize,backend/booking-service/src/main/java/com/pml/booking/web/graphql/resolver/PageInfoFieldResolver.java,63,0,0,False,True,no,entry:DgsData
booking-service,KEEP_ENTRY,PageInfoFieldResolver,hasNext,backend/booking-service/src/main/java/com/pml/booking/web/graphql/resolver/PageInfoFieldResolver.java,71,2,1,False,True,no,entry:DgsData
booking-service,KEEP_ENTRY,PageInfoFieldResolver,hasPrevious,backend/booking-service/src/main/java/com/pml/booking/web/graphql/resolver/PageInfoFieldResolver.java,80,2,0,False,True,no,entry:DgsData
booking-service,KEEP_ENTRY,PaginationInfoFieldResolver,pageNumber,backend/booking-service/src/main/java/com/pml/booking/web/graphql/resolver/PaginationInfoFieldResolver.java,26,0,0,False,True,no,entry:DgsData
booking-service,KEEP_ENTRY,PaginationInfoFieldResolver,totalElements,backend/booking-service/src/main/java/com/pml/booking/web/graphql/resolver/PaginationInfoFieldResolver.java,35,2,0,False,True,no,entry:DgsData
booking-service,KEEP_ENTRY,PaginationInfoFieldResolver,hasNext,backend/booking-service/src/main/java/com/pml/booking/web/graphql/resolver/PaginationInfoFieldResolver.java,44,2,1,False,True,no,entry:DgsData
booking-service,KEEP_ENTRY,PaginationInfoFieldResolver,hasPrevious,backend/booking-service/src/main/java/com/pml/booking/web/graphql/resolver/PaginationInfoFieldResolver.java,53,2,0,False,True,no,entry:DgsData
booking-service,KEEP_ENTRY,PayoutRequestFieldResolver,bankAccount,backend/booking-service/src/main/java/com/pml/booking/web/graphql/resolver/PayoutRequestFieldResolver.java,40,1,0,False,True,no,entry:DgsData
booking-service,KEEP_ENTRY,RefundCalculationFieldResolver,policyApplied,backend/booking-service/src/main/java/com/pml/booking/web/graphql/resolver/RefundCalculationFieldResolver.java,24,0,0,False,True,no,entry:DgsData
booking-service,KEEP_ENTRY,RefundCalculationFieldResolver,ineligibleReason,backend/booking-service/src/main/java/com/pml/booking/web/graphql/resolver/RefundCalculationFieldResolver.java,53,0,0,False,True,no,entry:DgsData
booking-service,KEEP_ENTRY,RefundRequestFieldResolver,reason,backend/booking-service/src/main/java/com/pml/booking/web/graphql/resolver/RefundRequestFieldResolver.java,29,28,3,False,True,no,entry:DgsData
booking-service,KEEP_ENTRY,RefundRequestFieldResolver,refundPercentage,backend/booking-service/src/main/java/com/pml/booking/web/graphql/resolver/RefundRequestFieldResolver.java,39,2,0,False,True,no,entry:DgsData
booking-service,KEEP_ENTRY,RefundRequestFieldResolver,platformRetains,backend/booking-service/src/main/java/com/pml/booking/web/graphql/resolver/RefundRequestFieldResolver.java,61,2,0,False,True,no,entry:DgsData
booking-service,KEEP_ENTRY,RefundRequestFieldResolver,daysBeforeEvent,backend/booking-service/src/main/java/com/pml/booking/web/graphql/resolver/RefundRequestFieldResolver.java,80,2,0,False,True,no,entry:DgsData
booking-service,KEEP_ENTRY,RefundRequestFieldResolver,policyApplied,backend/booking-service/src/main/java/com/pml/booking/web/graphql/resolver/RefundRequestFieldResolver.java,90,0,0,False,True,no,entry:DgsData
booking-service,KEEP_ENTRY,ReservationFieldResolver,remainingSeconds,backend/booking-service/src/main/java/com/pml/booking/web/graphql/resolver/ReservationFieldResolver.java,33,0,0,False,True,no,entry:DgsData
booking-service,KEEP_ENTRY,ReservationFieldResolver,currency,backend/booking-service/src/main/java/com/pml/booking/web/graphql/resolver/ReservationFieldResolver.java,54,45,6,False,True,no,entry:DgsData
booking-service,KEEP_ENTRY,ReservationFieldResolver,promoCodeApplied,backend/booking-service/src/main/java/com/pml/booking/web/graphql/resolver/ReservationFieldResolver.java,65,0,0,False,True,no,entry:DgsData
booking-service,KEEP_ENTRY,TicketComputedFieldResolver,paymentInfoStatus,backend/booking-service/src/main/java/com/pml/booking/web/graphql/resolver/TicketComputedFieldResolver.java,27,0,0,False,False,no,entry:DgsData
booking-service,KEEP_ENTRY,TicketComputedFieldResolver,paymentInfoProviderReference,backend/booking-service/src/main/java/com/pml/booking/web/graphql/resolver/TicketComputedFieldResolver.java,38,0,0,False,False,no,entry:DgsData
booking-service,KEEP_ENTRY,TicketComputedFieldResolver,refundInfoStatus,backend/booking-service/src/main/java/com/pml/booking/web/graphql/resolver/TicketComputedFieldResolver.java,47,0,0,False,False,no,entry:DgsData
booking-service,KEEP_ENTRY,TicketComputedFieldResolver,refundInfoTransactionId,backend/booking-service/src/main/java/com/pml/booking/web/graphql/resolver/TicketComputedFieldResolver.java,58,0,0,False,False,no,entry:DgsData
booking-service,KEEP_ENTRY,InternalPayoutController,hasOpenPayoutRequest,backend/booking-service/src/main/java/com/pml/booking/web/rest/InternalPayoutController.java,34,1,0,False,False,no,entry:GetMapping
booking-service,KEEP_ENTRY,InternalTicketController,getSoldTicketCountByEvent,backend/booking-service/src/main/java/com/pml/booking/web/rest/InternalTicketController.java,28,0,0,False,False,no,entry:GetMapping
booking-service,KEEP_ENTRY,PawaPayWebhookController,handleDepositCallback,backend/booking-service/src/main/java/com/pml/booking/web/rest/PawaPayWebhookController.java,108,0,0,False,False,no,entry:PostMapping
booking-service,KEEP_ENTRY,PawaPayWebhookController,handleRefundCallback,backend/booking-service/src/main/java/com/pml/booking/web/rest/PawaPayWebhookController.java,235,2,0,False,False,no,entry:PostMapping
booking-service,KEEP_ENTRY,PawaPayWebhookController,handlePayoutCallback,backend/booking-service/src/main/java/com/pml/booking/web/rest/PawaPayWebhookController.java,330,0,0,False,False,no,entry:PostMapping
booking-service,KEEP_ENTRY,BankVerificationRules,matches,backend/booking-service/src/main/java/com/pml/booking/workflow/bank/BankVerificationRules.java,54,3,19,False,False,yes,framework-name
booking-service,KEEP_ENTRY,BankVerificationWorkflow,run,backend/booking-service/src/main/java/com/pml/booking/workflow/bank/BankVerificationWorkflow.java,22,16,77,False,False,no,entry:WorkflowMethod
booking-service,KEEP_ENTRY,BankVerificationWorkflow,begin,backend/booking-service/src/main/java/com/pml/booking/workflow/bank/BankVerificationWorkflow.java,26,1,11,False,False,no,entry:UpdateMethod
booking-service,KEEP_ENTRY,BankVerificationWorkflow,confirmAmount,backend/booking-service/src/main/java/com/pml/booking/workflow/bank/BankVerificationWorkflow.java,29,1,5,False,False,no,entry:UpdateMethod
booking-service,KEEP_ENTRY,BankVerificationWorkflow,validateConfirmAmount,backend/booking-service/src/main/java/com/pml/booking/workflow/bank/BankVerificationWorkflow.java,32,0,0,False,False,no,entry:UpdateValidatorMethod
booking-service,KEEP_ENTRY,BankVerificationWorkflow,current,backend/booking-service/src/main/java/com/pml/booking/workflow/bank/BankVerificationWorkflow.java,35,2,10,True,False,no,entry:QueryMethod
booking-service,KEEP_ENTRY,BankVerificationWorkflowImpl,validateConfirmAmount,backend/booking-service/src/main/java/com/pml/booking/workflow/bank/BankVerificationWorkflowImpl.java,100,0,0,False,False,yes,entry:inherited
booking-service,KEEP_ENTRY,BankVerificationWorkflowImpl,confirmAmount,backend/booking-service/src/main/java/com/pml/booking/workflow/bank/BankVerificationWorkflowImpl.java,114,1,5,False,False,yes,entry:inherited
booking-service,KEEP_ENTRY,BankVerificationWorkflowImpl,current,backend/booking-service/src/main/java/com/pml/booking/workflow/bank/BankVerificationWorkflowImpl.java,124,2,10,True,False,yes,entry:inherited
booking-service,KEEP_ENTRY,BankVerificationWorkflowImpl,run,backend/booking-service/src/main/java/com/pml/booking/workflow/bank/BankVerificationWorkflowImpl.java,29,16,77,False,False,yes,entry:inherited
booking-service,KEEP_ENTRY,BankVerificationWorkflowImpl,begin,backend/booking-service/src/main/java/com/pml/booking/workflow/bank/BankVerificationWorkflowImpl.java,81,1,11,False,False,yes,entry:inherited
booking-service,KEEP_ENTRY,ChargebackActivities,receive,backend/booking-service/src/main/java/com/pml/booking/workflow/chargeback/ChargebackActivities.java,15,3,6,False,False,no,entry:inherited
booking-service,KEEP_ENTRY,ChargebackActivities,startReview,backend/booking-service/src/main/java/com/pml/booking/workflow/chargeback/ChargebackActivities.java,20,5,1,False,False,no,entry:inherited
booking-service,KEEP_ENTRY,ChargebackActivities,accept,backend/booking-service/src/main/java/com/pml/booking/workflow/chargeback/ChargebackActivities.java,22,9,5,False,False,no,entry:inherited
booking-service,KEEP_ENTRY,ChargebackActivities,dispute,backend/booking-service/src/main/java/com/pml/booking/workflow/chargeback/ChargebackActivities.java,24,3,3,False,False,no,entry:inherited
booking-service,KEEP_ENTRY,ChargebackActivitiesImpl,accept,backend/booking-service/src/main/java/com/pml/booking/workflow/chargeback/ChargebackActivitiesImpl.java,101,9,5,False,False,no,entry:inherited
booking-service,KEEP_ENTRY,ChargebackActivitiesImpl,dispute,backend/booking-service/src/main/java/com/pml/booking/workflow/chargeback/ChargebackActivitiesImpl.java,107,3,3,False,False,no,entry:inherited
booking-service,KEEP_ENTRY,ChargebackActivitiesImpl,receive,backend/booking-service/src/main/java/com/pml/booking/workflow/chargeback/ChargebackActivitiesImpl.java,77,3,6,False,False,no,entry:inherited
booking-service,KEEP_ENTRY,ChargebackActivitiesImpl,startReview,backend/booking-service/src/main/java/com/pml/booking/workflow/chargeback/ChargebackActivitiesImpl.java,95,5,1,False,False,no,entry:inherited
booking-service,KEEP_ENTRY,ChargebackProcess,receive,backend/booking-service/src/main/java/com/pml/booking/workflow/chargeback/ChargebackProcess.java,43,3,6,False,False,no,entry:inherited
booking-service,KEEP_ENTRY,ChargebackProcess,startReview,backend/booking-service/src/main/java/com/pml/booking/workflow/chargeback/ChargebackProcess.java,61,5,1,False,False,no,entry:inherited
booking-service,KEEP_ENTRY,ChargebackProcess,accept,backend/booking-service/src/main/java/com/pml/booking/workflow/chargeback/ChargebackProcess.java,65,9,5,False,False,no,entry:inherited
booking-service,KEEP_ENTRY,ChargebackProcess,dispute,backend/booking-service/src/main/java/com/pml/booking/workflow/chargeback/ChargebackProcess.java,69,3,3,False,False,no,entry:inherited
booking-service,KEEP_ENTRY,ChargebackProcess,recordOutcome,backend/booking-service/src/main/java/com/pml/booking/workflow/chargeback/ChargebackProcess.java,75,2,3,False,False,no,entry:inherited
booking-service,KEEP_ENTRY,ChargebackWorkflow,run,backend/booking-service/src/main/java/com/pml/booking/workflow/chargeback/ChargebackWorkflow.java,23,16,77,False,False,no,entry:WorkflowMethod
booking-service,KEEP_ENTRY,ChargebackWorkflow,receive,backend/booking-service/src/main/java/com/pml/booking/workflow/chargeback/ChargebackWorkflow.java,26,3,6,False,False,no,entry:UpdateMethod
booking-service,KEEP_ENTRY,ChargebackWorkflow,startReview,backend/booking-service/src/main/java/com/pml/booking/workflow/chargeback/ChargebackWorkflow.java,29,5,1,False,False,no,entry:UpdateMethod
booking-service,KEEP_ENTRY,ChargebackWorkflow,validateStartReview,backend/booking-service/src/main/java/com/pml/booking/workflow/chargeback/ChargebackWorkflow.java,32,0,0,False,False,no,entry:UpdateValidatorMethod
booking-service,KEEP_ENTRY,ChargebackWorkflow,accept,backend/booking-service/src/main/java/com/pml/booking/workflow/chargeback/ChargebackWorkflow.java,35,9,5,False,False,no,entry:UpdateMethod
booking-service,KEEP_ENTRY,ChargebackWorkflow,validateAccept,backend/booking-service/src/main/java/com/pml/booking/workflow/chargeback/ChargebackWorkflow.java,38,0,0,False,False,no,entry:UpdateValidatorMethod
booking-service,KEEP_ENTRY,ChargebackWorkflow,dispute,backend/booking-service/src/main/java/com/pml/booking/workflow/chargeback/ChargebackWorkflow.java,41,3,3,False,False,no,entry:UpdateMethod
booking-service,KEEP_ENTRY,ChargebackWorkflow,validateDispute,backend/booking-service/src/main/java/com/pml/booking/workflow/chargeback/ChargebackWorkflow.java,44,0,0,False,False,no,entry:UpdateValidatorMethod
booking-service,KEEP_ENTRY,ChargebackWorkflow,recordOutcome,backend/booking-service/src/main/java/com/pml/booking/workflow/chargeback/ChargebackWorkflow.java,47,2,3,False,False,no,entry:UpdateMethod
booking-service,KEEP_ENTRY,ChargebackWorkflow,validateRecordOutcome,backend/booking-service/src/main/java/com/pml/booking/workflow/chargeback/ChargebackWorkflow.java,50,0,0,False,False,no,entry:UpdateValidatorMethod
booking-service,KEEP_ENTRY,ChargebackWorkflow,current,backend/booking-service/src/main/java/com/pml/booking/workflow/chargeback/ChargebackWorkflow.java,53,2,10,True,False,no,entry:QueryMethod
booking-service,KEEP_ENTRY,ChargebackWorkflowImpl,validateStartReview,backend/booking-service/src/main/java/com/pml/booking/workflow/chargeback/ChargebackWorkflowImpl.java,100,0,0,False,False,no,entry:inherited
booking-service,KEEP_ENTRY,ChargebackWorkflowImpl,startReview,backend/booking-service/src/main/java/com/pml/booking/workflow/chargeback/ChargebackWorkflowImpl.java,105,5,1,False,False,no,entry:inherited
booking-service,KEEP_ENTRY,ChargebackWorkflowImpl,validateAccept,backend/booking-service/src/main/java/com/pml/booking/workflow/chargeback/ChargebackWorkflowImpl.java,110,0,0,False,False,yes,entry:inherited
booking-service,KEEP_ENTRY,ChargebackWorkflowImpl,accept,backend/booking-service/src/main/java/com/pml/booking/workflow/chargeback/ChargebackWorkflowImpl.java,115,9,5,False,False,yes,entry:inherited
booking-service,KEEP_ENTRY,ChargebackWorkflowImpl,validateDispute,backend/booking-service/src/main/java/com/pml/booking/workflow/chargeback/ChargebackWorkflowImpl.java,122,0,0,False,False,yes,entry:inherited
booking-service,KEEP_ENTRY,ChargebackWorkflowImpl,dispute,backend/booking-service/src/main/java/com/pml/booking/workflow/chargeback/ChargebackWorkflowImpl.java,130,3,3,False,False,yes,entry:inherited
booking-service,KEEP_ENTRY,ChargebackWorkflowImpl,validateRecordOutcome,backend/booking-service/src/main/java/com/pml/booking/workflow/chargeback/ChargebackWorkflowImpl.java,137,0,0,False,False,yes,entry:inherited
booking-service,KEEP_ENTRY,ChargebackWorkflowImpl,recordOutcome,backend/booking-service/src/main/java/com/pml/booking/workflow/chargeback/ChargebackWorkflowImpl.java,142,2,3,False,False,yes,entry:inherited
booking-service,KEEP_ENTRY,ChargebackWorkflowImpl,current,backend/booking-service/src/main/java/com/pml/booking/workflow/chargeback/ChargebackWorkflowImpl.java,152,2,10,True,False,no,entry:inherited
booking-service,KEEP_ENTRY,ChargebackWorkflowImpl,run,backend/booking-service/src/main/java/com/pml/booking/workflow/chargeback/ChargebackWorkflowImpl.java,38,16,77,False,False,yes,entry:inherited
booking-service,KEEP_ENTRY,ChargebackWorkflowImpl,close,backend/booking-service/src/main/java/com/pml/booking/workflow/chargeback/ChargebackWorkflowImpl.java,79,12,46,False,False,yes,framework-name
booking-service,KEEP_ENTRY,ChargebackWorkflowImpl,receive,backend/booking-service/src/main/java/com/pml/booking/workflow/chargeback/ChargebackWorkflowImpl.java,86,3,6,False,False,yes,entry:inherited
booking-service,KEEP_ENTRY,EventFinanceProcess,disputeClosed,backend/booking-service/src/main/java/com/pml/booking/workflow/finance/EventFinanceProcess.java,64,2,1,False,False,no,entry:inherited
booking-service,KEEP_ENTRY,EventFinanceWorkflow,run,backend/booking-service/src/main/java/com/pml/booking/workflow/finance/EventFinanceWorkflow.java,20,16,77,False,False,no,entry:WorkflowMethod
booking-service,KEEP_ENTRY,EventFinanceWorkflow,published,backend/booking-service/src/main/java/com/pml/booking/workflow/finance/EventFinanceWorkflow.java,23,1,17,False,False,no,entry:SignalMethod
booking-service,KEEP_ENTRY,EventFinanceWorkflow,completed,backend/booking-service/src/main/java/com/pml/booking/workflow/finance/EventFinanceWorkflow.java,26,2,16,False,False,no,entry:SignalMethod
booking-service,KEEP_ENTRY,EventFinanceWorkflow,cancelled,backend/booking-service/src/main/java/com/pml/booking/workflow/finance/EventFinanceWorkflow.java,29,2,1,False,False,no,entry:SignalMethod
booking-service,KEEP_ENTRY,EventFinanceWorkflow,rescheduled,backend/booking-service/src/main/java/com/pml/booking/workflow/finance/EventFinanceWorkflow.java,32,1,1,False,False,no,entry:SignalMethod
booking-service,KEEP_ENTRY,EventFinanceWorkflow,disputeClosed,backend/booking-service/src/main/java/com/pml/booking/workflow/finance/EventFinanceWorkflow.java,36,2,1,False,False,no,entry:SignalMethod
booking-service,KEEP_ENTRY,EventFinanceWorkflow,stage,backend/booking-service/src/main/java/com/pml/booking/workflow/finance/EventFinanceWorkflow.java,39,3,15,True,False,no,entry:QueryMethod
booking-service,KEEP_ENTRY,EventFinanceWorkflowImpl,close,backend/booking-service/src/main/java/com/pml/booking/workflow/finance/EventFinanceWorkflowImpl.java,115,12,46,False,False,yes,framework-name
booking-service,KEEP_ENTRY,EventFinanceWorkflowImpl,published,backend/booking-service/src/main/java/com/pml/booking/workflow/finance/EventFinanceWorkflowImpl.java,125,1,17,False,False,yes,entry:inherited
booking-service,KEEP_ENTRY,EventFinanceWorkflowImpl,completed,backend/booking-service/src/main/java/com/pml/booking/workflow/finance/EventFinanceWorkflowImpl.java,132,2,16,False,False,yes,entry:inherited
booking-service,KEEP_ENTRY,EventFinanceWorkflowImpl,cancelled,backend/booking-service/src/main/java/com/pml/booking/workflow/finance/EventFinanceWorkflowImpl.java,139,2,1,False,False,yes,entry:inherited
booking-service,KEEP_ENTRY,EventFinanceWorkflowImpl,rescheduled,backend/booking-service/src/main/java/com/pml/booking/workflow/finance/EventFinanceWorkflowImpl.java,146,1,1,False,False,yes,entry:inherited
booking-service,KEEP_ENTRY,EventFinanceWorkflowImpl,disputeClosed,backend/booking-service/src/main/java/com/pml/booking/workflow/finance/EventFinanceWorkflowImpl.java,153,2,1,False,False,yes,entry:inherited
booking-service,KEEP_ENTRY,EventFinanceWorkflowImpl,stage,backend/booking-service/src/main/java/com/pml/booking/workflow/finance/EventFinanceWorkflowImpl.java,158,3,15,True,False,yes,entry:inherited
booking-service,KEEP_ENTRY,EventFinanceWorkflowImpl,run,backend/booking-service/src/main/java/com/pml/booking/workflow/finance/EventFinanceWorkflowImpl.java,41,16,77,False,False,yes,entry:inherited
booking-service,KEEP_ENTRY,PayoutActivities,approve,backend/booking-service/src/main/java/com/pml/booking/workflow/payout/PayoutActivities.java,20,10,28,True,False,no,entry:inherited
booking-service,KEEP_ENTRY,PayoutActivities,reject,backend/booking-service/src/main/java/com/pml/booking/workflow/payout/PayoutActivities.java,22,7,5,True,False,no,entry:inherited
booking-service,KEEP_ENTRY,PayoutActivities,cancel,backend/booking-service/src/main/java/com/pml/booking/workflow/payout/PayoutActivities.java,24,13,9,True,False,no,entry:inherited
booking-service,KEEP_ENTRY,PayoutActivitiesImpl,approve,backend/booking-service/src/main/java/com/pml/booking/workflow/payout/PayoutActivitiesImpl.java,41,10,28,True,False,no,entry:inherited
booking-service,KEEP_ENTRY,PayoutActivitiesImpl,reject,backend/booking-service/src/main/java/com/pml/booking/workflow/payout/PayoutActivitiesImpl.java,46,7,5,True,False,no,entry:inherited
booking-service,KEEP_ENTRY,PayoutActivitiesImpl,cancel,backend/booking-service/src/main/java/com/pml/booking/workflow/payout/PayoutActivitiesImpl.java,51,13,9,True,False,no,entry:inherited
booking-service,KEEP_ENTRY,PayoutProcess,approve,backend/booking-service/src/main/java/com/pml/booking/workflow/payout/PayoutProcess.java,71,10,28,True,False,no,entry:inherited
booking-service,KEEP_ENTRY,PayoutProcess,reject,backend/booking-service/src/main/java/com/pml/booking/workflow/payout/PayoutProcess.java,75,7,5,True,False,no,entry:inherited
booking-service,KEEP_ENTRY,PayoutProcess,cancel,backend/booking-service/src/main/java/com/pml/booking/workflow/payout/PayoutProcess.java,79,13,9,True,False,no,entry:inherited
booking-service,KEEP_ENTRY,PayoutProcess,retry,backend/booking-service/src/main/java/com/pml/booking/workflow/payout/PayoutProcess.java,83,4,1,False,False,no,entry:inherited
booking-service,KEEP_ENTRY,PayoutProcess,confirmTransfer,backend/booking-service/src/main/java/com/pml/booking/workflow/payout/PayoutProcess.java,87,2,2,False,False,no,entry:inherited
booking-service,KEEP_ENTRY,PayoutProcess,current,backend/booking-service/src/main/java/com/pml/booking/workflow/payout/PayoutProcess.java,91,2,10,True,False,no,entry:inherited
booking-service,KEEP_ENTRY,PayoutProcess,providerCallback,backend/booking-service/src/main/java/com/pml/booking/workflow/payout/PayoutProcess.java,96,4,1,False,False,no,entry:inherited
booking-service,KEEP_ENTRY,PayoutWorkflow,run,backend/booking-service/src/main/java/com/pml/booking/workflow/payout/PayoutWorkflow.java,30,16,77,False,False,no,entry:WorkflowMethod
booking-service,KEEP_ENTRY,PayoutWorkflow,submit,backend/booking-service/src/main/java/com/pml/booking/workflow/payout/PayoutWorkflow.java,34,5,13,True,False,no,entry:UpdateMethod
booking-service,KEEP_ENTRY,PayoutWorkflow,approve,backend/booking-service/src/main/java/com/pml/booking/workflow/payout/PayoutWorkflow.java,37,10,28,True,False,no,entry:UpdateMethod
booking-service,KEEP_ENTRY,PayoutWorkflow,validateApprove,backend/booking-service/src/main/java/com/pml/booking/workflow/payout/PayoutWorkflow.java,40,0,0,False,False,no,entry:UpdateValidatorMethod
booking-service,KEEP_ENTRY,PayoutWorkflow,reject,backend/booking-service/src/main/java/com/pml/booking/workflow/payout/PayoutWorkflow.java,43,7,5,True,False,no,entry:UpdateMethod
booking-service,KEEP_ENTRY,PayoutWorkflow,validateReject,backend/booking-service/src/main/java/com/pml/booking/workflow/payout/PayoutWorkflow.java,46,0,0,False,False,no,entry:UpdateValidatorMethod
booking-service,KEEP_ENTRY,PayoutWorkflow,cancel,backend/booking-service/src/main/java/com/pml/booking/workflow/payout/PayoutWorkflow.java,49,13,9,True,False,no,entry:UpdateMethod
booking-service,KEEP_ENTRY,PayoutWorkflow,validateCancel,backend/booking-service/src/main/java/com/pml/booking/workflow/payout/PayoutWorkflow.java,52,0,0,False,False,no,entry:UpdateValidatorMethod
booking-service,KEEP_ENTRY,PayoutWorkflow,retry,backend/booking-service/src/main/java/com/pml/booking/workflow/payout/PayoutWorkflow.java,55,4,1,False,False,no,entry:UpdateMethod
booking-service,KEEP_ENTRY,PayoutWorkflow,validateRetry,backend/booking-service/src/main/java/com/pml/booking/workflow/payout/PayoutWorkflow.java,58,0,0,False,False,no,entry:UpdateValidatorMethod
booking-service,KEEP_ENTRY,PayoutWorkflow,confirmTransfer,backend/booking-service/src/main/java/com/pml/booking/workflow/payout/PayoutWorkflow.java,62,2,2,False,False,no,entry:UpdateMethod
booking-service,KEEP_ENTRY,PayoutWorkflow,validateConfirmTransfer,backend/booking-service/src/main/java/com/pml/booking/workflow/payout/PayoutWorkflow.java,65,0,0,False,False,no,entry:UpdateValidatorMethod
booking-service,KEEP_ENTRY,PayoutWorkflow,providerCallback,backend/booking-service/src/main/java/com/pml/booking/workflow/payout/PayoutWorkflow.java,69,4,1,False,False,no,entry:SignalMethod
booking-service,KEEP_ENTRY,PayoutWorkflow,current,backend/booking-service/src/main/java/com/pml/booking/workflow/payout/PayoutWorkflow.java,72,2,10,True,False,no,entry:QueryMethod
booking-service,KEEP_ENTRY,PayoutWorkflowImpl,submit,backend/booking-service/src/main/java/com/pml/booking/workflow/payout/PayoutWorkflowImpl.java,125,5,13,True,False,yes,entry:inherited
booking-service,KEEP_ENTRY,PayoutWorkflowImpl,validateApprove,backend/booking-service/src/main/java/com/pml/booking/workflow/payout/PayoutWorkflowImpl.java,142,0,0,False,False,yes,entry:inherited
booking-service,KEEP_ENTRY,PayoutWorkflowImpl,approve,backend/booking-service/src/main/java/com/pml/booking/workflow/payout/PayoutWorkflowImpl.java,150,10,28,True,False,yes,entry:inherited
booking-service,KEEP_ENTRY,PayoutWorkflowImpl,validateReject,backend/booking-service/src/main/java/com/pml/booking/workflow/payout/PayoutWorkflowImpl.java,162,0,0,False,False,yes,entry:inherited
booking-service,KEEP_ENTRY,PayoutWorkflowImpl,reject,backend/booking-service/src/main/java/com/pml/booking/workflow/payout/PayoutWorkflowImpl.java,168,7,5,True,False,no,entry:inherited
booking-service,KEEP_ENTRY,PayoutWorkflowImpl,validateCancel,backend/booking-service/src/main/java/com/pml/booking/workflow/payout/PayoutWorkflowImpl.java,174,0,0,False,False,yes,entry:inherited
booking-service,KEEP_ENTRY,PayoutWorkflowImpl,cancel,backend/booking-service/src/main/java/com/pml/booking/workflow/payout/PayoutWorkflowImpl.java,179,13,9,True,False,yes,entry:inherited
booking-service,KEEP_ENTRY,PayoutWorkflowImpl,validateRetry,backend/booking-service/src/main/java/com/pml/booking/workflow/payout/PayoutWorkflowImpl.java,185,0,0,False,False,yes,entry:inherited
booking-service,KEEP_ENTRY,PayoutWorkflowImpl,retry,backend/booking-service/src/main/java/com/pml/booking/workflow/payout/PayoutWorkflowImpl.java,194,4,1,False,False,yes,entry:inherited
booking-service,KEEP_ENTRY,PayoutWorkflowImpl,validateConfirmTransfer,backend/booking-service/src/main/java/com/pml/booking/workflow/payout/PayoutWorkflowImpl.java,201,0,0,False,False,yes,entry:inherited
booking-service,KEEP_ENTRY,PayoutWorkflowImpl,confirmTransfer,backend/booking-service/src/main/java/com/pml/booking/workflow/payout/PayoutWorkflowImpl.java,211,2,2,False,False,yes,entry:inherited
booking-service,KEEP_ENTRY,PayoutWorkflowImpl,providerCallback,backend/booking-service/src/main/java/com/pml/booking/workflow/payout/PayoutWorkflowImpl.java,220,4,1,False,False,yes,entry:inherited
booking-service,KEEP_ENTRY,PayoutWorkflowImpl,current,backend/booking-service/src/main/java/com/pml/booking/workflow/payout/PayoutWorkflowImpl.java,227,2,10,True,False,yes,entry:inherited
booking-service,KEEP_ENTRY,PayoutWorkflowImpl,run,backend/booking-service/src/main/java/com/pml/booking/workflow/payout/PayoutWorkflowImpl.java,53,16,77,False,False,yes,entry:inherited
booking-service,KEEP_ENTRY,CheckoutActivities,current,backend/booking-service/src/main/java/com/pml/booking/workflow/purchase/CheckoutActivities.java,22,2,10,True,False,no,entry:inherited
booking-service,KEEP_ENTRY,CheckoutActivitiesImpl,current,backend/booking-service/src/main/java/com/pml/booking/workflow/purchase/CheckoutActivitiesImpl.java,102,2,10,True,False,no,entry:inherited
booking-service,KEEP_ENTRY,PurchaseAdoptionRunner,run,backend/booking-service/src/main/java/com/pml/booking/workflow/purchase/PurchaseAdoptionRunner.java,42,16,77,False,False,no,entry:inherited
booking-service,KEEP_ENTRY,PurchaseProcess,cancel,backend/booking-service/src/main/java/com/pml/booking/workflow/purchase/PurchaseProcess.java,117,13,9,True,False,no,entry:inherited
booking-service,KEEP_ENTRY,PurchaseProcess,reserve,backend/booking-service/src/main/java/com/pml/booking/workflow/purchase/PurchaseProcess.java,57,2,14,True,False,no,entry:inherited
booking-service,KEEP_ENTRY,PurchaseProcess,pay,backend/booking-service/src/main/java/com/pml/booking/workflow/purchase/PurchaseProcess.java,80,2,8,True,False,no,entry:inherited
booking-service,KEEP_ENTRY,PurchaseWorkflow,run,backend/booking-service/src/main/java/com/pml/booking/workflow/purchase/PurchaseWorkflow.java,29,16,77,False,False,no,entry:WorkflowMethod
booking-service,KEEP_ENTRY,PurchaseWorkflow,reserve,backend/booking-service/src/main/java/com/pml/booking/workflow/purchase/PurchaseWorkflow.java,32,2,14,True,False,no,entry:UpdateMethod
booking-service,KEEP_ENTRY,PurchaseWorkflow,pay,backend/booking-service/src/main/java/com/pml/booking/workflow/purchase/PurchaseWorkflow.java,35,2,8,True,False,no,entry:UpdateMethod
booking-service,KEEP_ENTRY,PurchaseWorkflow,validatePay,backend/booking-service/src/main/java/com/pml/booking/workflow/purchase/PurchaseWorkflow.java,38,0,0,False,False,no,entry:UpdateValidatorMethod
booking-service,KEEP_ENTRY,PurchaseWorkflow,cancel,backend/booking-service/src/main/java/com/pml/booking/workflow/purchase/PurchaseWorkflow.java,41,13,9,True,False,no,entry:UpdateMethod
booking-service,KEEP_ENTRY,PurchaseWorkflow,validateCancel,backend/booking-service/src/main/java/com/pml/booking/workflow/purchase/PurchaseWorkflow.java,44,0,0,False,False,no,entry:UpdateValidatorMethod
booking-service,KEEP_ENTRY,PurchaseWorkflow,paymentCallback,backend/booking-service/src/main/java/com/pml/booking/workflow/purchase/PurchaseWorkflow.java,48,1,2,True,False,no,entry:SignalMethod
booking-service,KEEP_ENTRY,PurchaseWorkflow,stage,backend/booking-service/src/main/java/com/pml/booking/workflow/purchase/PurchaseWorkflow.java,51,3,15,True,False,no,entry:QueryMethod
booking-service,KEEP_ENTRY,PurchaseWorkflowImpl,close,backend/booking-service/src/main/java/com/pml/booking/workflow/purchase/PurchaseWorkflowImpl.java,112,12,46,False,False,yes,framework-name
booking-service,KEEP_ENTRY,PurchaseWorkflowImpl,reserve,backend/booking-service/src/main/java/com/pml/booking/workflow/purchase/PurchaseWorkflowImpl.java,120,2,14,True,False,yes,entry:inherited
booking-service,KEEP_ENTRY,PurchaseWorkflowImpl,validatePay,backend/booking-service/src/main/java/com/pml/booking/workflow/purchase/PurchaseWorkflowImpl.java,138,0,0,False,False,yes,entry:inherited
booking-service,KEEP_ENTRY,PurchaseWorkflowImpl,pay,backend/booking-service/src/main/java/com/pml/booking/workflow/purchase/PurchaseWorkflowImpl.java,152,2,8,True,False,yes,entry:inherited
booking-service,KEEP_ENTRY,PurchaseWorkflowImpl,validateCancel,backend/booking-service/src/main/java/com/pml/booking/workflow/purchase/PurchaseWorkflowImpl.java,163,0,0,False,False,yes,entry:inherited
booking-service,KEEP_ENTRY,PurchaseWorkflowImpl,cancel,backend/booking-service/src/main/java/com/pml/booking/workflow/purchase/PurchaseWorkflowImpl.java,172,13,9,True,False,yes,entry:inherited
booking-service,KEEP_ENTRY,PurchaseWorkflowImpl,paymentCallback,backend/booking-service/src/main/java/com/pml/booking/workflow/purchase/PurchaseWorkflowImpl.java,181,1,2,True,False,yes,entry:inherited
booking-service,KEEP_ENTRY,PurchaseWorkflowImpl,stage,backend/booking-service/src/main/java/com/pml/booking/workflow/purchase/PurchaseWorkflowImpl.java,186,3,15,True,False,yes,entry:inherited
booking-service,KEEP_ENTRY,PurchaseWorkflowImpl,run,backend/booking-service/src/main/java/com/pml/booking/workflow/purchase/PurchaseWorkflowImpl.java,49,16,77,False,False,yes,entry:inherited
booking-service,KEEP_ENTRY,ReconciliationSchedules,run,backend/booking-service/src/main/java/com/pml/booking/workflow/recon/ReconciliationSchedules.java,37,16,77,False,False,yes,entry:inherited
booking-service,KEEP_ENTRY,ReconciliationWorkflow,run,backend/booking-service/src/main/java/com/pml/booking/workflow/recon/ReconciliationWorkflow.java,17,16,77,False,False,no,entry:WorkflowMethod
booking-service,KEEP_ENTRY,ReconciliationWorkflowImpl,run,backend/booking-service/src/main/java/com/pml/booking/workflow/recon/ReconciliationWorkflowImpl.java,16,16,77,False,False,yes,entry:inherited
booking-service,KEEP_ENTRY,CancellationRefundsWorkflow,run,backend/booking-service/src/main/java/com/pml/booking/workflow/refund/CancellationRefundsWorkflow.java,21,16,77,False,False,no,entry:WorkflowMethod
booking-service,KEEP_ENTRY,CancellationRefundsWorkflow,progress,backend/booking-service/src/main/java/com/pml/booking/workflow/refund/CancellationRefundsWorkflow.java,24,0,0,False,False,no,entry:QueryMethod
booking-service,KEEP_ENTRY,CancellationRefundsWorkflowImpl,run,backend/booking-service/src/main/java/com/pml/booking/workflow/refund/CancellationRefundsWorkflowImpl.java,28,16,77,False,False,yes,entry:inherited
booking-service,KEEP_ENTRY,CancellationRefundsWorkflowImpl,progress,backend/booking-service/src/main/java/com/pml/booking/workflow/refund/CancellationRefundsWorkflowImpl.java,61,0,0,False,False,no,entry:inherited
booking-service,KEEP_ENTRY,RefundActivities,submit,backend/booking-service/src/main/java/com/pml/booking/workflow/refund/RefundActivities.java,16,5,13,True,False,no,entry:inherited
booking-service,KEEP_ENTRY,RefundActivities,approve,backend/booking-service/src/main/java/com/pml/booking/workflow/refund/RefundActivities.java,21,10,28,True,False,no,entry:inherited
booking-service,KEEP_ENTRY,RefundActivities,reject,backend/booking-service/src/main/java/com/pml/booking/workflow/refund/RefundActivities.java,23,7,5,True,False,no,entry:inherited
booking-service,KEEP_ENTRY,RefundActivities,cancel,backend/booking-service/src/main/java/com/pml/booking/workflow/refund/RefundActivities.java,25,13,9,True,False,no,entry:inherited
booking-service,KEEP_ENTRY,RefundActivitiesImpl,approve,backend/booking-service/src/main/java/com/pml/booking/workflow/refund/RefundActivitiesImpl.java,101,10,28,True,False,no,entry:inherited
booking-service,KEEP_ENTRY,RefundActivitiesImpl,reject,backend/booking-service/src/main/java/com/pml/booking/workflow/refund/RefundActivitiesImpl.java,108,7,5,True,False,no,entry:inherited
booking-service,KEEP_ENTRY,RefundActivitiesImpl,cancel,backend/booking-service/src/main/java/com/pml/booking/workflow/refund/RefundActivitiesImpl.java,115,13,9,True,False,no,entry:inherited
booking-service,KEEP_ENTRY,RefundActivitiesImpl,submit,backend/booking-service/src/main/java/com/pml/booking/workflow/refund/RefundActivitiesImpl.java,72,5,13,True,False,no,entry:inherited
booking-service,KEEP_ENTRY,RefundProcess,submit,backend/booking-service/src/main/java/com/pml/booking/workflow/refund/RefundProcess.java,105,5,13,True,False,no,entry:inherited
booking-service,KEEP_ENTRY,RefundProcess,approve,backend/booking-service/src/main/java/com/pml/booking/workflow/refund/RefundProcess.java,57,10,28,True,False,no,entry:inherited
booking-service,KEEP_ENTRY,RefundProcess,reject,backend/booking-service/src/main/java/com/pml/booking/workflow/refund/RefundProcess.java,61,7,5,True,False,no,entry:inherited
booking-service,KEEP_ENTRY,RefundProcess,cancel,backend/booking-service/src/main/java/com/pml/booking/workflow/refund/RefundProcess.java,65,13,9,True,False,no,entry:inherited
booking-service,KEEP_ENTRY,RefundProcess,providerCallback,backend/booking-service/src/main/java/com/pml/booking/workflow/refund/RefundProcess.java,96,4,1,False,False,no,entry:inherited
booking-service,KEEP_ENTRY,RefundWorkflow,run,backend/booking-service/src/main/java/com/pml/booking/workflow/refund/RefundWorkflow.java,25,16,77,False,False,no,entry:WorkflowMethod
booking-service,KEEP_ENTRY,RefundWorkflow,submit,backend/booking-service/src/main/java/com/pml/booking/workflow/refund/RefundWorkflow.java,28,5,13,True,False,no,entry:UpdateMethod
booking-service,KEEP_ENTRY,RefundWorkflow,approve,backend/booking-service/src/main/java/com/pml/booking/workflow/refund/RefundWorkflow.java,31,10,28,True,False,no,entry:UpdateMethod
booking-service,KEEP_ENTRY,RefundWorkflow,validateApprove,backend/booking-service/src/main/java/com/pml/booking/workflow/refund/RefundWorkflow.java,34,0,0,False,False,no,entry:UpdateValidatorMethod
booking-service,KEEP_ENTRY,RefundWorkflow,reject,backend/booking-service/src/main/java/com/pml/booking/workflow/refund/RefundWorkflow.java,37,7,5,True,False,no,entry:UpdateMethod
booking-service,KEEP_ENTRY,RefundWorkflow,validateReject,backend/booking-service/src/main/java/com/pml/booking/workflow/refund/RefundWorkflow.java,40,0,0,False,False,no,entry:UpdateValidatorMethod
booking-service,KEEP_ENTRY,RefundWorkflow,cancel,backend/booking-service/src/main/java/com/pml/booking/workflow/refund/RefundWorkflow.java,43,13,9,True,False,no,entry:UpdateMethod
booking-service,KEEP_ENTRY,RefundWorkflow,validateCancel,backend/booking-service/src/main/java/com/pml/booking/workflow/refund/RefundWorkflow.java,46,0,0,False,False,no,entry:UpdateValidatorMethod
booking-service,KEEP_ENTRY,RefundWorkflow,providerCallback,backend/booking-service/src/main/java/com/pml/booking/workflow/refund/RefundWorkflow.java,49,4,1,False,False,no,entry:SignalMethod
booking-service,KEEP_ENTRY,RefundWorkflow,current,backend/booking-service/src/main/java/com/pml/booking/workflow/refund/RefundWorkflow.java,52,2,10,True,False,no,entry:QueryMethod
booking-service,KEEP_ENTRY,Outcome,completed,backend/booking-service/src/main/java/com/pml/booking/workflow/refund/RefundWorkflow.java,75,2,16,False,False,no,entry:inherited
booking-service,KEEP_ENTRY,RefundWorkflowImpl,close,backend/booking-service/src/main/java/com/pml/booking/workflow/refund/RefundWorkflowImpl.java,109,12,46,False,False,yes,framework-name
booking-service,KEEP_ENTRY,RefundWorkflowImpl,submit,backend/booking-service/src/main/java/com/pml/booking/workflow/refund/RefundWorkflowImpl.java,116,5,13,True,False,yes,entry:inherited
booking-service,KEEP_ENTRY,RefundWorkflowImpl,validateApprove,backend/booking-service/src/main/java/com/pml/booking/workflow/refund/RefundWorkflowImpl.java,130,0,0,False,False,yes,entry:inherited
booking-service,KEEP_ENTRY,RefundWorkflowImpl,approve,backend/booking-service/src/main/java/com/pml/booking/workflow/refund/RefundWorkflowImpl.java,135,10,28,True,False,yes,entry:inherited
booking-service,KEEP_ENTRY,RefundWorkflowImpl,validateReject,backend/booking-service/src/main/java/com/pml/booking/workflow/refund/RefundWorkflowImpl.java,140,0,0,False,False,yes,entry:inherited
booking-service,KEEP_ENTRY,RefundWorkflowImpl,reject,backend/booking-service/src/main/java/com/pml/booking/workflow/refund/RefundWorkflowImpl.java,148,7,5,True,False,yes,entry:inherited
booking-service,KEEP_ENTRY,RefundWorkflowImpl,validateCancel,backend/booking-service/src/main/java/com/pml/booking/workflow/refund/RefundWorkflowImpl.java,153,0,0,False,False,yes,entry:inherited
booking-service,KEEP_ENTRY,RefundWorkflowImpl,cancel,backend/booking-service/src/main/java/com/pml/booking/workflow/refund/RefundWorkflowImpl.java,161,13,9,True,False,no,entry:inherited
booking-service,KEEP_ENTRY,RefundWorkflowImpl,providerCallback,backend/booking-service/src/main/java/com/pml/booking/workflow/refund/RefundWorkflowImpl.java,166,4,1,False,False,no,entry:inherited
booking-service,KEEP_ENTRY,RefundWorkflowImpl,current,backend/booking-service/src/main/java/com/pml/booking/workflow/refund/RefundWorkflowImpl.java,171,2,10,True,False,yes,entry:inherited
booking-service,KEEP_ENTRY,RefundWorkflowImpl,run,backend/booking-service/src/main/java/com/pml/booking/workflow/refund/RefundWorkflowImpl.java,37,16,77,False,False,yes,entry:inherited
booking-service,LIVE,BookingIndexInitializer,specifications,backend/booking-service/src/main/java/com/pml/booking/config/BookingIndexInitializer.java,63,3,7,False,False,yes,
booking-service,LIVE,MongoSchemaValidationConfig,getSchemaDefinitions,backend/booking-service/src/main/java/com/pml/booking/config/MongoSchemaValidationConfig.java,64,1,1,False,False,yes,
booking-service,LIVE,ReservationTransitions,stampTerminal,backend/booking-service/src/main/java/com/pml/booking/domain/ReservationTransitions.java,109,1,0,False,False,yes,
booking-service,LIVE,ReservationTransitions,compareAndSet,backend/booking-service/src/main/java/com/pml/booking/domain/ReservationTransitions.java,64,2,0,False,False,yes,
booking-service,LIVE,ReservationTransitions,compareAndSetFromHeld,backend/booking-service/src/main/java/com/pml/booking/domain/ReservationTransitions.java,95,2,0,False,False,yes,
booking-service,LIVE,AccountSubType,getNormalBalance,backend/booking-service/src/main/java/com/pml/booking/domain/enums/AccountSubType.java,311,3,0,False,False,no,
booking-service,LIVE,AccountType,getNormalBalance,backend/booking-service/src/main/java/com/pml/booking/domain/enums/AccountType.java,122,3,0,False,False,no,
booking-service,LIVE,AccountType,isBalanceSheetAccount,backend/booking-service/src/main/java/com/pml/booking/domain/enums/AccountType.java,137,1,0,False,False,no,
booking-service,LIVE,AccountType,isIncomeStatementAccount,backend/booking-service/src/main/java/com/pml/booking/domain/enums/AccountType.java,149,1,0,False,False,no,
booking-service,LIVE,AlertPriority,getDisplayName,backend/booking-service/src/main/java/com/pml/booking/domain/enums/AlertPriority.java,58,5,0,False,False,no,
booking-service,LIVE,AlertPriority,getEmoji,backend/booking-service/src/main/java/com/pml/booking/domain/enums/AlertPriority.java,62,4,0,False,False,no,
booking-service,LIVE,ChargebackFundSource,getPriority,backend/booking-service/src/main/java/com/pml/booking/domain/enums/ChargebackFundSource.java,186,1,0,False,False,no,
booking-service,LIVE,ChargebackReason,getDisplayName,backend/booking-service/src/main/java/com/pml/booking/domain/enums/ChargebackReason.java,246,5,0,False,False,no,
booking-service,LIVE,EscrowTransactionCategory,getDescription,backend/booking-service/src/main/java/com/pml/booking/domain/enums/EscrowTransactionCategory.java,93,13,1,False,False,no,
booking-service,LIVE,JournalEntryStatus,isEditable,backend/booking-service/src/main/java/com/pml/booking/domain/enums/JournalEntryStatus.java,114,1,0,False,False,no,
booking-service,LIVE,JournalEntryStatus,isTerminal,backend/booking-service/src/main/java/com/pml/booking/domain/enums/JournalEntryStatus.java,150,2,0,False,False,no,
booking-service,LIVE,NotificationType,getDisplayName,backend/booking-service/src/main/java/com/pml/booking/domain/enums/NotificationType.java,108,5,0,False,False,no,
booking-service,LIVE,NotificationType,getDefaultPriority,backend/booking-service/src/main/java/com/pml/booking/domain/enums/NotificationType.java,112,2,0,False,False,no,
booking-service,LIVE,NotificationType,getDefaultSubject,backend/booking-service/src/main/java/com/pml/booking/domain/enums/NotificationType.java,116,2,0,False,False,no,
booking-service,LIVE,NotificationType,getEmoji,backend/booking-service/src/main/java/com/pml/booking/domain/enums/NotificationType.java,125,4,0,False,False,no,
booking-service,LIVE,PaymentAttemptStatus,getDisplayName,backend/booking-service/src/main/java/com/pml/booking/domain/enums/PaymentAttemptStatus.java,102,5,0,False,False,no,
booking-service,LIVE,PaymentAttemptStatus,isFinal,backend/booking-service/src/main/java/com/pml/booking/domain/enums/PaymentAttemptStatus.java,109,1,0,False,False,no,
booking-service,LIVE,PaymentAttemptStatus,canTransitionTo,backend/booking-service/src/main/java/com/pml/booking/domain/enums/PaymentAttemptStatus.java,116,1,0,False,False,yes,
booking-service,LIVE,PaymentAttemptStatus,isSuccessful,backend/booking-service/src/main/java/com/pml/booking/domain/enums/PaymentAttemptStatus.java,157,1,0,False,False,no,
booking-service,LIVE,PaymentAttemptStatus,isInProgress,backend/booking-service/src/main/java/com/pml/booking/domain/enums/PaymentAttemptStatus.java,164,2,0,False,False,no,
booking-service,LIVE,PlatformAccountType,getDefaultAccountCode,backend/booking-service/src/main/java/com/pml/booking/domain/enums/PlatformAccountType.java,169,1,0,False,False,no,
booking-service,LIVE,PlatformAccountType,getAccountType,backend/booking-service/src/main/java/com/pml/booking/domain/enums/PlatformAccountType.java,182,4,0,False,False,no,
booking-service,LIVE,ReconciliationItemStatus,isMatched,backend/booking-service/src/main/java/com/pml/booking/domain/enums/ReconciliationItemStatus.java,129,1,0,False,False,no,
booking-service,LIVE,ReconciliationItemStatus,isDiscrepancy,backend/booking-service/src/main/java/com/pml/booking/domain/enums/ReconciliationItemStatus.java,138,2,0,False,False,no,
booking-service,LIVE,ReconciliationItemStatus,getPriority,backend/booking-service/src/main/java/com/pml/booking/domain/enums/ReconciliationItemStatus.java,164,1,0,False,False,no,
booking-service,LIVE,ReconciliationItemStatus,getDescription,backend/booking-service/src/main/java/com/pml/booking/domain/enums/ReconciliationItemStatus.java,178,13,1,False,False,no,
booking-service,LIVE,ReconciliationStatus,isInProgress,backend/booking-service/src/main/java/com/pml/booking/domain/enums/ReconciliationStatus.java,117,2,0,False,False,no,
booking-service,LIVE,ReconciliationStatus,isSuccessful,backend/booking-service/src/main/java/com/pml/booking/domain/enums/ReconciliationStatus.java,137,1,0,False,False,no,
booking-service,LIVE,ReconciliationStatus,isFailed,backend/booking-service/src/main/java/com/pml/booking/domain/enums/ReconciliationStatus.java,155,2,0,False,False,no,
booking-service,LIVE,RecoveryStatus,isInProgress,backend/booking-service/src/main/java/com/pml/booking/domain/enums/RecoveryStatus.java,143,2,0,False,False,no,
booking-service,LIVE,RecoveryStatus,isTerminal,backend/booking-service/src/main/java/com/pml/booking/domain/enums/RecoveryStatus.java,152,2,0,False,False,no,
booking-service,LIVE,RecoveryStatus,isSuccessful,backend/booking-service/src/main/java/com/pml/booking/domain/enums/RecoveryStatus.java,161,1,0,False,False,no,
booking-service,LIVE,ChargebackRecord,isInProgress,backend/booking-service/src/main/java/com/pml/booking/domain/model/ChargebackRecord.java,545,2,0,False,False,no,
booking-service,LIVE,ChargebackRecord,isLoss,backend/booking-service/src/main/java/com/pml/booking/domain/model/ChargebackRecord.java,554,2,0,False,False,no,
booking-service,LIVE,ChartOfAccountsEntry,getNormalBalance,backend/booking-service/src/main/java/com/pml/booking/domain/model/ChartOfAccountsEntry.java,246,3,0,False,False,no,
booking-service,LIVE,ChartOfAccountsEntry,isBalanceSheetAccount,backend/booking-service/src/main/java/com/pml/booking/domain/model/ChartOfAccountsEntry.java,270,1,0,False,False,no,
booking-service,LIVE,ChartOfAccountsEntry,isIncomeStatementAccount,backend/booking-service/src/main/java/com/pml/booking/domain/model/ChartOfAccountsEntry.java,282,1,0,False,False,no,
booking-service,LIVE,CommissionStatus,isPending,backend/booking-service/src/main/java/com/pml/booking/domain/model/CommissionRecord.java,243,14,1,False,False,no,
booking-service,LIVE,CommissionStatus,isEarned,backend/booking-service/src/main/java/com/pml/booking/domain/model/CommissionRecord.java,247,2,0,False,False,no,
booking-service,LIVE,CommissionStatus,isCancelled,backend/booking-service/src/main/java/com/pml/booking/domain/model/CommissionRecord.java,251,1,0,False,False,no,
booking-service,LIVE,CommissionStatus,isTerminal,backend/booking-service/src/main/java/com/pml/booking/domain/model/CommissionRecord.java,259,2,0,False,False,no,
booking-service,LIVE,EventEscrowAccount,hasRefundDebit,backend/booking-service/src/main/java/com/pml/booking/domain/model/EventEscrowAccount.java,296,1,0,False,False,yes,
booking-service,LIVE,EventEscrowAccount,debitForRefund,backend/booking-service/src/main/java/com/pml/booking/domain/model/EventEscrowAccount.java,303,2,0,False,False,yes,
booking-service,LIVE,EventEscrowAccount,debitForPayout,backend/booking-service/src/main/java/com/pml/booking/domain/model/EventEscrowAccount.java,334,2,0,False,False,yes,
booking-service,LIVE,EventEscrowAccount,reverseDebitForPayout,backend/booking-service/src/main/java/com/pml/booking/domain/model/EventEscrowAccount.java,372,1,0,False,False,yes,
booking-service,LIVE,EventEscrowAccount,hasSufficientBalance,backend/booking-service/src/main/java/com/pml/booking/domain/model/EventEscrowAccount.java,452,5,0,False,False,yes,
booking-service,LIVE,EventEscrowAccount,isPayoutEligible,backend/booking-service/src/main/java/com/pml/booking/domain/model/EventEscrowAccount.java,456,1,0,False,False,no,
booking-service,LIVE,EventEscrowAccount,isActive,backend/booking-service/src/main/java/com/pml/booking/domain/model/EventEscrowAccount.java,470,10,1,False,True,no,
booking-service,LIVE,EventEscrowAccount,isClosed,backend/booking-service/src/main/java/com/pml/booking/domain/model/EventEscrowAccount.java,474,1,0,False,False,no,
booking-service,LIVE,EventEscrowAccount,isHoldPeriodPassed,backend/booking-service/src/main/java/com/pml/booking/domain/model/EventEscrowAccount.java,478,1,0,False,False,yes,
booking-service,LIVE,EventEscrowAccount,getAvailableForPayout,backend/booking-service/src/main/java/com/pml/booking/domain/model/EventEscrowAccount.java,482,1,0,False,False,no,
booking-service,LIVE,JournalEntry,isBalanced,backend/booking-service/src/main/java/com/pml/booking/domain/model/JournalEntry.java,325,4,0,False,True,no,
booking-service,LIVE,JournalEntry,getTotalDebits,backend/booking-service/src/main/java/com/pml/booking/domain/model/JournalEntry.java,336,6,0,False,False,no,
booking-service,LIVE,JournalEntry,getTotalCredits,backend/booking-service/src/main/java/com/pml/booking/domain/model/JournalEntry.java,348,6,0,False,False,no,
booking-service,LIVE,JournalEntry,getVariance,backend/booking-service/src/main/java/com/pml/booking/domain/model/JournalEntry.java,363,12,0,False,False,no,
booking-service,LIVE,JournalEntry,getValidationErrors,backend/booking-service/src/main/java/com/pml/booking/domain/model/JournalEntry.java,382,1,0,False,False,no,
booking-service,LIVE,JournalEntry,isEditable,backend/booking-service/src/main/java/com/pml/booking/domain/model/JournalEntry.java,487,1,0,False,False,no,
booking-service,LIVE,JournalEntry,getAffectedAccountCodes,backend/booking-service/src/main/java/com/pml/booking/domain/model/JournalEntry.java,514,3,0,False,False,no,
booking-service,LIVE,JournalLine,isValid,backend/booking-service/src/main/java/com/pml/booking/domain/model/JournalLine.java,189,3,0,False,False,no,
booking-service,LIVE,JournalLine,getValidationError,backend/booking-service/src/main/java/com/pml/booking/domain/model/JournalLine.java,200,1,0,False,False,no,
booking-service,LIVE,JournalLine,isDebit,backend/booking-service/src/main/java/com/pml/booking/domain/model/JournalLine.java,227,4,0,False,False,no,
booking-service,LIVE,JournalLine,isCredit,backend/booking-service/src/main/java/com/pml/booking/domain/model/JournalLine.java,236,5,0,False,False,no,
booking-service,LIVE,JournalLine,getAmount,backend/booking-service/src/main/java/com/pml/booking/domain/model/JournalLine.java,261,21,2,False,False,no,
booking-service,LIVE,PaymentAttempt,transitionTo,backend/booking-service/src/main/java/com/pml/booking/domain/model/PaymentAttempt.java,517,3,0,False,False,yes,
booking-service,LIVE,PaymentAttempt,markApiResponded,backend/booking-service/src/main/java/com/pml/booking/domain/model/PaymentAttempt.java,531,3,0,False,False,yes,
booking-service,LIVE,PaymentAttempt,markRejected,backend/booking-service/src/main/java/com/pml/booking/domain/model/PaymentAttempt.java,553,2,0,False,False,yes,
booking-service,LIVE,PaymentAttempt,isInProgress,backend/booking-service/src/main/java/com/pml/booking/domain/model/PaymentAttempt.java,593,2,0,False,False,no,
booking-service,LIVE,PaymentAttempt,isSuccessful,backend/booking-service/src/main/java/com/pml/booking/domain/model/PaymentAttempt.java,600,1,0,False,False,no,
booking-service,LIVE,PaymentAttempt,forProviderCall,backend/booking-service/src/main/java/com/pml/booking/domain/model/PaymentAttempt.java,659,1,0,False,False,yes,
booking-service,LIVE,PaymentAttempt,attemptNumberFor,backend/booking-service/src/main/java/com/pml/booking/domain/model/PaymentAttempt.java,694,2,0,False,False,yes,
booking-service,LIVE,PaymentStatus,isTerminal,backend/booking-service/src/main/java/com/pml/booking/domain/model/PaymentIntent.java,186,2,0,False,False,no,
booking-service,LIVE,PlatformAccount,getAccountCode,backend/booking-service/src/main/java/com/pml/booking/domain/model/PlatformAccount.java,341,36,0,False,False,no,
booking-service,LIVE,PromoCode,hasReachedUsageLimit,backend/booking-service/src/main/java/com/pml/booking/domain/model/PromoCode.java,133,1,0,False,False,no,
booking-service,LIVE,ReconciliationItem,isMatched,backend/booking-service/src/main/java/com/pml/booking/domain/model/ReconciliationItem.java,204,1,0,False,False,no,
booking-service,LIVE,ReconciliationItem,isDiscrepancy,backend/booking-service/src/main/java/com/pml/booking/domain/model/ReconciliationItem.java,213,2,0,False,False,no,
booking-service,LIVE,ReconciliationItem,isResolved,backend/booking-service/src/main/java/com/pml/booking/domain/model/ReconciliationItem.java,222,2,0,False,False,no,
booking-service,LIVE,ReconciliationItem,getVariance,backend/booking-service/src/main/java/com/pml/booking/domain/model/ReconciliationItem.java,240,12,0,False,False,no,
booking-service,LIVE,ReconciliationRun,isCompleted,backend/booking-service/src/main/java/com/pml/booking/domain/model/ReconciliationRun.java,390,1,1,False,False,no,
booking-service,LIVE,ReconciliationRun,isFailed,backend/booking-service/src/main/java/com/pml/booking/domain/model/ReconciliationRun.java,408,2,0,False,False,no,
booking-service,LIVE,TransactionType,isCredit,backend/booking-service/src/main/java/com/pml/booking/domain/model/StandaloneEscrowTransaction.java,325,5,0,False,False,no,
booking-service,LIVE,TransactionType,isDebit,backend/booking-service/src/main/java/com/pml/booking/domain/model/StandaloneEscrowTransaction.java,334,4,0,False,False,no,
booking-service,LIVE,Ticket,generateTicketNumber,backend/booking-service/src/main/java/com/pml/booking/domain/model/Ticket.java,190,1,0,False,False,yes,
booking-service,LIVE,Ticket,isPremium,backend/booking-service/src/main/java/com/pml/booking/domain/model/Ticket.java,208,1,0,False,False,no,
booking-service,LIVE,Ticket,isPreSale,backend/booking-service/src/main/java/com/pml/booking/domain/model/Ticket.java,212,1,0,False,False,no,
booking-service,LIVE,TicketReservation,isExpired,backend/booking-service/src/main/java/com/pml/booking/domain/model/TicketReservation.java,148,6,0,False,False,yes,
booking-service,LIVE,TicketReservation,getNetAmount,backend/booking-service/src/main/java/com/pml/booking/domain/model/TicketReservation.java,162,2,0,False,False,no,
booking-service,LIVE,BookingRefusalTranslator,guardsAnIdempotencyKey,backend/booking-service/src/main/java/com/pml/booking/error/BookingRefusalTranslator.java,125,1,0,False,False,yes,
booking-service,LIVE,BookingRefusalTranslator,translate,backend/booking-service/src/main/java/com/pml/booking/error/BookingRefusalTranslator.java,45,3,15,False,False,yes,
booking-service,LIVE,AccountNotFoundException,getAccountCode,backend/booking-service/src/main/java/com/pml/booking/exception/AccountNotFoundException.java,74,36,0,False,False,no,
booking-service,LIVE,BusinessValidationException,getField,backend/booking-service/src/main/java/com/pml/booking/exception/BusinessValidationException.java,81,1,0,False,False,no,
booking-service,LIVE,ChargebackProcessingException,getChargebackId,backend/booking-service/src/main/java/com/pml/booking/exception/ChargebackProcessingException.java,145,24,0,False,False,no,
booking-service,LIVE,ChargebackProcessingException,getOperation,backend/booking-service/src/main/java/com/pml/booking/exception/ChargebackProcessingException.java,153,1,0,False,False,no,
booking-service,LIVE,InactiveAccountException,getAccountCode,backend/booking-service/src/main/java/com/pml/booking/exception/InactiveAccountException.java,82,36,0,False,False,no,
booking-service,LIVE,InactiveAccountException,getAccountName,backend/booking-service/src/main/java/com/pml/booking/exception/InactiveAccountException.java,86,2,0,False,False,no,
booking-service,LIVE,InsufficientEscrowBalanceException,getRequestedAmount,backend/booking-service/src/main/java/com/pml/booking/exception/InsufficientEscrowBalanceException.java,37,7,1,False,False,no,
booking-service,LIVE,ReconciliationDiscrepancyException,getVariance,backend/booking-service/src/main/java/com/pml/booking/exception/ReconciliationDiscrepancyException.java,156,12,0,False,False,no,
booking-service,LIVE,ReconciliationDiscrepancyException,getUnmatchedCount,backend/booking-service/src/main/java/com/pml/booking/exception/ReconciliationDiscrepancyException.java,164,9,0,False,False,no,
booking-service,LIVE,ReservationExpiredException,getReservationId,backend/booking-service/src/main/java/com/pml/booking/exception/ReservationExpiredException.java,26,16,0,False,False,no,
booking-service,LIVE,ReservationNotFoundException,getReservationId,backend/booking-service/src/main/java/com/pml/booking/exception/ReservationNotFoundException.java,22,16,0,False,False,no,
booking-service,LIVE,UnbalancedJournalEntryException,getEntryNumber,backend/booking-service/src/main/java/com/pml/booking/exception/UnbalancedJournalEntryException.java,106,6,0,False,False,no,
booking-service,LIVE,UnbalancedJournalEntryException,getTotalDebits,backend/booking-service/src/main/java/com/pml/booking/exception/UnbalancedJournalEntryException.java,110,6,0,False,False,no,
booking-service,LIVE,UnbalancedJournalEntryException,getTotalCredits,backend/booking-service/src/main/java/com/pml/booking/exception/UnbalancedJournalEntryException.java,114,6,0,False,False,no,
booking-service,LIVE,UnbalancedJournalEntryException,getVariance,backend/booking-service/src/main/java/com/pml/booking/exception/UnbalancedJournalEntryException.java,118,12,0,False,False,no,
booking-service,LIVE,CatalogServiceClient,reserveInventory,backend/booking-service/src/main/java/com/pml/booking/infrastructure/client/CatalogServiceClient.java,96,2,4,False,False,yes,
booking-service,LIVE,SharedOrganizationResponse,noSharedOrganization,backend/booking-service/src/main/java/com/pml/booking/infrastructure/client/IdentityServiceClient.java,134,1,1,False,False,yes,
booking-service,LIVE,PawaPayClient,generateTransactionId,backend/booking-service/src/main/java/com/pml/booking/infrastructure/client/PawaPayClient.java,431,1,0,False,False,yes,
booking-service,LIVE,DepositResponse,isAccepted,backend/booking-service/src/main/java/com/pml/booking/infrastructure/client/PawaPayClient.java,474,10,0,False,False,no,
booking-service,LIVE,DepositStatusResponse,isCompleted,backend/booking-service/src/main/java/com/pml/booking/infrastructure/client/PawaPayClient.java,492,1,1,False,False,no,
booking-service,LIVE,DepositStatusResponse,isFailed,backend/booking-service/src/main/java/com/pml/booking/infrastructure/client/PawaPayClient.java,496,2,0,False,False,no,
booking-service,LIVE,RefundResponse,isAccepted,backend/booking-service/src/main/java/com/pml/booking/infrastructure/client/PawaPayClient.java,515,10,0,False,False,yes,
booking-service,LIVE,RefundStatusResponse,isCompleted,backend/booking-service/src/main/java/com/pml/booking/infrastructure/client/PawaPayClient.java,530,1,1,False,False,no,
booking-service,LIVE,RefundStatusResponse,isFailed,backend/booking-service/src/main/java/com/pml/booking/infrastructure/client/PawaPayClient.java,534,2,0,False,False,no,
booking-service,LIVE,PayoutResponse,isAccepted,backend/booking-service/src/main/java/com/pml/booking/infrastructure/client/PawaPayClient.java,554,10,0,False,False,no,
booking-service,LIVE,PayoutStatusResponse,isCompleted,backend/booking-service/src/main/java/com/pml/booking/infrastructure/client/PawaPayClient.java,570,1,1,False,False,no,
booking-service,LIVE,PayoutStatusResponse,isFailed,backend/booking-service/src/main/java/com/pml/booking/infrastructure/client/PawaPayClient.java,574,2,0,False,False,no,
booking-service,LIVE,MobileMoneyGateway,getSupportedNetworks,backend/booking-service/src/main/java/com/pml/booking/infrastructure/gateway/MobileMoneyGateway.java,110,1,0,False,False,no,
booking-service,LIVE,MobileMoneyGateway,isAvailable,backend/booking-service/src/main/java/com/pml/booking/infrastructure/gateway/MobileMoneyGateway.java,129,2,0,False,False,no,
booking-service,LIVE,MobileMoneyGateway,getProviderId,backend/booking-service/src/main/java/com/pml/booking/infrastructure/gateway/MobileMoneyGateway.java,139,8,0,False,False,no,
booking-service,LIVE,MobileMoneyGateway,getPriority,backend/booking-service/src/main/java/com/pml/booking/infrastructure/gateway/MobileMoneyGateway.java,161,1,0,False,False,no,
booking-service,LIVE,MobileMoneyGatewayFactory,getAllGateways,backend/booking-service/src/main/java/com/pml/booking/infrastructure/gateway/MobileMoneyGatewayFactory.java,114,1,0,False,False,no,
booking-service,LIVE,CachedAvailability,isExpired,backend/booking-service/src/main/java/com/pml/booking/infrastructure/gateway/MobileMoneyGatewayFactory.java,229,6,0,False,False,no,
booking-service,LIVE,PawaPayGatewayAdapter,getSupportedNetworks,backend/booking-service/src/main/java/com/pml/booking/infrastructure/gateway/adapter/PawaPayGatewayAdapter.java,148,1,0,False,False,no,
booking-service,LIVE,PawaPayGatewayAdapter,isAvailable,backend/booking-service/src/main/java/com/pml/booking/infrastructure/gateway/adapter/PawaPayGatewayAdapter.java,153,2,0,False,False,no,
booking-service,LIVE,PawaPayGatewayAdapter,getProviderId,backend/booking-service/src/main/java/com/pml/booking/infrastructure/gateway/adapter/PawaPayGatewayAdapter.java,162,8,0,False,False,no,
booking-service,LIVE,PawaPayGatewayAdapter,getPriority,backend/booking-service/src/main/java/com/pml/booking/infrastructure/gateway/adapter/PawaPayGatewayAdapter.java,172,1,0,False,False,no,
booking-service,LIVE,Builder,amount,backend/booking-service/src/main/java/com/pml/booking/infrastructure/gateway/model/GatewayPayoutRequest.java,101,29,3,False,True,yes,
booking-service,LIVE,Builder,description,backend/booking-service/src/main/java/com/pml/booking/infrastructure/gateway/model/GatewayPayoutRequest.java,111,49,1,False,True,yes,
booking-service,LIVE,Builder,recipientName,backend/booking-service/src/main/java/com/pml/booking/infrastructure/gateway/model/GatewayPayoutRequest.java,116,2,0,False,False,yes,
booking-service,LIVE,Builder,payoutRequestId,backend/booking-service/src/main/java/com/pml/booking/infrastructure/gateway/model/GatewayPayoutRequest.java,121,26,0,False,True,yes,
booking-service,LIVE,Builder,eventId,backend/booking-service/src/main/java/com/pml/booking/infrastructure/gateway/model/GatewayPayoutRequest.java,126,99,34,False,True,yes,
booking-service,LIVE,Builder,organizerId,backend/booking-service/src/main/java/com/pml/booking/infrastructure/gateway/model/GatewayPayoutRequest.java,131,35,8,False,True,yes,
booking-service,LIVE,Builder,build,backend/booking-service/src/main/java/com/pml/booking/infrastructure/gateway/model/GatewayPayoutRequest.java,136,341,118,False,False,yes,
booking-service,LIVE,GatewayPayoutRequest,builder,backend/booking-service/src/main/java/com/pml/booking/infrastructure/gateway/model/GatewayPayoutRequest.java,69,124,36,False,False,yes,
booking-service,LIVE,Builder,correlationId,backend/booking-service/src/main/java/com/pml/booking/infrastructure/gateway/model/GatewayPayoutRequest.java,86,34,7,False,True,yes,
booking-service,LIVE,Builder,phoneNumber,backend/booking-service/src/main/java/com/pml/booking/infrastructure/gateway/model/GatewayPayoutRequest.java,91,9,2,False,True,yes,
booking-service,LIVE,Builder,description,backend/booking-service/src/main/java/com/pml/booking/infrastructure/gateway/model/MobileMoneyRequest.java,107,49,1,False,True,yes,
booking-service,LIVE,Builder,build,backend/booking-service/src/main/java/com/pml/booking/infrastructure/gateway/model/MobileMoneyRequest.java,122,341,118,False,False,yes,
booking-service,LIVE,MobileMoneyRequest,builder,backend/booking-service/src/main/java/com/pml/booking/infrastructure/gateway/model/MobileMoneyRequest.java,67,124,36,False,False,yes,
booking-service,LIVE,Builder,correlationId,backend/booking-service/src/main/java/com/pml/booking/infrastructure/gateway/model/MobileMoneyRequest.java,82,34,7,False,True,yes,
booking-service,LIVE,Builder,phoneNumber,backend/booking-service/src/main/java/com/pml/booking/infrastructure/gateway/model/MobileMoneyRequest.java,87,9,2,False,True,yes,
booking-service,LIVE,Builder,amount,backend/booking-service/src/main/java/com/pml/booking/infrastructure/gateway/model/MobileMoneyRequest.java,97,29,3,False,True,yes,
booking-service,LIVE,MobileNetwork,getCode,backend/booking-service/src/main/java/com/pml/booking/infrastructure/gateway/model/MobileNetwork.java,20,7,0,False,False,no,
booking-service,LIVE,MobileNetwork,getDisplayName,backend/booking-service/src/main/java/com/pml/booking/infrastructure/gateway/model/MobileNetwork.java,24,5,0,False,False,no,
booking-service,LIVE,MobileNetwork,fromPhoneNumber,backend/booking-service/src/main/java/com/pml/booking/infrastructure/gateway/model/MobileNetwork.java,35,4,0,False,False,yes,
booking-service,LIVE,PaymentResult,builder,backend/booking-service/src/main/java/com/pml/booking/infrastructure/gateway/model/PaymentResult.java,103,124,36,False,False,yes,
booking-service,LIVE,PaymentResult,failed,backend/booking-service/src/main/java/com/pml/booking/infrastructure/gateway/model/PaymentResult.java,142,16,7,False,False,yes,
booking-service,LIVE,Builder,correlationId,backend/booking-service/src/main/java/com/pml/booking/infrastructure/gateway/model/PaymentResult.java,177,34,7,False,True,yes,
booking-service,LIVE,Builder,providerTransactionId,backend/booking-service/src/main/java/com/pml/booking/infrastructure/gateway/model/PaymentResult.java,182,19,3,False,True,yes,
booking-service,LIVE,Builder,status,backend/booking-service/src/main/java/com/pml/booking/infrastructure/gateway/model/PaymentResult.java,187,127,50,False,True,yes,
booking-service,LIVE,Builder,message,backend/booking-service/src/main/java/com/pml/booking/infrastructure/gateway/model/PaymentResult.java,192,20,0,False,True,yes,
booking-service,LIVE,Builder,isPending,backend/booking-service/src/main/java/com/pml/booking/infrastructure/gateway/model/PaymentResult.java,197,14,1,False,False,yes,
booking-service,LIVE,Builder,errorCode,backend/booking-service/src/main/java/com/pml/booking/infrastructure/gateway/model/PaymentResult.java,202,30,25,False,False,yes,
booking-service,LIVE,Builder,errorMessage,backend/booking-service/src/main/java/com/pml/booking/infrastructure/gateway/model/PaymentResult.java,207,32,1,False,True,yes,
booking-service,LIVE,Builder,isRetryable,backend/booking-service/src/main/java/com/pml/booking/infrastructure/gateway/model/PaymentResult.java,212,16,2,False,False,yes,
booking-service,LIVE,Builder,timestamp,backend/booking-service/src/main/java/com/pml/booking/infrastructure/gateway/model/PaymentResult.java,217,19,4,False,True,yes,
booking-service,LIVE,Builder,providerId,backend/booking-service/src/main/java/com/pml/booking/infrastructure/gateway/model/PaymentResult.java,222,13,4,False,False,yes,
booking-service,LIVE,Builder,build,backend/booking-service/src/main/java/com/pml/booking/infrastructure/gateway/model/PaymentResult.java,227,341,118,False,False,yes,
booking-service,LIVE,PaymentResult,isSuccessOrPending,backend/booking-service/src/main/java/com/pml/booking/infrastructure/gateway/model/PaymentResult.java,78,5,0,False,False,yes,
booking-service,LIVE,PaymentResult,isSuccess,backend/booking-service/src/main/java/com/pml/booking/infrastructure/gateway/model/PaymentResult.java,87,2,0,False,False,yes,
booking-service,LIVE,PaymentResult,isFailed,backend/booking-service/src/main/java/com/pml/booking/infrastructure/gateway/model/PaymentResult.java,94,2,0,False,False,yes,
booking-service,LIVE,PaymentResultStatus,isTerminal,backend/booking-service/src/main/java/com/pml/booking/infrastructure/gateway/model/PaymentResultStatus.java,52,2,0,False,False,no,
booking-service,LIVE,PaymentResultStatus,isSuccessful,backend/booking-service/src/main/java/com/pml/booking/infrastructure/gateway/model/PaymentResultStatus.java,60,1,0,False,False,no,
booking-service,LIVE,PaymentResultStatus,isInProgress,backend/booking-service/src/main/java/com/pml/booking/infrastructure/gateway/model/PaymentResultStatus.java,67,2,0,False,False,no,
booking-service,LIVE,PayoutResult,failed,backend/booking-service/src/main/java/com/pml/booking/infrastructure/gateway/model/PayoutResult.java,107,16,7,False,False,yes,
booking-service,LIVE,Builder,correlationId,backend/booking-service/src/main/java/com/pml/booking/infrastructure/gateway/model/PayoutResult.java,141,34,7,False,True,yes,
booking-service,LIVE,Builder,providerTransactionId,backend/booking-service/src/main/java/com/pml/booking/infrastructure/gateway/model/PayoutResult.java,146,19,3,False,True,yes,
booking-service,LIVE,Builder,status,backend/booking-service/src/main/java/com/pml/booking/infrastructure/gateway/model/PayoutResult.java,151,127,50,False,True,yes,
booking-service,LIVE,Builder,message,backend/booking-service/src/main/java/com/pml/booking/infrastructure/gateway/model/PayoutResult.java,156,20,0,False,True,yes,
booking-service,LIVE,Builder,isPending,backend/booking-service/src/main/java/com/pml/booking/infrastructure/gateway/model/PayoutResult.java,161,14,1,False,False,yes,
booking-service,LIVE,Builder,errorCode,backend/booking-service/src/main/java/com/pml/booking/infrastructure/gateway/model/PayoutResult.java,166,30,25,False,False,yes,
booking-service,LIVE,Builder,errorMessage,backend/booking-service/src/main/java/com/pml/booking/infrastructure/gateway/model/PayoutResult.java,171,32,1,False,True,yes,
booking-service,LIVE,Builder,isRetryable,backend/booking-service/src/main/java/com/pml/booking/infrastructure/gateway/model/PayoutResult.java,176,16,2,False,False,yes,
booking-service,LIVE,Builder,timestamp,backend/booking-service/src/main/java/com/pml/booking/infrastructure/gateway/model/PayoutResult.java,181,19,4,False,True,yes,
booking-service,LIVE,Builder,providerId,backend/booking-service/src/main/java/com/pml/booking/infrastructure/gateway/model/PayoutResult.java,186,13,4,False,False,yes,
booking-service,LIVE,Builder,build,backend/booking-service/src/main/java/com/pml/booking/infrastructure/gateway/model/PayoutResult.java,191,341,118,False,False,yes,
booking-service,LIVE,PayoutResult,isSuccessOrPending,backend/booking-service/src/main/java/com/pml/booking/infrastructure/gateway/model/PayoutResult.java,62,5,0,False,False,yes,
booking-service,LIVE,PayoutResult,isSuccess,backend/booking-service/src/main/java/com/pml/booking/infrastructure/gateway/model/PayoutResult.java,68,2,0,False,False,yes,
booking-service,LIVE,PayoutResult,isFailed,backend/booking-service/src/main/java/com/pml/booking/infrastructure/gateway/model/PayoutResult.java,72,2,0,False,False,yes,
booking-service,LIVE,PayoutResult,builder,backend/booking-service/src/main/java/com/pml/booking/infrastructure/gateway/model/PayoutResult.java,77,124,36,False,False,yes,
booking-service,LIVE,PayoutResult,success,backend/booking-service/src/main/java/com/pml/booking/infrastructure/gateway/model/PayoutResult.java,81,10,3,False,False,yes,
booking-service,LIVE,PayoutResult,pending,backend/booking-service/src/main/java/com/pml/booking/infrastructure/gateway/model/PayoutResult.java,94,4,6,False,False,yes,
booking-service,LIVE,CatalogConsumerConfig,durablyHandled,backend/booking-service/src/main/java/com/pml/booking/infrastructure/messaging/CatalogConsumerConfig.java,53,1,1,False,False,yes,
booking-service,LIVE,WorkflowIds,purchase,backend/booking-service/src/main/java/com/pml/booking/infrastructure/temporal/WorkflowIds.java,15,5,8,False,False,yes,
booking-service,LIVE,WorkflowIds,payout,backend/booking-service/src/main/java/com/pml/booking/infrastructure/temporal/WorkflowIds.java,19,4,10,False,False,yes,
booking-service,LIVE,WorkflowIds,bankVerification,backend/booking-service/src/main/java/com/pml/booking/infrastructure/temporal/WorkflowIds.java,23,2,5,False,False,yes,
booking-service,LIVE,WorkflowIds,eventFinance,backend/booking-service/src/main/java/com/pml/booking/infrastructure/temporal/WorkflowIds.java,27,2,4,False,False,yes,
booking-service,LIVE,WorkflowIds,cancellationRefunds,backend/booking-service/src/main/java/com/pml/booking/infrastructure/temporal/WorkflowIds.java,31,1,3,False,False,yes,
booking-service,LIVE,WorkflowIds,refund,backend/booking-service/src/main/java/com/pml/booking/infrastructure/temporal/WorkflowIds.java,35,4,7,False,False,yes,
booking-service,LIVE,WorkflowIds,reconciliation,backend/booking-service/src/main/java/com/pml/booking/infrastructure/temporal/WorkflowIds.java,43,1,1,False,False,yes,
booking-service,LIVE,WorkflowIds,require,backend/booking-service/src/main/java/com/pml/booking/infrastructure/temporal/WorkflowIds.java,47,21,15,False,False,yes,
booking-service,LIVE,DataMigrationRunner,isEnabled,backend/booking-service/src/main/java/com/pml/booking/migration/DataMigrationRunner.java,80,7,0,False,False,no,
booking-service,LIVE,DataMigrationRunner,isFailFast,backend/booking-service/src/main/java/com/pml/booking/migration/DataMigrationRunner.java,85,2,0,False,False,no,
booking-service,LIVE,Result,isClean,backend/booking-service/src/main/java/com/pml/booking/migration/EscrowDocumentConformanceMigrationService.java,67,6,7,False,False,no,
booking-service,LIVE,Result,isClean,backend/booking-service/src/main/java/com/pml/booking/migration/PayoutConformanceMigrationService.java,73,6,7,False,False,no,
booking-service,LIVE,PromoCodeOwnershipBackfillMigrationService,migrate,backend/booking-service/src/main/java/com/pml/booking/migration/PromoCodeOwnershipBackfillMigrationService.java,32,14,9,False,False,yes,
booking-service,LIVE,Result,isClean,backend/booking-service/src/main/java/com/pml/booking/migration/ReservationConformanceMigrationService.java,56,6,7,False,False,no,
booking-service,LIVE,PlatformAccountRepository,getTotalPlatformBalance,backend/booking-service/src/main/java/com/pml/booking/repository/PlatformAccountRepository.java,125,1,0,False,False,no,
booking-service,LIVE,AggregationResult,getTotal,backend/booking-service/src/main/java/com/pml/booking/repository/dto/AggregationResult.java,38,4,0,False,False,no,
booking-service,LIVE,PayoutTotalResult,getValueOrZero,backend/booking-service/src/main/java/com/pml/booking/repository/dto/PayoutTotalResult.java,17,2,0,False,False,no,
booking-service,LIVE,RevenueResult,getValueOrZero,backend/booking-service/src/main/java/com/pml/booking/repository/dto/RevenueResult.java,17,2,0,False,False,no,
booking-service,LIVE,SpentResult,getValueOrZero,backend/booking-service/src/main/java/com/pml/booking/repository/dto/SpentResult.java,17,2,0,False,False,no,
booking-service,LIVE,CallerScope,organizationIds,backend/booking-service/src/main/java/com/pml/booking/security/CallerScope.java,49,4,4,False,False,yes,
booking-service,LIVE,CallerScope,refuseIfNothing,backend/booking-service/src/main/java/com/pml/booking/security/CallerScope.java,66,1,0,False,False,yes,
booking-service,LIVE,CallerScope,subject,backend/booking-service/src/main/java/com/pml/booking/security/CallerScope.java,93,5,18,False,False,yes,
booking-service,LIVE,EventGateAccess,requireScan,backend/booking-service/src/main/java/com/pml/booking/security/EventGateAccess.java,43,6,9,False,False,yes,
booking-service,LIVE,EventGateAccess,platformGrantsScan,backend/booking-service/src/main/java/com/pml/booking/security/EventGateAccess.java,73,1,0,False,False,yes,
booking-service,LIVE,OrganizationSecurityService,extractUserId,backend/booking-service/src/main/java/com/pml/booking/security/OrganizationSecurityService.java,148,7,0,False,False,yes,
booking-service,LIVE,RefundSecurityService,requestedByCaller,backend/booking-service/src/main/java/com/pml/booking/security/RefundSecurityService.java,39,2,0,False,False,yes,
booking-service,LIVE,RefundSecurityService,extractUserId,backend/booking-service/src/main/java/com/pml/booking/security/RefundSecurityService.java,53,7,0,False,False,yes,
booking-service,LIVE,TenantReads,payoutRequestByRequestIdForCaller,backend/booking-service/src/main/java/com/pml/booking/security/TenantReads.java,107,1,3,False,False,yes,
booking-service,LIVE,TenantReads,eventOrganizationForCaller,backend/booking-service/src/main/java/com/pml/booking/security/TenantReads.java,121,1,3,False,False,yes,
booking-service,LIVE,TenantReads,ticketForCaller,backend/booking-service/src/main/java/com/pml/booking/security/TenantReads.java,48,2,5,False,False,yes,
booking-service,LIVE,TenantReads,ticketByNumberForCaller,backend/booking-service/src/main/java/com/pml/booking/security/TenantReads.java,60,1,3,False,False,yes,
booking-service,LIVE,TenantReads,promoCodeForCaller,backend/booking-service/src/main/java/com/pml/booking/security/TenantReads.java,71,5,3,False,False,yes,
booking-service,LIVE,TenantReads,promoCodeByCodeForCaller,backend/booking-service/src/main/java/com/pml/booking/security/TenantReads.java,80,1,3,False,False,yes,
booking-service,LIVE,TenantReads,bankAccountForCaller,backend/booking-service/src/main/java/com/pml/booking/security/TenantReads.java,89,6,5,False,False,yes,
booking-service,LIVE,TenantReads,payoutRequestForCaller,backend/booking-service/src/main/java/com/pml/booking/security/TenantReads.java,98,2,4,False,False,yes,
booking-service,LIVE,BankVerificationService,load,backend/booking-service/src/main/java/com/pml/booking/service/BankVerificationService.java,103,16,5,False,False,yes,
booking-service,LIVE,DisputeEvidence,getPlatformStats,backend/booking-service/src/main/java/com/pml/booking/service/ChargebackService.java,352,1,0,False,False,no,
booking-service,LIVE,ChartOfAccountsService,isSeeded,backend/booking-service/src/main/java/com/pml/booking/service/ChartOfAccountsService.java,240,1,0,False,False,no,
booking-service,LIVE,ScanResult,admitted,backend/booking-service/src/main/java/com/pml/booking/service/CheckInService.java,92,2,0,False,True,yes,
booking-service,LIVE,CommissionService,getCommissionRate,backend/booking-service/src/main/java/com/pml/booking/service/CommissionService.java,30,1,1,False,False,no,
booking-service,LIVE,EscrowService,getTotalCredited,backend/booking-service/src/main/java/com/pml/booking/service/EscrowService.java,248,4,0,False,False,no,
booking-service,LIVE,EscrowService,getTotalDebited,backend/booking-service/src/main/java/com/pml/booking/service/EscrowService.java,253,2,1,False,False,no,
booking-service,LIVE,EscrowService,getTotalRefunded,backend/booking-service/src/main/java/com/pml/booking/service/EscrowService.java,258,2,0,False,False,no,
booking-service,LIVE,PayoutRecoveryService,getRecoverySummary,backend/booking-service/src/main/java/com/pml/booking/service/PayoutRecoveryService.java,164,1,0,False,False,no,
booking-service,LIVE,PayoutRecoveryService,getIssueTypeStats,backend/booking-service/src/main/java/com/pml/booking/service/PayoutRecoveryService.java,221,1,0,False,False,no,
booking-service,LIVE,PayoutSettlementService,insert,backend/booking-service/src/main/java/com/pml/booking/service/PayoutSettlementService.java,113,5,35,False,False,yes,
booking-service,LIVE,PayoutSettlementService,beginSettlement,backend/booking-service/src/main/java/com/pml/booking/service/PayoutSettlementService.java,204,2,8,False,False,yes,
booking-service,LIVE,PayoutSettlementService,completeSettlement,backend/booking-service/src/main/java/com/pml/booking/service/PayoutSettlementService.java,246,2,4,False,False,yes,
booking-service,LIVE,PayoutSettlementService,failSettlement,backend/booking-service/src/main/java/com/pml/booking/service/PayoutSettlementService.java,274,2,5,False,False,yes,
booking-service,LIVE,PayoutSettlementService,eligibility,backend/booking-service/src/main/java/com/pml/booking/service/PayoutSettlementService.java,326,2,0,False,False,yes,
booking-service,LIVE,PayoutSettlementService,verifiedAccount,backend/booking-service/src/main/java/com/pml/booking/service/PayoutSettlementService.java,337,1,0,False,False,yes,
booking-service,LIVE,PayoutSettlementService,load,backend/booking-service/src/main/java/com/pml/booking/service/PayoutSettlementService.java,346,16,5,False,False,yes,
booking-service,LIVE,PayoutSettlementService,escrowOf,backend/booking-service/src/main/java/com/pml/booking/service/PayoutSettlementService.java,351,3,0,False,False,yes,
booking-service,LIVE,PayoutSettlementService,transactionally,backend/booking-service/src/main/java/com/pml/booking/service/PayoutSettlementService.java,356,3,0,False,False,yes,
booking-service,LIVE,PayoutSettlementService,refuseIneligible,backend/booking-service/src/main/java/com/pml/booking/service/PayoutSettlementService.java,362,2,0,False,False,yes,
booking-service,LIVE,PayoutSettlementService,refuse,backend/booking-service/src/main/java/com/pml/booking/service/PayoutSettlementService.java,366,28,5,False,False,yes,
booking-service,LIVE,PayoutSettlementService,masked,backend/booking-service/src/main/java/com/pml/booking/service/PayoutSettlementService.java,370,1,0,False,False,yes,
booking-service,LIVE,PayoutSettlementService,blankToNull,backend/booking-service/src/main/java/com/pml/booking/service/PayoutSettlementService.java,377,3,0,False,False,yes,
booking-service,LIVE,PayoutSettlementService,view,backend/booking-service/src/main/java/com/pml/booking/service/PayoutSettlementService.java,381,25,29,False,False,yes,
booking-service,LIVE,PayoutSettlementService,createRequest,backend/booking-service/src/main/java/com/pml/booking/service/PayoutSettlementService.java,89,2,7,False,False,yes,
booking-service,LIVE,PendingApprovalStatsService,getPendingCounts,backend/booking-service/src/main/java/com/pml/booking/service/PendingApprovalStatsService.java,43,1,0,False,False,no,
booking-service,LIVE,PendingApprovalStatsService,getPendingPayoutRequestsCount,backend/booking-service/src/main/java/com/pml/booking/service/PendingApprovalStatsService.java,53,1,0,False,False,no,
booking-service,LIVE,PendingApprovalStatsService,getPendingRefundRequestsCount,backend/booking-service/src/main/java/com/pml/booking/service/PendingApprovalStatsService.java,68,1,0,False,False,no,
booking-service,LIVE,PlatformAccountService,getAllAccounts,backend/booking-service/src/main/java/com/pml/booking/service/PlatformAccountService.java,95,1,0,False,False,no,
booking-service,LIVE,PlatformSummaryService,getCurrentSummary,backend/booking-service/src/main/java/com/pml/booking/service/PlatformSummaryService.java,52,1,0,False,False,no,
booking-service,LIVE,TicketStatsService,getTicketStats,backend/booking-service/src/main/java/com/pml/booking/service/TicketStatsService.java,44,1,0,False,False,no,
booking-service,LIVE,RecoveryResult,getPlatformStats,backend/booking-service/src/main/java/com/pml/booking/service/impl/ChargebackServiceImpl.java,568,1,0,False,False,no,
booking-service,LIVE,ChartOfAccountsServiceImpl,isSeeded,backend/booking-service/src/main/java/com/pml/booking/service/impl/ChartOfAccountsServiceImpl.java,217,1,0,False,False,no,
booking-service,LIVE,CheckInServiceImpl,admit,backend/booking-service/src/main/java/com/pml/booking/service/impl/CheckInServiceImpl.java,104,1,0,False,False,yes,
booking-service,LIVE,CheckInServiceImpl,markTicketValidated,backend/booking-service/src/main/java/com/pml/booking/service/impl/CheckInServiceImpl.java,177,1,0,False,False,yes,
booking-service,LIVE,CheckInServiceImpl,recordConflict,backend/booking-service/src/main/java/com/pml/booking/service/impl/CheckInServiceImpl.java,191,4,0,False,False,yes,
booking-service,LIVE,CheckInServiceImpl,summary,backend/booking-service/src/main/java/com/pml/booking/service/impl/CheckInServiceImpl.java,257,1,0,False,False,yes,
booking-service,LIVE,CheckInServiceImpl,findConflict,backend/booking-service/src/main/java/com/pml/booking/service/impl/CheckInServiceImpl.java,303,1,0,False,False,yes,
booking-service,LIVE,CheckInServiceImpl,blankToNull,backend/booking-service/src/main/java/com/pml/booking/service/impl/CheckInServiceImpl.java,324,3,0,False,False,yes,
booking-service,LIVE,CheckInServiceImpl,scan,backend/booking-service/src/main/java/com/pml/booking/service/impl/CheckInServiceImpl.java,79,2,18,False,False,yes,
booking-service,LIVE,CheckInServiceImpl,resolveAndAdmit,backend/booking-service/src/main/java/com/pml/booking/service/impl/CheckInServiceImpl.java,94,2,0,False,False,yes,
booking-service,LIVE,CommissionServiceImpl,cancelPendingCommission,backend/booking-service/src/main/java/com/pml/booking/service/impl/CommissionServiceImpl.java,117,1,0,False,False,yes,
booking-service,LIVE,CommissionServiceImpl,findByTicketId,backend/booking-service/src/main/java/com/pml/booking/service/impl/CommissionServiceImpl.java,190,18,1,False,False,yes,
booking-service,LIVE,CommissionServiceImpl,generateJournalEntryId,backend/booking-service/src/main/java/com/pml/booking/service/impl/CommissionServiceImpl.java,216,2,0,False,False,yes,
booking-service,LIVE,CommissionServiceImpl,getCommissionRate,backend/booking-service/src/main/java/com/pml/booking/service/impl/CommissionServiceImpl.java,46,1,1,False,False,no,
booking-service,LIVE,EscrowServiceImpl,debitForRefund,backend/booking-service/src/main/java/com/pml/booking/service/impl/EscrowServiceImpl.java,114,2,0,False,False,yes,
booking-service,LIVE,EscrowServiceImpl,getTotalCredited,backend/booking-service/src/main/java/com/pml/booking/service/impl/EscrowServiceImpl.java,388,4,0,False,False,no,
booking-service,LIVE,EscrowServiceImpl,getTotalDebited,backend/booking-service/src/main/java/com/pml/booking/service/impl/EscrowServiceImpl.java,395,2,1,False,False,no,
booking-service,LIVE,EscrowServiceImpl,getTotalRefunded,backend/booking-service/src/main/java/com/pml/booking/service/impl/EscrowServiceImpl.java,402,2,0,False,False,no,
booking-service,LIVE,PaymentAttemptRecorderImpl,afterCall,backend/booking-service/src/main/java/com/pml/booking/service/impl/PaymentAttemptRecorderImpl.java,100,3,4,False,False,yes,
booking-service,LIVE,PaymentAttemptRecorderImpl,beforeCollect,backend/booking-service/src/main/java/com/pml/booking/service/impl/PaymentAttemptRecorderImpl.java,33,1,2,False,False,yes,
booking-service,LIVE,PaymentAttemptRecorderImpl,afterCollect,backend/booking-service/src/main/java/com/pml/booking/service/impl/PaymentAttemptRecorderImpl.java,65,1,0,False,False,yes,
booking-service,LIVE,PaymentAttemptRecorderImpl,beforeCall,backend/booking-service/src/main/java/com/pml/booking/service/impl/PaymentAttemptRecorderImpl.java,85,3,6,False,False,yes,
booking-service,LIVE,PaymentServiceImpl,initiatePayment,backend/booking-service/src/main/java/com/pml/booking/service/impl/PaymentServiceImpl.java,117,2,7,False,False,yes,
booking-service,LIVE,PaymentServiceImpl,withDepositId,backend/booking-service/src/main/java/com/pml/booking/service/impl/PaymentServiceImpl.java,157,1,0,False,False,yes,
booking-service,LIVE,PaymentServiceImpl,recordSubmission,backend/booking-service/src/main/java/com/pml/booking/service/impl/PaymentServiceImpl.java,181,1,0,False,False,yes,
booking-service,LIVE,PlatformAccountServiceImpl,getAllAccounts,backend/booking-service/src/main/java/com/pml/booking/service/impl/PlatformAccountServiceImpl.java,78,1,0,False,False,no,
booking-service,LIVE,PlatformSummaryServiceImpl,getCurrentSummary,backend/booking-service/src/main/java/com/pml/booking/service/impl/PlatformSummaryServiceImpl.java,31,1,0,False,False,no,
booking-service,LIVE,PurchaseServiceImpl,confirmHeld,backend/booking-service/src/main/java/com/pml/booking/service/impl/PurchaseServiceImpl.java,106,1,0,False,False,yes,
booking-service,LIVE,PurchaseServiceImpl,commitInventory,backend/booking-service/src/main/java/com/pml/booking/service/impl/PurchaseServiceImpl.java,142,1,0,False,False,yes,
booking-service,LIVE,PurchaseServiceImpl,issueTickets,backend/booking-service/src/main/java/com/pml/booking/service/impl/PurchaseServiceImpl.java,155,1,0,False,False,yes,
booking-service,LIVE,PurchaseServiceImpl,buildTicket,backend/booking-service/src/main/java/com/pml/booking/service/impl/PurchaseServiceImpl.java,167,1,0,False,False,yes,
booking-service,LIVE,PurchaseServiceImpl,recordFinancials,backend/booking-service/src/main/java/com/pml/booking/service/impl/PurchaseServiceImpl.java,204,1,0,False,False,yes,
booking-service,LIVE,PurchaseServiceImpl,stagePurchased,backend/booking-service/src/main/java/com/pml/booking/service/impl/PurchaseServiceImpl.java,239,1,0,False,False,yes,
booking-service,LIVE,PurchaseServiceImpl,confirm,backend/booking-service/src/main/java/com/pml/booking/service/impl/PurchaseServiceImpl.java,81,4,17,False,False,yes,
booking-service,LIVE,PurchaseServiceImpl,alreadyConfirmed,backend/booking-service/src/main/java/com/pml/booking/service/impl/PurchaseServiceImpl.java,98,2,0,False,False,yes,
booking-service,LIVE,RefundServiceImpl,processRefund,backend/booking-service/src/main/java/com/pml/booking/service/impl/RefundServiceImpl.java,184,1,7,False,False,yes,
booking-service,LIVE,RefundServiceImpl,handleCommissionAdjustment,backend/booking-service/src/main/java/com/pml/booking/service/impl/RefundServiceImpl.java,640,1,0,False,False,yes,
booking-service,LIVE,RefundServiceImpl,handleEscrowDebit,backend/booking-service/src/main/java/com/pml/booking/service/impl/RefundServiceImpl.java,663,1,0,False,False,yes,
booking-service,LIVE,RefundServiceImpl,initiatePayaPayRefund,backend/booking-service/src/main/java/com/pml/booking/service/impl/RefundServiceImpl.java,687,1,0,False,False,yes,
booking-service,LIVE,RefundServiceImpl,withRefundId,backend/booking-service/src/main/java/com/pml/booking/service/impl/RefundServiceImpl.java,717,1,0,False,False,yes,
booking-service,LIVE,RefundServiceImpl,recordRefundResponse,backend/booking-service/src/main/java/com/pml/booking/service/impl/RefundServiceImpl.java,731,1,0,False,False,yes,
booking-service,LIVE,ReservationServiceImpl,reserveAfresh,backend/booking-service/src/main/java/com/pml/booking/service/impl/ReservationServiceImpl.java,111,1,0,False,False,yes,
booking-service,LIVE,ReservationServiceImpl,takeInventory,backend/booking-service/src/main/java/com/pml/booking/service/impl/ReservationServiceImpl.java,158,1,0,False,False,yes,
booking-service,LIVE,ReservationServiceImpl,quote,backend/booking-service/src/main/java/com/pml/booking/service/impl/ReservationServiceImpl.java,200,1,1,False,False,yes,
booking-service,LIVE,ReservationServiceImpl,line,backend/booking-service/src/main/java/com/pml/booking/service/impl/ReservationServiceImpl.java,231,1,20,False,False,yes,
booking-service,LIVE,ReservationServiceImpl,tierOf,backend/booking-service/src/main/java/com/pml/booking/service/impl/ReservationServiceImpl.java,253,1,0,False,False,yes,
booking-service,LIVE,ReservationServiceImpl,createReservation,backend/booking-service/src/main/java/com/pml/booking/service/impl/ReservationServiceImpl.java,65,2,1,False,False,yes,
booking-service,LIVE,ReservationServiceImpl,createReservation,backend/booking-service/src/main/java/com/pml/booking/service/impl/ReservationServiceImpl.java,70,2,1,False,False,yes,
booking-service,LIVE,ReservationServiceImpl,existingHoldFor,backend/booking-service/src/main/java/com/pml/booking/service/impl/ReservationServiceImpl.java,95,1,0,False,False,yes,
booking-service,LIVE,ChargebackFilterInput,hasFilters,backend/booking-service/src/main/java/com/pml/booking/web/graphql/dto/ChargebackFilterInput.java,31,3,0,False,False,no,
booking-service,LIVE,CreateJournalEntryInput,getEffectiveDateOrDefault,backend/booking-service/src/main/java/com/pml/booking/web/graphql/dto/CreateJournalEntryInput.java,78,1,0,False,False,no,
booking-service,LIVE,CursorPaginationInput,getLimit,backend/booking-service/src/main/java/com/pml/booking/web/graphql/dto/CursorPaginationInput.java,29,15,0,False,False,no,
booking-service,LIVE,JournalEntryFilterInput,hasFilters,backend/booking-service/src/main/java/com/pml/booking/web/graphql/dto/JournalEntryFilterInput.java,31,3,0,False,False,no,
booking-service,LIVE,JournalLineInput,isDebit,backend/booking-service/src/main/java/com/pml/booking/web/graphql/dto/JournalLineInput.java,51,4,0,False,False,no,
booking-service,LIVE,JournalLineInput,getAmount,backend/booking-service/src/main/java/com/pml/booking/web/graphql/dto/JournalLineInput.java,58,21,2,False,False,no,
booking-service,LIVE,SortDirection,getOffset,backend/booking-service/src/main/java/com/pml/booking/web/graphql/dto/OffsetPaginationInput.java,62,10,0,False,False,no,
booking-service,LIVE,SortDirection,getLimit,backend/booking-service/src/main/java/com/pml/booking/web/graphql/dto/OffsetPaginationInput.java,69,15,0,False,False,no,
booking-service,LIVE,ReconciliationFilterInput,hasFilters,backend/booking-service/src/main/java/com/pml/booking/web/graphql/dto/ReconciliationFilterInput.java,27,3,0,False,False,no,
booking-service,LIVE,CheckInSummary,from,backend/booking-service/src/main/java/com/pml/booking/web/graphql/dto/checkin/CheckInSummary.java,33,61,39,False,False,yes,
booking-service,LIVE,ValidationResult,from,backend/booking-service/src/main/java/com/pml/booking/web/graphql/dto/checkin/ValidationResult.java,30,61,39,False,False,yes,
booking-service,LIVE,CheckInMutationResolver,toCommand,backend/booking-service/src/main/java/com/pml/booking/web/graphql/mutation/CheckInMutationResolver.java,109,2,0,False,False,yes,
booking-service,LIVE,PayoutRequestMutationResolver,replayOrRequest,backend/booking-service/src/main/java/com/pml/booking/web/graphql/mutation/PayoutRequestMutationResolver.java,102,1,0,False,False,yes,
booking-service,LIVE,PayoutRequestMutationResolver,isPlatformStaff,backend/booking-service/src/main/java/com/pml/booking/web/graphql/mutation/PayoutRequestMutationResolver.java,89,1,0,False,False,yes,
booking-service,LIVE,OrganizerDashboardQueryResolver,getCurrentUserId,backend/booking-service/src/main/java/com/pml/booking/web/graphql/query/OrganizerDashboardQueryResolver.java,240,12,0,False,False,no,
booking-service,LIVE,TrialBalanceQueryResolver,net,backend/booking-service/src/main/java/com/pml/booking/web/graphql/query/TrialBalanceQueryResolver.java,119,1,0,False,False,yes,
booking-service,LIVE,TrialBalanceQueryResolver,postedEntries,backend/booking-service/src/main/java/com/pml/booking/web/graphql/query/TrialBalanceQueryResolver.java,71,1,0,False,False,yes,
booking-service,LIVE,TrialBalanceQueryResolver,accumulate,backend/booking-service/src/main/java/com/pml/booking/web/graphql/query/TrialBalanceQueryResolver.java,82,4,0,False,False,yes,
booking-service,LIVE,TrialBalanceQueryResolver,rows,backend/booking-service/src/main/java/com/pml/booking/web/graphql/query/TrialBalanceQueryResolver.java,92,2,0,False,True,yes,
booking-service,LIVE,BankVerificationActivitiesImpl,await,backend/booking-service/src/main/java/com/pml/booking/workflow/bank/BankVerificationActivitiesImpl.java,126,86,12,False,False,yes,
booking-service,LIVE,BankVerificationActivitiesImpl,sendDeposit,backend/booking-service/src/main/java/com/pml/booking/workflow/bank/BankVerificationActivitiesImpl.java,53,1,3,False,False,yes,
booking-service,LIVE,BankVerificationRules,depositFor,backend/booking-service/src/main/java/com/pml/booking/workflow/bank/BankVerificationRules.java,34,1,1,False,False,yes,
booking-service,LIVE,BankVerificationRules,depositPollDelay,backend/booking-service/src/main/java/com/pml/booking/workflow/bank/BankVerificationRules.java,46,1,3,False,False,yes,
booking-service,LIVE,BankVerificationRules,locksAfter,backend/booking-service/src/main/java/com/pml/booking/workflow/bank/BankVerificationRules.java,58,1,3,False,False,yes,
booking-service,LIVE,BankVerificationRules,accountOptions,backend/booking-service/src/main/java/com/pml/booking/workflow/bank/BankVerificationRules.java,62,1,0,False,False,yes,
booking-service,LIVE,BankVerificationRules,depositOptions,backend/booking-service/src/main/java/com/pml/booking/workflow/bank/BankVerificationRules.java,73,1,0,False,False,yes,
booking-service,LIVE,View,locked,backend/booking-service/src/main/java/com/pml/booking/workflow/bank/BankVerificationWorkflow.java,48,3,0,False,False,yes,
booking-service,LIVE,BankVerificationWorkflowImpl,watchDeposit,backend/booking-service/src/main/java/com/pml/booking/workflow/bank/BankVerificationWorkflowImpl.java,55,1,0,False,False,yes,
booking-service,LIVE,ChargebackActivitiesImpl,view,backend/booking-service/src/main/java/com/pml/booking/workflow/chargeback/ChargebackActivitiesImpl.java,238,25,29,False,False,yes,
booking-service,LIVE,ChargebackRules,canReview,backend/booking-service/src/main/java/com/pml/booking/workflow/chargeback/ChargebackRules.java,32,1,1,False,False,yes,
booking-service,LIVE,ChargebackRules,canDecide,backend/booking-service/src/main/java/com/pml/booking/workflow/chargeback/ChargebackRules.java,36,3,2,False,False,yes,
booking-service,LIVE,ChargebackRules,awaitsOutcome,backend/booking-service/src/main/java/com/pml/booking/workflow/chargeback/ChargebackRules.java,40,1,1,False,False,yes,
booking-service,LIVE,ChargebackRules,options,backend/booking-service/src/main/java/com/pml/booking/workflow/chargeback/ChargebackRules.java,44,3,17,False,False,yes,
booking-service,LIVE,ChargebackWorkflowImpl,step,backend/booking-service/src/main/java/com/pml/booking/workflow/chargeback/ChargebackWorkflowImpl.java,156,5,0,False,False,yes,
booking-service,LIVE,ChargebackWorkflowImpl,statusOrNull,backend/booking-service/src/main/java/com/pml/booking/workflow/chargeback/ChargebackWorkflowImpl.java,165,4,0,False,False,yes,
booking-service,LIVE,ChargebackWorkflowImpl,requireStatus,backend/booking-service/src/main/java/com/pml/booking/workflow/chargeback/ChargebackWorkflowImpl.java,169,9,0,False,False,yes,
booking-service,LIVE,ChargebackWorkflowImpl,awaitDecisionUntil,backend/booking-service/src/main/java/com/pml/booking/workflow/chargeback/ChargebackWorkflowImpl.java,67,2,0,False,False,yes,
booking-service,LIVE,ChargebackWorkflowImpl,decided,backend/booking-service/src/main/java/com/pml/booking/workflow/chargeback/ChargebackWorkflowImpl.java,75,3,0,False,False,yes,
booking-service,LIVE,EventFinanceProcess,factOf,backend/booking-service/src/main/java/com/pml/booking/workflow/finance/EventFinanceProcess.java,74,1,7,False,False,yes,
booking-service,LIVE,EventFinanceProcess,text,backend/booking-service/src/main/java/com/pml/booking/workflow/finance/EventFinanceProcess.java,91,5,4,False,False,yes,
booking-service,LIVE,EventFinanceProcess,millis,backend/booking-service/src/main/java/com/pml/booking/workflow/finance/EventFinanceProcess.java,96,9,2,False,False,yes,
booking-service,LIVE,EventFinanceRules,holdUntil,backend/booking-service/src/main/java/com/pml/booking/workflow/finance/EventFinanceRules.java,29,1,3,False,False,yes,
booking-service,LIVE,EventFinanceRules,financeOptions,backend/booking-service/src/main/java/com/pml/booking/workflow/finance/EventFinanceRules.java,33,2,0,False,False,yes,
booking-service,LIVE,EventFinanceWorkflowImpl,refundEveryone,backend/booking-service/src/main/java/com/pml/booking/workflow/finance/EventFinanceWorkflowImpl.java,104,2,0,False,False,yes,
booking-service,LIVE,EventFinanceWorkflowImpl,applyReschedules,backend/booking-service/src/main/java/com/pml/booking/workflow/finance/EventFinanceWorkflowImpl.java,92,2,0,False,False,yes,
booking-service,LIVE,PayoutProviderActivitiesImpl,destination,backend/booking-service/src/main/java/com/pml/booking/workflow/payout/PayoutProviderActivitiesImpl.java,105,2,0,False,False,yes,
booking-service,LIVE,PayoutProviderActivitiesImpl,gatewayFor,backend/booking-service/src/main/java/com/pml/booking/workflow/payout/PayoutProviderActivitiesImpl.java,114,2,0,False,False,yes,
booking-service,LIVE,PayoutProviderActivitiesImpl,await,backend/booking-service/src/main/java/com/pml/booking/workflow/payout/PayoutProviderActivitiesImpl.java,120,86,12,False,False,yes,
booking-service,LIVE,PayoutProviderActivitiesImpl,outcomeOf,backend/booking-service/src/main/java/com/pml/booking/workflow/payout/PayoutProviderActivitiesImpl.java,129,2,0,False,False,yes,
booking-service,LIVE,PayoutProviderActivitiesImpl,initiate,backend/booking-service/src/main/java/com/pml/booking/workflow/payout/PayoutProviderActivitiesImpl.java,52,1,5,False,False,yes,
booking-service,LIVE,PayoutProviderActivitiesImpl,answer,backend/booking-service/src/main/java/com/pml/booking/workflow/payout/PayoutProviderActivitiesImpl.java,94,2,4,False,False,yes,
booking-service,LIVE,PayoutRules,statusOptions,backend/booking-service/src/main/java/com/pml/booking/workflow/payout/PayoutRules.java,109,1,0,False,False,yes,
booking-service,LIVE,PayoutRules,canRetry,backend/booking-service/src/main/java/com/pml/booking/workflow/payout/PayoutRules.java,50,3,3,False,False,yes,
booking-service,LIVE,PayoutRules,isBadAccount,backend/booking-service/src/main/java/com/pml/booking/workflow/payout/PayoutRules.java,54,2,4,False,False,yes,
booking-service,LIVE,PayoutRules,pollDelay,backend/booking-service/src/main/java/com/pml/booking/workflow/payout/PayoutRules.java,59,3,14,False,False,yes,
booking-service,LIVE,PayoutRules,unconfirmed,backend/booking-service/src/main/java/com/pml/booking/workflow/payout/PayoutRules.java,67,1,2,False,False,yes,
booking-service,LIVE,PayoutRules,codeFor,backend/booking-service/src/main/java/com/pml/booking/workflow/payout/PayoutRules.java,72,1,5,False,False,yes,
booking-service,LIVE,PayoutRules,ledgerOptions,backend/booking-service/src/main/java/com/pml/booking/workflow/payout/PayoutRules.java,83,1,0,False,False,yes,
booking-service,LIVE,PayoutRules,transferOptions,backend/booking-service/src/main/java/com/pml/booking/workflow/payout/PayoutRules.java,95,1,0,False,False,yes,
booking-service,LIVE,PayoutWorkflowImpl,manualTransfer,backend/booking-service/src/main/java/com/pml/booking/workflow/payout/PayoutWorkflowImpl.java,110,1,0,False,False,yes,
booking-service,LIVE,PayoutWorkflowImpl,decide,backend/booking-service/src/main/java/com/pml/booking/workflow/payout/PayoutWorkflowImpl.java,233,17,0,False,False,yes,
booking-service,LIVE,PayoutWorkflowImpl,requireStatus,backend/booking-service/src/main/java/com/pml/booking/workflow/payout/PayoutWorkflowImpl.java,243,9,0,False,False,yes,
booking-service,LIVE,PayoutWorkflowImpl,requireNote,backend/booking-service/src/main/java/com/pml/booking/workflow/payout/PayoutWorkflowImpl.java,253,2,0,False,False,yes,
booking-service,LIVE,PayoutWorkflowImpl,settle,backend/booking-service/src/main/java/com/pml/booking/workflow/payout/PayoutWorkflowImpl.java,65,1,0,False,False,yes,
booking-service,LIVE,PayoutWorkflowImpl,mobileMoneyTransfer,backend/booking-service/src/main/java/com/pml/booking/workflow/payout/PayoutWorkflowImpl.java,87,1,0,False,False,yes,
booking-service,LIVE,PurchaseRules,reservationIdFor,backend/booking-service/src/main/java/com/pml/booking/workflow/purchase/PurchaseRules.java,43,1,4,False,False,yes,
booking-service,LIVE,PurchaseRules,pollDelay,backend/booking-service/src/main/java/com/pml/booking/workflow/purchase/PurchaseRules.java,48,3,14,False,False,yes,
booking-service,LIVE,PurchaseRules,checkoutOptions,backend/booking-service/src/main/java/com/pml/booking/workflow/purchase/PurchaseRules.java,59,1,0,False,False,yes,
booking-service,LIVE,PurchaseRules,holdOptions,backend/booking-service/src/main/java/com/pml/booking/workflow/purchase/PurchaseRules.java,71,1,0,False,False,yes,
booking-service,LIVE,Progress,settled,backend/booking-service/src/main/java/com/pml/booking/workflow/purchase/PurchaseWorkflow.java,89,1,8,False,False,yes,
booking-service,LIVE,PurchaseWorkflowImpl,requireHeldBy,backend/booking-service/src/main/java/com/pml/booking/workflow/purchase/PurchaseWorkflowImpl.java,190,2,0,False,False,yes,
booking-service,LIVE,PurchaseWorkflowImpl,awaitVerdict,backend/booking-service/src/main/java/com/pml/booking/workflow/purchase/PurchaseWorkflowImpl.java,76,1,0,False,False,yes,
booking-service,LIVE,RefundRules,reviewEscalation,backend/booking-service/src/main/java/com/pml/booking/workflow/refund/RefundRules.java,35,1,2,False,False,yes,
booking-service,LIVE,RefundRules,pollDelay,backend/booking-service/src/main/java/com/pml/booking/workflow/refund/RefundRules.java,42,3,14,False,False,yes,
booking-service,LIVE,RefundRules,refundOptions,backend/booking-service/src/main/java/com/pml/booking/workflow/refund/RefundRules.java,50,1,0,False,False,yes,
booking-service,LIVE,RefundRules,providerOptions,backend/booking-service/src/main/java/com/pml/booking/workflow/refund/RefundRules.java,61,1,0,False,False,yes,
booking-service,LIVE,RefundWorkflowImpl,decide,backend/booking-service/src/main/java/com/pml/booking/workflow/refund/RefundWorkflowImpl.java,175,17,0,False,False,yes,
booking-service,LIVE,RefundWorkflowImpl,requirePending,backend/booking-service/src/main/java/com/pml/booking/workflow/refund/RefundWorkflowImpl.java,184,2,0,False,False,yes,
booking-service,LIVE,RefundWorkflowImpl,requireThisRefund,backend/booking-service/src/main/java/com/pml/booking/workflow/refund/RefundWorkflowImpl.java,191,2,0,False,False,yes,
booking-service,LIVE,RefundWorkflowImpl,awaitReview,backend/booking-service/src/main/java/com/pml/booking/workflow/refund/RefundWorkflowImpl.java,76,1,0,False,False,yes,
booking-service,LIVE,RefundWorkflowImpl,reviewed,backend/booking-service/src/main/java/com/pml/booking/workflow/refund/RefundWorkflowImpl.java,90,3,0,False,False,yes,
booking-service,LIVE,RefundWorkflowImpl,awaitAnswer,backend/booking-service/src/main/java/com/pml/booking/workflow/refund/RefundWorkflowImpl.java,94,1,0,False,False,yes,
catalog-service,GAP,ReferenceDataSeeder,bootstrapStatusEnums,backend/catalog-service/src/main/java/com/pml/catalog/config/ReferenceDataSeeder.java,100,1,0,False,False,no,
catalog-service,GAP,ReferenceDataSeeder,loadSeed,backend/catalog-service/src/main/java/com/pml/catalog/config/ReferenceDataSeeder.java,124,1,0,False,False,no,
catalog-service,GAP,ReferenceDataSeeder,upsert,backend/catalog-service/src/main/java/com/pml/catalog/config/ReferenceDataSeeder.java,134,2,0,False,False,no,
catalog-service,GAP,ApprovalEscalation,acknowledge,backend/catalog-service/src/main/java/com/pml/catalog/domain/model/ApprovalEscalation.java,186,2,0,False,False,no,
catalog-service,GAP,PlatformConfiguration,createDefault,backend/catalog-service/src/main/java/com/pml/catalog/domain/model/PlatformConfiguration.java,179,1,0,False,False,no,
catalog-service,GAP,InventoryMovement,getCurrentPrice,backend/catalog-service/src/main/java/com/pml/catalog/domain/model/TicketTier.java,236,3,6,False,False,no,
catalog-service,GAP,InventoryMovement,getSavings,backend/catalog-service/src/main/java/com/pml/catalog/domain/model/TicketTier.java,293,1,2,False,False,no,
catalog-service,GAP,EventAccessibility,defaults,backend/catalog-service/src/main/java/com/pml/catalog/domain/valueobject/EventAccessibility.java,68,1,0,False,False,no,
catalog-service,GAP,TimelineEvent,comment,backend/catalog-service/src/main/java/com/pml/catalog/domain/valueobject/TimelineEvent.java,254,1,0,False,False,no,
catalog-service,GAP,BookingServiceClient,soldTicketCount,backend/catalog-service/src/main/java/com/pml/catalog/infrastructure/client/BookingServiceClient.java,35,1,2,False,False,no,
catalog-service,GAP,BookingServiceClient,hasOpenPayoutRequest,backend/catalog-service/src/main/java/com/pml/catalog/infrastructure/client/BookingServiceClient.java,47,1,2,False,False,no,
catalog-service,GAP,IdentityServiceClient,checkSameOrganization,backend/catalog-service/src/main/java/com/pml/catalog/infrastructure/client/IdentityServiceClient.java,112,1,0,False,False,no,
catalog-service,GAP,SharedOrganizationResponse,noSharedOrganization,backend/catalog-service/src/main/java/com/pml/catalog/infrastructure/client/IdentityServiceClient.java,139,1,0,False,False,no,
catalog-service,GAP,AuthorizationDeniedException,notifyApproval,backend/catalog-service/src/main/java/com/pml/catalog/infrastructure/client/IdentityServiceClient.java,157,1,5,False,False,no,
catalog-service,GAP,IdentityServiceClient,checkAuthorization,backend/catalog-service/src/main/java/com/pml/catalog/infrastructure/client/IdentityServiceClient.java,44,3,0,False,False,no,
catalog-service,GAP,IdentityServiceClient,checkEventAccess,backend/catalog-service/src/main/java/com/pml/catalog/infrastructure/client/IdentityServiceClient.java,72,1,2,False,False,no,
catalog-service,GAP,CatalogCollectionRenameMigrationService,migrate,backend/catalog-service/src/main/java/com/pml/catalog/migration/CatalogCollectionRenameMigrationService.java,51,3,7,False,False,no,
catalog-service,GAP,CatalogMigrationRunner,ledger,backend/catalog-service/src/main/java/com/pml/catalog/migration/CatalogMigrationRunner.java,56,4,0,False,False,no,
catalog-service,GAP,CatalogMigrationRunner,serviceName,backend/catalog-service/src/main/java/com/pml/catalog/migration/CatalogMigrationRunner.java,71,2,0,False,False,no,
catalog-service,GAP,CatalogMigrationRunner,steps,backend/catalog-service/src/main/java/com/pml/catalog/migration/CatalogMigrationRunner.java,76,1,0,False,False,no,
catalog-service,GAP,CatalogRegistryConformanceMigrationService,migrate,backend/catalog-service/src/main/java/com/pml/catalog/migration/CatalogRegistryConformanceMigrationService.java,40,3,7,False,False,no,
catalog-service,GAP,ApprovalEscalationRepository,findByEventId,backend/catalog-service/src/main/java/com/pml/catalog/repository/ApprovalEscalationRepository.java,25,14,1,False,False,no,
catalog-service,GAP,ApprovalEscalationRepository,findAllBy,backend/catalog-service/src/main/java/com/pml/catalog/repository/ApprovalEscalationRepository.java,34,2,0,False,False,no,
catalog-service,GAP,ApprovalEscalationRepository,findByStatus,backend/catalog-service/src/main/java/com/pml/catalog/repository/ApprovalEscalationRepository.java,39,5,0,False,False,no,
catalog-service,GAP,ApprovalEscalationRepository,findActiveEscalations,backend/catalog-service/src/main/java/com/pml/catalog/repository/ApprovalEscalationRepository.java,45,1,0,False,False,no,
catalog-service,GAP,ApprovalEscalationRepository,findActiveByEscalatedTo,backend/catalog-service/src/main/java/com/pml/catalog/repository/ApprovalEscalationRepository.java,51,1,0,False,False,no,
catalog-service,GAP,ApprovalEscalationRepository,countByStatus,backend/catalog-service/src/main/java/com/pml/catalog/repository/ApprovalEscalationRepository.java,57,3,0,False,False,no,
catalog-service,GAP,ApprovalEscalationRepository,countActive,backend/catalog-service/src/main/java/com/pml/catalog/repository/ApprovalEscalationRepository.java,60,3,0,False,False,no,
catalog-service,GAP,ApprovalEscalationRepository,countActiveByEscalatedTo,backend/catalog-service/src/main/java/com/pml/catalog/repository/ApprovalEscalationRepository.java,63,1,0,False,False,no,
catalog-service,GAP,ApprovalTimelineRepository,findByEventId,backend/catalog-service/src/main/java/com/pml/catalog/repository/ApprovalTimelineRepository.java,25,14,1,False,False,no,
catalog-service,GAP,ApprovalTimelineRepository,findAllBy,backend/catalog-service/src/main/java/com/pml/catalog/repository/ApprovalTimelineRepository.java,34,2,0,False,False,no,
catalog-service,GAP,ApprovalTimelineRepository,findByCurrentStatus,backend/catalog-service/src/main/java/com/pml/catalog/repository/ApprovalTimelineRepository.java,39,1,0,False,False,no,
catalog-service,GAP,ApprovalTimelineRepository,findByOrganizerId,backend/catalog-service/src/main/java/com/pml/catalog/repository/ApprovalTimelineRepository.java,44,3,0,False,False,no,
catalog-service,GAP,ApprovalTimelineRepository,findPendingApprovalTimelines,backend/catalog-service/src/main/java/com/pml/catalog/repository/ApprovalTimelineRepository.java,50,1,0,False,False,no,
catalog-service,GAP,ApprovalTimelineRepository,findOverdueTimelines,backend/catalog-service/src/main/java/com/pml/catalog/repository/ApprovalTimelineRepository.java,56,2,0,False,False,no,
catalog-service,GAP,ApprovalTimelineRepository,findWithActiveEscalation,backend/catalog-service/src/main/java/com/pml/catalog/repository/ApprovalTimelineRepository.java,62,1,0,False,False,no,
catalog-service,GAP,ApprovalTimelineRepository,countByCurrentStatus,backend/catalog-service/src/main/java/com/pml/catalog/repository/ApprovalTimelineRepository.java,68,2,0,False,False,no,
catalog-service,GAP,ApprovalTimelineRepository,countByOrganizerId,backend/catalog-service/src/main/java/com/pml/catalog/repository/ApprovalTimelineRepository.java,70,2,0,False,False,no,
catalog-service,GAP,ApprovalTimelineRepository,countPendingApproval,backend/catalog-service/src/main/java/com/pml/catalog/repository/ApprovalTimelineRepository.java,73,1,0,False,False,no,
catalog-service,GAP,ApprovalTimelineRepository,countOverdue,backend/catalog-service/src/main/java/com/pml/catalog/repository/ApprovalTimelineRepository.java,76,3,0,False,False,no,
catalog-service,GAP,ApprovalTimelineRepository,countWithActiveEscalation,backend/catalog-service/src/main/java/com/pml/catalog/repository/ApprovalTimelineRepository.java,79,1,0,False,False,no,
catalog-service,GAP,ApprovalTimelineRepository,searchByEventTitle,backend/catalog-service/src/main/java/com/pml/catalog/repository/ApprovalTimelineRepository.java,89,1,0,False,False,no,
catalog-service,GAP,CityRepository,findAllBy,backend/catalog-service/src/main/java/com/pml/catalog/repository/CityRepository.java,21,2,0,False,False,no,
catalog-service,GAP,CityRepository,countByProvinceId,backend/catalog-service/src/main/java/com/pml/catalog/repository/CityRepository.java,24,2,0,False,False,no,
catalog-service,GAP,CityRepository,findByIsActiveTrue,backend/catalog-service/src/main/java/com/pml/catalog/repository/CityRepository.java,30,3,0,False,False,no,
catalog-service,GAP,CityRepository,findByProvinceIdAndIsActiveTrue,backend/catalog-service/src/main/java/com/pml/catalog/repository/CityRepository.java,32,1,0,False,False,no,
catalog-service,GAP,CityRepository,findByCountryAndIsActiveTrue,backend/catalog-service/src/main/java/com/pml/catalog/repository/CityRepository.java,34,2,0,False,False,no,
catalog-service,GAP,CityRepository,findByNameContainingIgnoreCaseAndIsActiveTrue,backend/catalog-service/src/main/java/com/pml/catalog/repository/CityRepository.java,36,3,0,False,False,no,
catalog-service,GAP,CityRepository,findCitiesWithEvents,backend/catalog-service/src/main/java/com/pml/catalog/repository/CityRepository.java,39,2,0,False,False,no,
catalog-service,GAP,EventCategoryRepository,findAllBy,backend/catalog-service/src/main/java/com/pml/catalog/repository/EventCategoryRepository.java,19,2,0,False,False,no,
catalog-service,GAP,EventCategoryRepository,findByIsActiveTrue,backend/catalog-service/src/main/java/com/pml/catalog/repository/EventCategoryRepository.java,25,3,0,False,False,no,
catalog-service,GAP,EventCategoryRepository,findByNameContainingIgnoreCaseAndIsActiveTrue,backend/catalog-service/src/main/java/com/pml/catalog/repository/EventCategoryRepository.java,27,3,0,False,False,no,
catalog-service,GAP,EventCategoryRepository,findPopularCategories,backend/catalog-service/src/main/java/com/pml/catalog/repository/EventCategoryRepository.java,30,2,0,False,False,no,
catalog-service,GAP,EventRepository,findByOrganizerIdAndStatus,backend/catalog-service/src/main/java/com/pml/catalog/repository/EventRepository.java,100,2,0,False,False,no,
catalog-service,GAP,EventRepository,findOverdueApprovalEvents,backend/catalog-service/src/main/java/com/pml/catalog/repository/EventRepository.java,103,2,0,False,False,no,
catalog-service,GAP,EventRepository,findApprovedNotPublishedEvents,backend/catalog-service/src/main/java/com/pml/catalog/repository/EventRepository.java,106,2,0,False,False,no,
catalog-service,GAP,EventRepository,countByOrganizerId,backend/catalog-service/src/main/java/com/pml/catalog/repository/EventRepository.java,109,2,0,False,False,no,
catalog-service,GAP,EventRepository,countByCategoryId,backend/catalog-service/src/main/java/com/pml/catalog/repository/EventRepository.java,111,1,0,False,False,no,
catalog-service,GAP,EventRepository,countByCity,backend/catalog-service/src/main/java/com/pml/catalog/repository/EventRepository.java,114,2,0,False,False,no,
catalog-service,GAP,EventRepository,findByIdAndOrganizationIdIn,backend/catalog-service/src/main/java/com/pml/catalog/repository/EventRepository.java,127,6,0,False,False,no,
catalog-service,GAP,EventRepository,findByIdAndPublishedTrueAndIsActiveTrue,backend/catalog-service/src/main/java/com/pml/catalog/repository/EventRepository.java,142,2,0,False,False,no,
catalog-service,GAP,EventRepository,findByCityFirstPage,backend/catalog-service/src/main/java/com/pml/catalog/repository/EventRepository.java,28,1,0,False,False,no,
catalog-service,GAP,EventRepository,findAllBy,backend/catalog-service/src/main/java/com/pml/catalog/repository/EventRepository.java,37,2,0,False,False,no,
catalog-service,GAP,EventRepository,findByStatus,backend/catalog-service/src/main/java/com/pml/catalog/repository/EventRepository.java,42,5,0,False,False,no,
catalog-service,GAP,EventRepository,findDraftEventsByOrganizer,backend/catalog-service/src/main/java/com/pml/catalog/repository/EventRepository.java,48,2,0,False,False,no,
catalog-service,GAP,EventRepository,findPendingApprovalEvents,backend/catalog-service/src/main/java/com/pml/catalog/repository/EventRepository.java,54,1,0,False,False,no,
catalog-service,GAP,EventRepository,findOverdueApprovalEvents,backend/catalog-service/src/main/java/com/pml/catalog/repository/EventRepository.java,60,2,0,False,False,no,
catalog-service,GAP,EventRepository,findApprovedNotPublishedEvents,backend/catalog-service/src/main/java/com/pml/catalog/repository/EventRepository.java,66,2,0,False,False,no,
catalog-service,GAP,EventRepository,countByStatus,backend/catalog-service/src/main/java/com/pml/catalog/repository/EventRepository.java,69,3,0,False,False,no,
catalog-service,GAP,EventRepository,findByPublishedTrueAndIsActiveTrue,backend/catalog-service/src/main/java/com/pml/catalog/repository/EventRepository.java,75,1,0,False,False,no,
catalog-service,GAP,EventRepository,findByEventDateTimeAfterAndPublishedTrueAndIsActiveTrue,backend/catalog-service/src/main/java/com/pml/catalog/repository/EventRepository.java,80,1,0,False,False,no,
catalog-service,GAP,EventRepository,findByCategoryIdAndPublishedTrueAndIsActiveTrue,backend/catalog-service/src/main/java/com/pml/catalog/repository/EventRepository.java,82,2,0,False,False,no,
catalog-service,GAP,EventRepository,findByCityAndPublishedTrueAndIsActiveTrue,backend/catalog-service/src/main/java/com/pml/catalog/repository/EventRepository.java,85,1,0,False,False,no,
catalog-service,GAP,EventRepository,findByEventDateTimeBetweenAndPublishedTrueAndIsActiveTrue,backend/catalog-service/src/main/java/com/pml/catalog/repository/EventRepository.java,87,1,0,False,False,no,
catalog-service,GAP,EventRepository,findByPriceRangeAndPublishedTrueAndIsActiveTrue,backend/catalog-service/src/main/java/com/pml/catalog/repository/EventRepository.java,90,1,0,False,False,no,
catalog-service,GAP,EventRepository,findByFeaturedTrueAndPublishedTrueAndIsActiveTrue,backend/catalog-service/src/main/java/com/pml/catalog/repository/EventRepository.java,92,1,0,False,False,no,
catalog-service,GAP,EventRepository,findByIsFreeEventTrueAndPublishedTrueAndIsActiveTrue,backend/catalog-service/src/main/java/com/pml/catalog/repository/EventRepository.java,94,1,0,False,False,no,
catalog-service,GAP,EventRepository,findByOrganizerId,backend/catalog-service/src/main/java/com/pml/catalog/repository/EventRepository.java,96,3,0,False,False,no,
catalog-service,GAP,EventRepository,findByStatus,backend/catalog-service/src/main/java/com/pml/catalog/repository/EventRepository.java,98,5,0,False,False,no,
catalog-service,GAP,LocationRepository,findByCityFirstPage,backend/catalog-service/src/main/java/com/pml/catalog/repository/LocationRepository.java,20,1,0,False,False,no,
catalog-service,GAP,LocationRepository,findByCountryFirstPage,backend/catalog-service/src/main/java/com/pml/catalog/repository/LocationRepository.java,23,1,0,False,False,no,
catalog-service,GAP,LocationRepository,searchLocationsFirstPage,backend/catalog-service/src/main/java/com/pml/catalog/repository/LocationRepository.java,26,1,0,False,False,no,
catalog-service,GAP,ProvinceRepository,findAllBy,backend/catalog-service/src/main/java/com/pml/catalog/repository/ProvinceRepository.java,18,2,0,False,False,no,
catalog-service,GAP,ProvinceRepository,findByIsActiveTrue,backend/catalog-service/src/main/java/com/pml/catalog/repository/ProvinceRepository.java,24,3,0,False,False,no,
catalog-service,GAP,ProvinceRepository,findByCountryAndIsActiveTrue,backend/catalog-service/src/main/java/com/pml/catalog/repository/ProvinceRepository.java,26,2,0,False,False,no,
catalog-service,GAP,ProvinceRepository,findByNameContainingIgnoreCaseAndIsActiveTrue,backend/catalog-service/src/main/java/com/pml/catalog/repository/ProvinceRepository.java,28,3,0,False,False,no,
catalog-service,GAP,ReferenceDataRepository,findByTypeAndIsActiveTrueOrderByDisplayOrderAscNameAsc,backend/catalog-service/src/main/java/com/pml/catalog/repository/ReferenceDataRepository.java,24,1,0,False,False,no,
catalog-service,GAP,ReferenceDataRepository,findByTypeOrderByDisplayOrderAscNameAsc,backend/catalog-service/src/main/java/com/pml/catalog/repository/ReferenceDataRepository.java,26,2,0,False,False,no,
catalog-service,GAP,ReferenceDataRepository,findByTypeAndCode,backend/catalog-service/src/main/java/com/pml/catalog/repository/ReferenceDataRepository.java,28,1,0,False,False,no,
catalog-service,GAP,ReferenceDataRepository,findByTypeAndParentCodeAndIsActiveTrueOrderByDisplayOrderAscNameAsc,backend/catalog-service/src/main/java/com/pml/catalog/repository/ReferenceDataRepository.java,30,1,0,False,False,no,
catalog-service,GAP,ReferenceDataRepository,findByType,backend/catalog-service/src/main/java/com/pml/catalog/repository/ReferenceDataRepository.java,35,2,0,False,False,no,
catalog-service,GAP,ReferenceDataRepository,countByType,backend/catalog-service/src/main/java/com/pml/catalog/repository/ReferenceDataRepository.java,37,1,0,False,False,no,
catalog-service,GAP,ReferenceDataRepository,normaliseMissingTransitions,backend/catalog-service/src/main/java/com/pml/catalog/repository/ReferenceDataRepository.java,50,1,0,False,False,no,
catalog-service,GAP,TicketTierRepository,findByEventIdOrderBySortOrderAsc,backend/catalog-service/src/main/java/com/pml/catalog/repository/TicketTierRepository.java,28,2,0,False,False,no,
catalog-service,GAP,TicketTierRepository,findByEventIdAndIsHiddenOrderBySortOrderAsc,backend/catalog-service/src/main/java/com/pml/catalog/repository/TicketTierRepository.java,37,3,0,False,False,no,
catalog-service,GAP,TicketTierRepository,findByEventIdAndCode,backend/catalog-service/src/main/java/com/pml/catalog/repository/TicketTierRepository.java,46,1,1,False,False,no,
catalog-service,GAP,TicketTierRepository,countByEventId,backend/catalog-service/src/main/java/com/pml/catalog/repository/TicketTierRepository.java,54,1,0,False,False,no,
catalog-service,GAP,TicketTierRepository,findByIdAndOrganizationIdIn,backend/catalog-service/src/main/java/com/pml/catalog/repository/TicketTierRepository.java,72,6,0,False,False,no,
catalog-service,GAP,TicketTierRepository,findByIdAndIsHiddenFalseAndIsActiveTrue,backend/catalog-service/src/main/java/com/pml/catalog/repository/TicketTierRepository.java,75,1,0,False,False,no,
catalog-service,GAP,OrganizationSecurityService,extractUserId,backend/catalog-service/src/main/java/com/pml/catalog/security/OrganizationSecurityService.java,99,1,0,False,False,no,
catalog-service,GAP,ApprovalEscalationService,countActive,backend/catalog-service/src/main/java/com/pml/catalog/service/ApprovalEscalationService.java,103,3,0,False,False,no,
catalog-service,GAP,ApprovalEscalationService,findById,backend/catalog-service/src/main/java/com/pml/catalog/service/ApprovalEscalationService.java,21,56,24,False,False,no,
catalog-service,GAP,ApprovalEscalationService,findByEventId,backend/catalog-service/src/main/java/com/pml/catalog/service/ApprovalEscalationService.java,26,14,1,False,False,no,
catalog-service,GAP,ApprovalEscalationService,save,backend/catalog-service/src/main/java/com/pml/catalog/service/ApprovalEscalationService.java,31,43,32,False,False,no,
catalog-service,GAP,ApprovalEscalationService,acknowledge,backend/catalog-service/src/main/java/com/pml/catalog/service/ApprovalEscalationService.java,46,2,0,False,False,no,
catalog-service,GAP,ApprovalEscalationService,createEscalation,backend/catalog-service/src/main/java/com/pml/catalog/service/ApprovalEscalationService.java,73,1,0,False,False,no,
catalog-service,GAP,ApprovalEscalationService,findActiveOffsetPagination,backend/catalog-service/src/main/java/com/pml/catalog/service/ApprovalEscalationService.java,85,1,0,False,False,no,
catalog-service,GAP,ApprovalEscalationService,findByAdminOffsetPagination,backend/catalog-service/src/main/java/com/pml/catalog/service/ApprovalEscalationService.java,90,1,0,False,False,no,
catalog-service,GAP,ApprovalTimelineService,findByEventId,backend/catalog-service/src/main/java/com/pml/catalog/service/ApprovalTimelineService.java,21,14,1,False,False,no,
catalog-service,GAP,ApprovalTimelineService,save,backend/catalog-service/src/main/java/com/pml/catalog/service/ApprovalTimelineService.java,26,43,32,False,False,no,
catalog-service,GAP,ApprovalTimelineService,findTimelinesOffsetPagination,backend/catalog-service/src/main/java/com/pml/catalog/service/ApprovalTimelineService.java,35,1,0,False,False,no,
catalog-service,GAP,ApprovalTimelineService,findByOrganizerOffsetPagination,backend/catalog-service/src/main/java/com/pml/catalog/service/ApprovalTimelineService.java,41,1,0,False,False,no,
catalog-service,GAP,ApprovalTimelineService,findPendingOffsetPagination,backend/catalog-service/src/main/java/com/pml/catalog/service/ApprovalTimelineService.java,47,1,0,False,False,no,
catalog-service,GAP,ApprovalTimelineService,findOverdueOffsetPagination,backend/catalog-service/src/main/java/com/pml/catalog/service/ApprovalTimelineService.java,52,1,0,False,False,no,
catalog-service,GAP,ApprovalWorkflowService,addComment,backend/catalog-service/src/main/java/com/pml/catalog/service/ApprovalWorkflowService.java,27,1,0,False,False,no,
catalog-service,GAP,CityService,findById,backend/catalog-service/src/main/java/com/pml/catalog/service/CityService.java,16,56,24,False,False,no,
catalog-service,GAP,CityService,findAllCities,backend/catalog-service/src/main/java/com/pml/catalog/service/CityService.java,28,3,0,False,False,no,
catalog-service,GAP,CityService,findCitiesByProvince,backend/catalog-service/src/main/java/com/pml/catalog/service/CityService.java,30,3,0,False,False,no,
catalog-service,GAP,CityService,findCitiesByCountry,backend/catalog-service/src/main/java/com/pml/catalog/service/CityService.java,32,2,0,False,False,no,
catalog-service,GAP,CityService,searchCities,backend/catalog-service/src/main/java/com/pml/catalog/service/CityService.java,34,2,0,False,False,no,
catalog-service,GAP,CityService,findCitiesWithEvents,backend/catalog-service/src/main/java/com/pml/catalog/service/CityService.java,36,2,0,False,False,no,
catalog-service,GAP,CityService,countByProvinceId,backend/catalog-service/src/main/java/com/pml/catalog/service/CityService.java,49,2,0,False,False,no,
catalog-service,GAP,EventAccessibilityService,updateAccessibility,backend/catalog-service/src/main/java/com/pml/catalog/service/EventAccessibilityService.java,24,1,0,False,False,no,
catalog-service,GAP,EventCategoryService,findById,backend/catalog-service/src/main/java/com/pml/catalog/service/EventCategoryService.java,16,56,24,False,False,no,
catalog-service,GAP,EventCategoryService,createCategory,backend/catalog-service/src/main/java/com/pml/catalog/service/EventCategoryService.java,18,1,0,False,False,no,
catalog-service,GAP,EventCategoryService,updateCategory,backend/catalog-service/src/main/java/com/pml/catalog/service/EventCategoryService.java,20,1,0,False,False,no,
catalog-service,GAP,EventCategoryService,deleteCategory,backend/catalog-service/src/main/java/com/pml/catalog/service/EventCategoryService.java,22,1,0,False,False,no,
catalog-service,GAP,EventCategoryService,activateCategory,backend/catalog-service/src/main/java/com/pml/catalog/service/EventCategoryService.java,27,1,0,False,False,no,
catalog-service,GAP,EventCategoryService,deactivateCategory,backend/catalog-service/src/main/java/com/pml/catalog/service/EventCategoryService.java,32,1,0,False,False,no,
catalog-service,GAP,EventCategoryService,findAllCategories,backend/catalog-service/src/main/java/com/pml/catalog/service/EventCategoryService.java,38,2,0,False,False,no,
catalog-service,GAP,EventCategoryService,findActiveCategories,backend/catalog-service/src/main/java/com/pml/catalog/service/EventCategoryService.java,40,3,0,False,False,no,
catalog-service,GAP,EventCategoryService,searchCategories,backend/catalog-service/src/main/java/com/pml/catalog/service/EventCategoryService.java,42,2,0,False,False,no,
catalog-service,GAP,EventCategoryService,findPopularCategories,backend/catalog-service/src/main/java/com/pml/catalog/service/EventCategoryService.java,44,2,0,False,False,no,
catalog-service,GAP,EventLifecycleService,getEventLifecycle,backend/catalog-service/src/main/java/com/pml/catalog/service/EventLifecycleService.java,21,1,2,False,False,no,
catalog-service,GAP,EventLifecycleService,getAllowedStatusTransitions,backend/catalog-service/src/main/java/com/pml/catalog/service/EventLifecycleService.java,30,1,2,False,False,no,
catalog-service,GAP,EventLifecycleService,getAllowedTransitionsForStatus,backend/catalog-service/src/main/java/com/pml/catalog/service/EventLifecycleService.java,39,3,0,False,False,no,
catalog-service,GAP,EventService,findAllEvents,backend/catalog-service/src/main/java/com/pml/catalog/service/EventService.java,100,1,0,False,False,no,
catalog-service,GAP,EventService,findPublishedEvents,backend/catalog-service/src/main/java/com/pml/catalog/service/EventService.java,102,3,0,False,False,no,
catalog-service,GAP,EventService,findUpcomingEvents,backend/catalog-service/src/main/java/com/pml/catalog/service/EventService.java,106,2,0,False,False,no,
catalog-service,GAP,EventService,findEventsByCategory,backend/catalog-service/src/main/java/com/pml/catalog/service/EventService.java,108,2,0,False,False,no,
catalog-service,GAP,EventService,findEventsByCity,backend/catalog-service/src/main/java/com/pml/catalog/service/EventService.java,110,2,0,False,False,no,
catalog-service,GAP,EventService,findEventsByDateRange,backend/catalog-service/src/main/java/com/pml/catalog/service/EventService.java,112,2,0,False,False,no,
catalog-service,GAP,EventService,findEventsByPriceRange,backend/catalog-service/src/main/java/com/pml/catalog/service/EventService.java,114,2,0,False,False,no,
catalog-service,GAP,EventService,findFeaturedEvents,backend/catalog-service/src/main/java/com/pml/catalog/service/EventService.java,116,2,0,False,False,no,
catalog-service,GAP,EventService,findFreeEvents,backend/catalog-service/src/main/java/com/pml/catalog/service/EventService.java,118,2,0,False,False,no,
catalog-service,GAP,EventService,findEventsByOrganizer,backend/catalog-service/src/main/java/com/pml/catalog/service/EventService.java,120,4,0,False,False,no,
catalog-service,GAP,EventService,findEventsByStatus,backend/catalog-service/src/main/java/com/pml/catalog/service/EventService.java,122,4,0,False,False,no,
catalog-service,GAP,EventService,findDraftEventsByOrganizer,backend/catalog-service/src/main/java/com/pml/catalog/service/EventService.java,124,2,0,False,False,no,
catalog-service,GAP,EventService,findPendingApprovalEvents,backend/catalog-service/src/main/java/com/pml/catalog/service/EventService.java,126,1,0,False,False,no,
catalog-service,GAP,EventService,findOverdueApprovalEvents,backend/catalog-service/src/main/java/com/pml/catalog/service/EventService.java,128,2,0,False,False,no,
catalog-service,GAP,EventService,findApprovedNotPublishedEvents,backend/catalog-service/src/main/java/com/pml/catalog/service/EventService.java,130,2,0,False,False,no,
catalog-service,GAP,EventService,findCancelledEvents,backend/catalog-service/src/main/java/com/pml/catalog/service/EventService.java,132,1,0,False,False,no,
catalog-service,GAP,EventService,findCompletedEvents,backend/catalog-service/src/main/java/com/pml/catalog/service/EventService.java,134,1,0,False,False,no,
catalog-service,GAP,EventService,countAll,backend/catalog-service/src/main/java/com/pml/catalog/service/EventService.java,140,1,0,False,False,no,
catalog-service,GAP,EventService,countByOrganizer,backend/catalog-service/src/main/java/com/pml/catalog/service/EventService.java,142,2,0,False,False,no,
catalog-service,GAP,EventService,countByCategory,backend/catalog-service/src/main/java/com/pml/catalog/service/EventService.java,144,2,0,False,False,no,
catalog-service,GAP,EventService,countByCity,backend/catalog-service/src/main/java/com/pml/catalog/service/EventService.java,146,2,0,False,False,no,
catalog-service,GAP,EventService,countByStatus,backend/catalog-service/src/main/java/com/pml/catalog/service/EventService.java,148,3,0,False,False,no,
catalog-service,GAP,EventService,findById,backend/catalog-service/src/main/java/com/pml/catalog/service/EventService.java,20,56,24,False,False,no,
catalog-service,GAP,EventService,findVisibleById,backend/catalog-service/src/main/java/com/pml/catalog/service/EventService.java,30,3,1,False,False,no,
catalog-service,GAP,EventService,cancelEventWithReason,backend/catalog-service/src/main/java/com/pml/catalog/service/EventService.java,56,2,3,False,False,no,
catalog-service,GAP,EventService,cancelEventWithDetails,backend/catalog-service/src/main/java/com/pml/catalog/service/EventService.java,61,1,1,False,False,no,
catalog-service,GAP,EventService,setEventFeatured,backend/catalog-service/src/main/java/com/pml/catalog/service/EventService.java,71,1,0,False,False,no,
catalog-service,GAP,EventService,sendPublishReminder,backend/catalog-service/src/main/java/com/pml/catalog/service/EventService.java,81,2,0,False,False,no,
catalog-service,GAP,EventService,deleteEventWithReason,backend/catalog-service/src/main/java/com/pml/catalog/service/EventService.java,94,1,0,False,False,no,
catalog-service,GAP,InventoryService,releaseReservedInventory,backend/catalog-service/src/main/java/com/pml/catalog/service/InventoryService.java,59,1,6,False,False,no,
catalog-service,GAP,InventoryService,commitReservedToSold,backend/catalog-service/src/main/java/com/pml/catalog/service/InventoryService.java,72,1,4,False,False,no,
catalog-service,GAP,InventoryService,restoreSoldInventory,backend/catalog-service/src/main/java/com/pml/catalog/service/InventoryService.java,85,1,0,False,False,no,
catalog-service,GAP,LocationService,findById,backend/catalog-service/src/main/java/com/pml/catalog/service/LocationService.java,19,56,24,False,False,no,
catalog-service,GAP,LocationService,findAllLocations,backend/catalog-service/src/main/java/com/pml/catalog/service/LocationService.java,25,1,0,False,False,no,
catalog-service,GAP,LocationService,findLocationsByCity,backend/catalog-service/src/main/java/com/pml/catalog/service/LocationService.java,27,1,0,False,False,no,
catalog-service,GAP,LocationService,findLocationsByCountry,backend/catalog-service/src/main/java/com/pml/catalog/service/LocationService.java,29,1,0,False,False,no,
catalog-service,GAP,LocationService,findNearbyLocations,backend/catalog-service/src/main/java/com/pml/catalog/service/LocationService.java,33,1,0,False,False,no,
catalog-service,GAP,PlatformConfigurationService,updateConfiguration,backend/catalog-service/src/main/java/com/pml/catalog/service/PlatformConfigurationService.java,24,1,0,False,False,no,
catalog-service,GAP,ProvinceService,findById,backend/catalog-service/src/main/java/com/pml/catalog/service/ProvinceService.java,16,56,24,False,False,no,
catalog-service,GAP,ProvinceService,findAllProvinces,backend/catalog-service/src/main/java/com/pml/catalog/service/ProvinceService.java,28,3,0,False,False,no,
catalog-service,GAP,ProvinceService,findProvincesByCountry,backend/catalog-service/src/main/java/com/pml/catalog/service/ProvinceService.java,30,2,0,False,False,no,
catalog-service,GAP,ProvinceService,searchProvinces,backend/catalog-service/src/main/java/com/pml/catalog/service/ProvinceService.java,32,2,0,False,False,no,
catalog-service,GAP,ReferenceDataService,findById,backend/catalog-service/src/main/java/com/pml/catalog/service/ReferenceDataService.java,18,56,24,False,False,no,
catalog-service,GAP,ReferenceDataService,findByType,backend/catalog-service/src/main/java/com/pml/catalog/service/ReferenceDataService.java,21,2,0,False,False,no,
catalog-service,GAP,ReferenceDataService,findByCode,backend/catalog-service/src/main/java/com/pml/catalog/service/ReferenceDataService.java,23,1,0,False,False,no,
catalog-service,GAP,ReferenceDataService,findByParent,backend/catalog-service/src/main/java/com/pml/catalog/service/ReferenceDataService.java,26,1,0,False,False,no,
catalog-service,GAP,ReferenceDataService,findAdmin,backend/catalog-service/src/main/java/com/pml/catalog/service/ReferenceDataService.java,28,1,0,False,False,no,
catalog-service,GAP,ReferenceDataService,update,backend/catalog-service/src/main/java/com/pml/catalog/service/ReferenceDataService.java,34,7,0,False,False,no,
catalog-service,GAP,ReferenceDataService,delete,backend/catalog-service/src/main/java/com/pml/catalog/service/ReferenceDataService.java,37,3,1,False,False,no,
catalog-service,GAP,ReferenceDataService,setActive,backend/catalog-service/src/main/java/com/pml/catalog/service/ReferenceDataService.java,39,17,7,False,False,no,
catalog-service,GAP,ReferenceMetadataValidator,requiredKeys,backend/catalog-service/src/main/java/com/pml/catalog/service/ReferenceMetadataValidator.java,61,3,4,False,False,no,
catalog-service,GAP,TicketTierService,findVisibleToCaller,backend/catalog-service/src/main/java/com/pml/catalog/service/TicketTierService.java,103,1,7,False,False,no,
catalog-service,GAP,TicketTierService,findForCaller,backend/catalog-service/src/main/java/com/pml/catalog/service/TicketTierService.java,109,1,7,False,False,no,
catalog-service,GAP,TicketTierService,findAvailableForPurchase,backend/catalog-service/src/main/java/com/pml/catalog/service/TicketTierService.java,112,1,2,False,False,no,
catalog-service,GAP,TicketTierService,findById,backend/catalog-service/src/main/java/com/pml/catalog/service/TicketTierService.java,35,56,24,False,False,no,
catalog-service,GAP,TicketTierService,findByEventId,backend/catalog-service/src/main/java/com/pml/catalog/service/TicketTierService.java,44,14,1,False,False,no,
catalog-service,GAP,TicketTierService,createTier,backend/catalog-service/src/main/java/com/pml/catalog/service/TicketTierService.java,53,1,2,False,False,no,
catalog-service,GAP,TicketTierService,updateTier,backend/catalog-service/src/main/java/com/pml/catalog/service/TicketTierService.java,62,1,7,False,False,no,
catalog-service,GAP,TicketTierService,deleteTier,backend/catalog-service/src/main/java/com/pml/catalog/service/TicketTierService.java,70,1,1,False,False,no,
catalog-service,GAP,TicketTierService,reorderTiers,backend/catalog-service/src/main/java/com/pml/catalog/service/TicketTierService.java,79,1,0,False,False,no,
catalog-service,GAP,TicketTierService,activateTier,backend/catalog-service/src/main/java/com/pml/catalog/service/TicketTierService.java,89,1,1,False,False,no,
catalog-service,GAP,TicketTierService,deactivateTier,backend/catalog-service/src/main/java/com/pml/catalog/service/TicketTierService.java,97,1,1,False,False,no,
catalog-service,GAP,ApprovalEscalationServiceImpl,findActiveOffsetPagination,backend/catalog-service/src/main/java/com/pml/catalog/service/impl/ApprovalEscalationServiceImpl.java,114,1,0,False,False,no,
catalog-service,GAP,ApprovalEscalationServiceImpl,findByAdminOffsetPagination,backend/catalog-service/src/main/java/com/pml/catalog/service/impl/ApprovalEscalationServiceImpl.java,126,1,0,False,False,no,
catalog-service,GAP,ApprovalEscalationServiceImpl,countActive,backend/catalog-service/src/main/java/com/pml/catalog/service/impl/ApprovalEscalationServiceImpl.java,141,3,0,False,False,no,
catalog-service,GAP,ApprovalEscalationServiceImpl,findById,backend/catalog-service/src/main/java/com/pml/catalog/service/impl/ApprovalEscalationServiceImpl.java,42,56,24,False,False,no,
catalog-service,GAP,ApprovalEscalationServiceImpl,findByEventId,backend/catalog-service/src/main/java/com/pml/catalog/service/impl/ApprovalEscalationServiceImpl.java,47,14,1,False,False,no,
catalog-service,GAP,ApprovalEscalationServiceImpl,save,backend/catalog-service/src/main/java/com/pml/catalog/service/impl/ApprovalEscalationServiceImpl.java,52,43,32,False,False,no,
catalog-service,GAP,ApprovalEscalationServiceImpl,acknowledge,backend/catalog-service/src/main/java/com/pml/catalog/service/impl/ApprovalEscalationServiceImpl.java,62,2,0,False,False,no,
catalog-service,GAP,ApprovalEscalationServiceImpl,createEscalation,backend/catalog-service/src/main/java/com/pml/catalog/service/impl/ApprovalEscalationServiceImpl.java,88,1,0,False,False,no,
catalog-service,GAP,ApprovalTimelineServiceImpl,findOverdueOffsetPagination,backend/catalog-service/src/main/java/com/pml/catalog/service/impl/ApprovalTimelineServiceImpl.java,103,1,0,False,False,no,
catalog-service,GAP,ApprovalTimelineServiceImpl,findByEventId,backend/catalog-service/src/main/java/com/pml/catalog/service/impl/ApprovalTimelineServiceImpl.java,30,14,1,False,False,no,
catalog-service,GAP,ApprovalTimelineServiceImpl,save,backend/catalog-service/src/main/java/com/pml/catalog/service/impl/ApprovalTimelineServiceImpl.java,35,43,32,False,False,no,
catalog-service,GAP,ApprovalTimelineServiceImpl,findTimelinesOffsetPagination,backend/catalog-service/src/main/java/com/pml/catalog/service/impl/ApprovalTimelineServiceImpl.java,44,1,0,False,False,no,
catalog-service,GAP,ApprovalTimelineServiceImpl,findByOrganizerOffsetPagination,backend/catalog-service/src/main/java/com/pml/catalog/service/impl/ApprovalTimelineServiceImpl.java,77,1,0,False,False,no,
catalog-service,GAP,ApprovalTimelineServiceImpl,findPendingOffsetPagination,backend/catalog-service/src/main/java/com/pml/catalog/service/impl/ApprovalTimelineServiceImpl.java,91,1,0,False,False,no,
catalog-service,GAP,ApprovalWorkflowServiceImpl,addComment,backend/catalog-service/src/main/java/com/pml/catalog/service/impl/ApprovalWorkflowServiceImpl.java,40,1,0,False,False,no,
catalog-service,GAP,CityServiceImpl,findById,backend/catalog-service/src/main/java/com/pml/catalog/service/impl/CityServiceImpl.java,30,56,24,False,False,no,
catalog-service,GAP,CityServiceImpl,findAllCities,backend/catalog-service/src/main/java/com/pml/catalog/service/impl/CityServiceImpl.java,66,3,0,False,False,no,
catalog-service,GAP,CityServiceImpl,findCitiesByProvince,backend/catalog-service/src/main/java/com/pml/catalog/service/impl/CityServiceImpl.java,71,3,0,False,False,no,
catalog-service,GAP,CityServiceImpl,findCitiesByCountry,backend/catalog-service/src/main/java/com/pml/catalog/service/impl/CityServiceImpl.java,76,2,0,False,False,no,
catalog-service,GAP,CityServiceImpl,searchCities,backend/catalog-service/src/main/java/com/pml/catalog/service/impl/CityServiceImpl.java,81,2,0,False,False,no,
catalog-service,GAP,CityServiceImpl,findCitiesWithEvents,backend/catalog-service/src/main/java/com/pml/catalog/service/impl/CityServiceImpl.java,86,2,0,False,False,no,
catalog-service,GAP,CityServiceImpl,countByProvinceId,backend/catalog-service/src/main/java/com/pml/catalog/service/impl/CityServiceImpl.java,95,2,0,False,False,no,
catalog-service,GAP,EventAccessibilityServiceImpl,eventVisibleToCaller,backend/catalog-service/src/main/java/com/pml/catalog/service/impl/EventAccessibilityServiceImpl.java,43,1,0,False,False,no,
catalog-service,GAP,EventAccessibilityServiceImpl,updateAccessibility,backend/catalog-service/src/main/java/com/pml/catalog/service/impl/EventAccessibilityServiceImpl.java,53,1,0,False,False,no,
catalog-service,GAP,EventCategoryServiceImpl,searchCategories,backend/catalog-service/src/main/java/com/pml/catalog/service/impl/EventCategoryServiceImpl.java,104,2,0,False,False,no,
catalog-service,GAP,EventCategoryServiceImpl,findPopularCategories,backend/catalog-service/src/main/java/com/pml/catalog/service/impl/EventCategoryServiceImpl.java,109,2,0,False,False,no,
catalog-service,GAP,EventCategoryServiceImpl,findById,backend/catalog-service/src/main/java/com/pml/catalog/service/impl/EventCategoryServiceImpl.java,30,56,24,False,False,no,
catalog-service,GAP,EventCategoryServiceImpl,createCategory,backend/catalog-service/src/main/java/com/pml/catalog/service/impl/EventCategoryServiceImpl.java,35,1,0,False,False,no,
catalog-service,GAP,EventCategoryServiceImpl,updateCategory,backend/catalog-service/src/main/java/com/pml/catalog/service/impl/EventCategoryServiceImpl.java,45,1,0,False,False,no,
catalog-service,GAP,EventCategoryServiceImpl,deleteCategory,backend/catalog-service/src/main/java/com/pml/catalog/service/impl/EventCategoryServiceImpl.java,59,1,0,False,False,no,
catalog-service,GAP,EventCategoryServiceImpl,activateCategory,backend/catalog-service/src/main/java/com/pml/catalog/service/impl/EventCategoryServiceImpl.java,64,1,0,False,False,no,
catalog-service,GAP,EventCategoryServiceImpl,deactivateCategory,backend/catalog-service/src/main/java/com/pml/catalog/service/impl/EventCategoryServiceImpl.java,77,1,0,False,False,no,
catalog-service,GAP,EventCategoryServiceImpl,findAllCategories,backend/catalog-service/src/main/java/com/pml/catalog/service/impl/EventCategoryServiceImpl.java,94,2,0,False,False,no,
catalog-service,GAP,EventCategoryServiceImpl,findActiveCategories,backend/catalog-service/src/main/java/com/pml/catalog/service/impl/EventCategoryServiceImpl.java,99,3,0,False,False,no,
catalog-service,GAP,EventLifecycleServiceImpl,buildLifecycleWithTimeline,backend/catalog-service/src/main/java/com/pml/catalog/service/impl/EventLifecycleServiceImpl.java,117,1,0,False,False,no,
catalog-service,GAP,EventServiceImpl,setEventFeatured,backend/catalog-service/src/main/java/com/pml/catalog/service/impl/EventServiceImpl.java,293,1,0,False,False,no,
catalog-service,GAP,EventServiceImpl,sendPublishReminder,backend/catalog-service/src/main/java/com/pml/catalog/service/impl/EventServiceImpl.java,308,2,0,False,False,no,
catalog-service,GAP,EventServiceImpl,deleteEventWithReason,backend/catalog-service/src/main/java/com/pml/catalog/service/impl/EventServiceImpl.java,432,1,0,False,False,no,
catalog-service,GAP,EventServiceImpl,findAllEvents,backend/catalog-service/src/main/java/com/pml/catalog/service/impl/EventServiceImpl.java,468,1,0,False,False,no,
catalog-service,GAP,EventServiceImpl,findPublishedEvents,backend/catalog-service/src/main/java/com/pml/catalog/service/impl/EventServiceImpl.java,473,3,0,False,False,no,
catalog-service,GAP,EventServiceImpl,findUpcomingEvents,backend/catalog-service/src/main/java/com/pml/catalog/service/impl/EventServiceImpl.java,483,2,0,False,False,no,
catalog-service,GAP,EventServiceImpl,findEventsByCategory,backend/catalog-service/src/main/java/com/pml/catalog/service/impl/EventServiceImpl.java,488,2,0,False,False,no,
catalog-service,GAP,EventServiceImpl,findEventsByCity,backend/catalog-service/src/main/java/com/pml/catalog/service/impl/EventServiceImpl.java,493,2,0,False,False,no,
catalog-service,GAP,EventServiceImpl,findEventsByDateRange,backend/catalog-service/src/main/java/com/pml/catalog/service/impl/EventServiceImpl.java,498,2,0,False,False,no,
catalog-service,GAP,EventServiceImpl,findEventsByPriceRange,backend/catalog-service/src/main/java/com/pml/catalog/service/impl/EventServiceImpl.java,503,2,0,False,False,no,
catalog-service,GAP,EventServiceImpl,findFeaturedEvents,backend/catalog-service/src/main/java/com/pml/catalog/service/impl/EventServiceImpl.java,508,2,0,False,False,no,
catalog-service,GAP,EventServiceImpl,findFreeEvents,backend/catalog-service/src/main/java/com/pml/catalog/service/impl/EventServiceImpl.java,513,2,0,False,False,no,
catalog-service,GAP,EventServiceImpl,findEventsByOrganizer,backend/catalog-service/src/main/java/com/pml/catalog/service/impl/EventServiceImpl.java,518,4,0,False,False,no,
catalog-service,GAP,EventServiceImpl,findEventsByStatus,backend/catalog-service/src/main/java/com/pml/catalog/service/impl/EventServiceImpl.java,523,4,0,False,False,no,
catalog-service,GAP,EventServiceImpl,findDraftEventsByOrganizer,backend/catalog-service/src/main/java/com/pml/catalog/service/impl/EventServiceImpl.java,528,2,0,False,False,no,
catalog-service,GAP,EventServiceImpl,findPendingApprovalEvents,backend/catalog-service/src/main/java/com/pml/catalog/service/impl/EventServiceImpl.java,533,1,0,False,False,no,
catalog-service,GAP,EventServiceImpl,findOverdueApprovalEvents,backend/catalog-service/src/main/java/com/pml/catalog/service/impl/EventServiceImpl.java,538,2,0,False,False,no,
catalog-service,GAP,EventServiceImpl,findApprovedNotPublishedEvents,backend/catalog-service/src/main/java/com/pml/catalog/service/impl/EventServiceImpl.java,543,2,0,False,False,no,
catalog-service,GAP,EventServiceImpl,findCancelledEvents,backend/catalog-service/src/main/java/com/pml/catalog/service/impl/EventServiceImpl.java,548,1,0,False,False,no,
catalog-service,GAP,EventServiceImpl,findCompletedEvents,backend/catalog-service/src/main/java/com/pml/catalog/service/impl/EventServiceImpl.java,553,1,0,False,False,no,
catalog-service,GAP,EventServiceImpl,countAll,backend/catalog-service/src/main/java/com/pml/catalog/service/impl/EventServiceImpl.java,562,1,0,False,False,no,
catalog-service,GAP,EventServiceImpl,countByOrganizer,backend/catalog-service/src/main/java/com/pml/catalog/service/impl/EventServiceImpl.java,567,2,0,False,False,no,
catalog-service,GAP,EventServiceImpl,countByCategory,backend/catalog-service/src/main/java/com/pml/catalog/service/impl/EventServiceImpl.java,572,2,0,False,False,no,
catalog-service,GAP,EventServiceImpl,countByCity,backend/catalog-service/src/main/java/com/pml/catalog/service/impl/EventServiceImpl.java,577,2,0,False,False,no,
catalog-service,GAP,EventServiceImpl,countByStatus,backend/catalog-service/src/main/java/com/pml/catalog/service/impl/EventServiceImpl.java,582,3,0,False,False,no,
catalog-service,GAP,EventServiceImpl,findById,backend/catalog-service/src/main/java/com/pml/catalog/service/impl/EventServiceImpl.java,60,56,24,False,False,no,
catalog-service,GAP,ExportServiceImpl,generateExport,backend/catalog-service/src/main/java/com/pml/catalog/service/impl/ExportServiceImpl.java,114,2,0,False,False,no,
catalog-service,GAP,ExportServiceImpl,generateCsv,backend/catalog-service/src/main/java/com/pml/catalog/service/impl/ExportServiceImpl.java,144,2,0,False,False,no,
catalog-service,GAP,ExportServiceImpl,generateJson,backend/catalog-service/src/main/java/com/pml/catalog/service/impl/ExportServiceImpl.java,172,1,0,False,False,no,
catalog-service,GAP,ExportServiceImpl,generateExcel,backend/catalog-service/src/main/java/com/pml/catalog/service/impl/ExportServiceImpl.java,192,1,0,False,False,no,
catalog-service,GAP,ExportServiceImpl,generatePdf,backend/catalog-service/src/main/java/com/pml/catalog/service/impl/ExportServiceImpl.java,208,1,0,False,False,no,
catalog-service,GAP,ExportServiceImpl,eventToMap,backend/catalog-service/src/main/java/com/pml/catalog/service/impl/ExportServiceImpl.java,241,1,0,False,False,no,
catalog-service,GAP,ExportServiceImpl,getFileExtension,backend/catalog-service/src/main/java/com/pml/catalog/service/impl/ExportServiceImpl.java,265,1,0,False,False,no,
catalog-service,GAP,ExportServiceImpl,escapeCsv,backend/catalog-service/src/main/java/com/pml/catalog/service/impl/ExportServiceImpl.java,277,6,0,False,False,no,
catalog-service,GAP,ExportServiceImpl,findEventsByFilter,backend/catalog-service/src/main/java/com/pml/catalog/service/impl/ExportServiceImpl.java,88,1,0,False,False,no,
catalog-service,GAP,InventoryServiceImpl,restoreSoldInventory,backend/catalog-service/src/main/java/com/pml/catalog/service/impl/InventoryServiceImpl.java,214,1,0,False,False,no,
catalog-service,GAP,LocationServiceImpl,findById,backend/catalog-service/src/main/java/com/pml/catalog/service/impl/LocationServiceImpl.java,31,56,24,False,False,no,
catalog-service,GAP,LocationServiceImpl,findAllLocations,backend/catalog-service/src/main/java/com/pml/catalog/service/impl/LocationServiceImpl.java,40,1,0,False,False,no,
catalog-service,GAP,LocationServiceImpl,findLocationsByCity,backend/catalog-service/src/main/java/com/pml/catalog/service/impl/LocationServiceImpl.java,45,1,0,False,False,no,
catalog-service,GAP,LocationServiceImpl,findLocationsByCountry,backend/catalog-service/src/main/java/com/pml/catalog/service/impl/LocationServiceImpl.java,50,1,0,False,False,no,
catalog-service,GAP,LocationServiceImpl,findNearbyLocations,backend/catalog-service/src/main/java/com/pml/catalog/service/impl/LocationServiceImpl.java,60,1,0,False,False,no,
catalog-service,GAP,PlatformConfigurationServiceImpl,updateConfiguration,backend/catalog-service/src/main/java/com/pml/catalog/service/impl/PlatformConfigurationServiceImpl.java,30,1,0,False,False,no,
catalog-service,GAP,ProvinceServiceImpl,findById,backend/catalog-service/src/main/java/com/pml/catalog/service/impl/ProvinceServiceImpl.java,30,56,24,False,False,no,
catalog-service,GAP,ProvinceServiceImpl,findAllProvinces,backend/catalog-service/src/main/java/com/pml/catalog/service/impl/ProvinceServiceImpl.java,65,3,0,False,False,no,
catalog-service,GAP,ProvinceServiceImpl,findProvincesByCountry,backend/catalog-service/src/main/java/com/pml/catalog/service/impl/ProvinceServiceImpl.java,70,2,0,False,False,no,
catalog-service,GAP,ProvinceServiceImpl,searchProvinces,backend/catalog-service/src/main/java/com/pml/catalog/service/impl/ProvinceServiceImpl.java,75,2,0,False,False,no,
catalog-service,GAP,ReferenceDataServiceImpl,update,backend/catalog-service/src/main/java/com/pml/catalog/service/impl/ReferenceDataServiceImpl.java,119,7,0,False,False,no,
catalog-service,GAP,ReferenceDataServiceImpl,delete,backend/catalog-service/src/main/java/com/pml/catalog/service/impl/ReferenceDataServiceImpl.java,161,3,1,False,False,no,
catalog-service,GAP,ReferenceDataServiceImpl,setActive,backend/catalog-service/src/main/java/com/pml/catalog/service/impl/ReferenceDataServiceImpl.java,185,17,7,False,False,no,
catalog-service,GAP,ReferenceDataServiceImpl,validateWorkflowRules,backend/catalog-service/src/main/java/com/pml/catalog/service/impl/ReferenceDataServiceImpl.java,205,2,0,False,False,no,
catalog-service,GAP,ReferenceDataServiceImpl,invalidateSemanticCache,backend/catalog-service/src/main/java/com/pml/catalog/service/impl/ReferenceDataServiceImpl.java,287,4,0,False,False,no,
catalog-service,GAP,ReferenceDataServiceImpl,findById,backend/catalog-service/src/main/java/com/pml/catalog/service/impl/ReferenceDataServiceImpl.java,64,56,24,False,False,no,
catalog-service,GAP,ReferenceDataServiceImpl,findByType,backend/catalog-service/src/main/java/com/pml/catalog/service/impl/ReferenceDataServiceImpl.java,69,2,0,False,False,no,
catalog-service,GAP,ReferenceDataServiceImpl,findByCode,backend/catalog-service/src/main/java/com/pml/catalog/service/impl/ReferenceDataServiceImpl.java,76,1,0,False,False,no,
catalog-service,GAP,ReferenceDataServiceImpl,findByParent,backend/catalog-service/src/main/java/com/pml/catalog/service/impl/ReferenceDataServiceImpl.java,81,1,0,False,False,no,
catalog-service,GAP,ReferenceDataServiceImpl,findAdmin,backend/catalog-service/src/main/java/com/pml/catalog/service/impl/ReferenceDataServiceImpl.java,86,1,0,False,False,no,
catalog-service,GAP,TicketTierServiceImpl,findById,backend/catalog-service/src/main/java/com/pml/catalog/service/impl/TicketTierServiceImpl.java,127,56,24,False,False,no,
catalog-service,GAP,TicketTierServiceImpl,findByEventId,backend/catalog-service/src/main/java/com/pml/catalog/service/impl/TicketTierServiceImpl.java,132,14,1,False,False,no,
catalog-service,GAP,TicketTierServiceImpl,reorderTiers,backend/catalog-service/src/main/java/com/pml/catalog/service/impl/TicketTierServiceImpl.java,304,1,0,False,False,no,
catalog-service,GAP,TicketTierServiceImpl,activateTier,backend/catalog-service/src/main/java/com/pml/catalog/service/impl/TicketTierServiceImpl.java,325,1,1,False,False,no,
catalog-service,GAP,TicketTierServiceImpl,deactivateTier,backend/catalog-service/src/main/java/com/pml/catalog/service/impl/TicketTierServiceImpl.java,337,1,1,False,False,no,
catalog-service,GAP,Result,normaliseTransitions,backend/catalog-service/src/main/java/com/pml/catalog/service/referencedata/ReferenceDataBootstrapper.java,104,1,0,False,False,no,
catalog-service,GAP,Result,seed,backend/catalog-service/src/main/java/com/pml/catalog/service/referencedata/ReferenceDataBootstrapper.java,114,2,29,False,False,no,
catalog-service,GAP,Result,insertIfAbsent,backend/catalog-service/src/main/java/com/pml/catalog/service/referencedata/ReferenceDataBootstrapper.java,131,1,0,False,False,no,
catalog-service,GAP,Result,derive,backend/catalog-service/src/main/java/com/pml/catalog/service/referencedata/ReferenceDataBootstrapper.java,139,1,2,False,False,no,
catalog-service,GAP,Result,total,backend/catalog-service/src/main/java/com/pml/catalog/service/referencedata/ReferenceDataBootstrapper.java,56,1,6,False,False,no,
catalog-service,GAP,Result,bootstrap,backend/catalog-service/src/main/java/com/pml/catalog/service/referencedata/ReferenceDataBootstrapper.java,62,1,0,False,False,no,
catalog-service,GAP,ReferenceDataRegistrations,ensureRegistered,backend/catalog-service/src/main/java/com/pml/catalog/service/referencedata/ReferenceDataRegistrations.java,57,1,0,False,False,no,
catalog-service,GAP,ReferenceDataRegistrations,registerAll,backend/catalog-service/src/main/java/com/pml/catalog/service/referencedata/ReferenceDataRegistrations.java,61,1,0,False,False,no,
catalog-service,GAP,Registration,register,backend/catalog-service/src/main/java/com/pml/catalog/service/referencedata/ReferenceDataSource.java,36,18,0,False,False,no,
catalog-service,GAP,Registration,registerExtra,backend/catalog-service/src/main/java/com/pml/catalog/service/referencedata/ReferenceDataSource.java,48,1,0,False,False,no,
catalog-service,GAP,Registration,registry,backend/catalog-service/src/main/java/com/pml/catalog/service/referencedata/ReferenceDataSource.java,56,1,0,False,False,no,
catalog-service,GAP,Registration,humanize,backend/catalog-service/src/main/java/com/pml/catalog/service/referencedata/ReferenceDataSource.java,67,1,0,False,False,no,
catalog-service,GAP,CursorUtils,encodeCursor,backend/catalog-service/src/main/java/com/pml/catalog/util/CursorUtils.java,24,5,0,False,False,no,
catalog-service,GAP,CursorUtils,decodeCursor,backend/catalog-service/src/main/java/com/pml/catalog/util/CursorUtils.java,38,5,0,False,False,no,
catalog-service,GAP,ApprovalEscalationMutationResponse,success,backend/catalog-service/src/main/java/com/pml/catalog/web/graphql/dto/ApprovalEscalationMutationResponse.java,28,42,0,False,False,no,
catalog-service,GAP,ApprovalEscalationMutationResponse,error,backend/catalog-service/src/main/java/com/pml/catalog/web/graphql/dto/ApprovalEscalationMutationResponse.java,36,134,22,False,False,no,
catalog-service,GAP,ApprovalEscalationOffsetPage,of,backend/catalog-service/src/main/java/com/pml/catalog/web/graphql/dto/ApprovalEscalationOffsetPage.java,23,164,381,False,False,no,
catalog-service,GAP,ApprovalEscalationOffsetPage,empty,backend/catalog-service/src/main/java/com/pml/catalog/web/graphql/dto/ApprovalEscalationOffsetPage.java,44,50,20,False,False,no,
catalog-service,GAP,ApprovalTimelineMutationResponse,success,backend/catalog-service/src/main/java/com/pml/catalog/web/graphql/dto/ApprovalTimelineMutationResponse.java,28,42,0,False,False,no,
catalog-service,GAP,ApprovalTimelineMutationResponse,error,backend/catalog-service/src/main/java/com/pml/catalog/web/graphql/dto/ApprovalTimelineMutationResponse.java,36,134,22,False,False,no,
catalog-service,GAP,ApprovalTimelineOffsetPage,of,backend/catalog-service/src/main/java/com/pml/catalog/web/graphql/dto/ApprovalTimelineOffsetPage.java,23,164,381,False,False,no,
catalog-service,GAP,ApprovalTimelineOffsetPage,empty,backend/catalog-service/src/main/java/com/pml/catalog/web/graphql/dto/ApprovalTimelineOffsetPage.java,44,50,20,False,False,no,
catalog-service,GAP,BulkReminderResponse,of,backend/catalog-service/src/main/java/com/pml/catalog/web/graphql/dto/BulkReminderResponse.java,28,164,381,False,False,no,
catalog-service,GAP,CategoryMutationResponse,success,backend/catalog-service/src/main/java/com/pml/catalog/web/graphql/dto/CategoryMutationResponse.java,29,42,0,False,False,no,
catalog-service,GAP,CategoryMutationResponse,success,backend/catalog-service/src/main/java/com/pml/catalog/web/graphql/dto/CategoryMutationResponse.java,37,42,0,False,False,no,
catalog-service,GAP,CategoryMutationResponse,error,backend/catalog-service/src/main/java/com/pml/catalog/web/graphql/dto/CategoryMutationResponse.java,46,134,22,False,False,no,
catalog-service,GAP,CityConnection,empty,backend/catalog-service/src/main/java/com/pml/catalog/web/graphql/dto/CityConnection.java,28,50,20,False,False,no,
catalog-service,GAP,CityEdge,from,backend/catalog-service/src/main/java/com/pml/catalog/web/graphql/dto/CityEdge.java,26,35,31,False,False,no,
catalog-service,GAP,CityOffsetPage,of,backend/catalog-service/src/main/java/com/pml/catalog/web/graphql/dto/CityOffsetPage.java,23,164,381,False,False,no,
catalog-service,GAP,CityOffsetPage,empty,backend/catalog-service/src/main/java/com/pml/catalog/web/graphql/dto/CityOffsetPage.java,44,50,20,False,False,no,
catalog-service,GAP,EventCategoryConnection,empty,backend/catalog-service/src/main/java/com/pml/catalog/web/graphql/dto/EventCategoryConnection.java,28,50,20,False,False,no,
catalog-service,GAP,EventCategoryEdge,from,backend/catalog-service/src/main/java/com/pml/catalog/web/graphql/dto/EventCategoryEdge.java,26,35,31,False,False,no,
catalog-service,GAP,EventCategoryOffsetPage,of,backend/catalog-service/src/main/java/com/pml/catalog/web/graphql/dto/EventCategoryOffsetPage.java,23,164,381,False,False,no,
catalog-service,GAP,EventCategoryOffsetPage,empty,backend/catalog-service/src/main/java/com/pml/catalog/web/graphql/dto/EventCategoryOffsetPage.java,44,50,20,False,False,no,
catalog-service,GAP,EventConnection,empty,backend/catalog-service/src/main/java/com/pml/catalog/web/graphql/dto/EventConnection.java,35,50,20,False,False,no,
catalog-service,GAP,EventEdge,from,backend/catalog-service/src/main/java/com/pml/catalog/web/graphql/dto/EventEdge.java,34,35,31,False,False,no,
catalog-service,GAP,EventMutationResponse,success,backend/catalog-service/src/main/java/com/pml/catalog/web/graphql/dto/EventMutationResponse.java,29,42,0,False,False,no,
catalog-service,GAP,EventMutationResponse,success,backend/catalog-service/src/main/java/com/pml/catalog/web/graphql/dto/EventMutationResponse.java,37,42,0,False,False,no,
catalog-service,GAP,EventMutationResponse,error,backend/catalog-service/src/main/java/com/pml/catalog/web/graphql/dto/EventMutationResponse.java,46,134,22,False,False,no,
catalog-service,GAP,EventOffsetPage,of,backend/catalog-service/src/main/java/com/pml/catalog/web/graphql/dto/EventOffsetPage.java,23,164,381,False,False,no,
catalog-service,GAP,EventOffsetPage,empty,backend/catalog-service/src/main/java/com/pml/catalog/web/graphql/dto/EventOffsetPage.java,44,50,20,False,False,no,
catalog-service,GAP,LocationConnection,empty,backend/catalog-service/src/main/java/com/pml/catalog/web/graphql/dto/LocationConnection.java,28,50,20,False,False,no,
catalog-service,GAP,LocationEdge,from,backend/catalog-service/src/main/java/com/pml/catalog/web/graphql/dto/LocationEdge.java,26,35,31,False,False,no,
catalog-service,GAP,PageableInput,toPageable,backend/catalog-service/src/main/java/com/pml/catalog/web/graphql/dto/PageableInput.java,42,1,0,False,False,no,
catalog-service,GAP,PagedResult,of,backend/catalog-service/src/main/java/com/pml/catalog/web/graphql/dto/PagedResult.java,33,164,381,False,False,no,
catalog-service,GAP,PlatformConfigurationMutationResponse,success,backend/catalog-service/src/main/java/com/pml/catalog/web/graphql/dto/PlatformConfigurationMutationResponse.java,28,42,0,False,False,no,
catalog-service,GAP,PlatformConfigurationMutationResponse,error,backend/catalog-service/src/main/java/com/pml/catalog/web/graphql/dto/PlatformConfigurationMutationResponse.java,36,134,22,False,False,no,
catalog-service,GAP,ProvinceConnection,empty,backend/catalog-service/src/main/java/com/pml/catalog/web/graphql/dto/ProvinceConnection.java,28,50,20,False,False,no,
catalog-service,GAP,ProvinceEdge,from,backend/catalog-service/src/main/java/com/pml/catalog/web/graphql/dto/ProvinceEdge.java,26,35,31,False,False,no,
catalog-service,GAP,ProvinceOffsetPage,of,backend/catalog-service/src/main/java/com/pml/catalog/web/graphql/dto/ProvinceOffsetPage.java,23,164,381,False,False,no,
catalog-service,GAP,ProvinceOffsetPage,empty,backend/catalog-service/src/main/java/com/pml/catalog/web/graphql/dto/ProvinceOffsetPage.java,44,50,20,False,False,no,
catalog-service,GAP,ReferenceDataMutationResponse,success,backend/catalog-service/src/main/java/com/pml/catalog/web/graphql/dto/ReferenceDataMutationResponse.java,29,42,0,False,False,no,
catalog-service,GAP,ReferenceDataMutationResponse,error,backend/catalog-service/src/main/java/com/pml/catalog/web/graphql/dto/ReferenceDataMutationResponse.java,34,134,22,False,False,no,
catalog-service,GAP,ReferenceDataOffsetPage,of,backend/catalog-service/src/main/java/com/pml/catalog/web/graphql/dto/ReferenceDataOffsetPage.java,20,164,381,False,False,no,
catalog-service,GAP,ReferenceDataOffsetPage,empty,backend/catalog-service/src/main/java/com/pml/catalog/web/graphql/dto/ReferenceDataOffsetPage.java,38,50,20,False,False,no,
catalog-service,GAP,ReportExportDto,success,backend/catalog-service/src/main/java/com/pml/catalog/web/graphql/dto/ReportExportDto.java,31,42,0,False,False,no,
catalog-service,GAP,ReportExportDto,error,backend/catalog-service/src/main/java/com/pml/catalog/web/graphql/dto/ReportExportDto.java,46,134,22,False,False,no,
catalog-service,GAP,CityMutationResolver,mapInputToCity,backend/catalog-service/src/main/java/com/pml/catalog/web/graphql/mutation/CityMutationResolver.java,73,1,0,False,False,no,
catalog-service,GAP,CityMutationResolver,updateCityFromInput,backend/catalog-service/src/main/java/com/pml/catalog/web/graphql/mutation/CityMutationResolver.java,81,1,0,False,False,no,
catalog-service,GAP,EventCategoryMutationResolver,mapInputToCategory,backend/catalog-service/src/main/java/com/pml/catalog/web/graphql/mutation/EventCategoryMutationResolver.java,112,1,0,False,False,no,
catalog-service,GAP,EventCategoryMutationResolver,updateCategoryFromInput,backend/catalog-service/src/main/java/com/pml/catalog/web/graphql/mutation/EventCategoryMutationResolver.java,121,1,0,False,False,no,
catalog-service,GAP,EventMutationResolver,mapInputToEvent,backend/catalog-service/src/main/java/com/pml/catalog/web/graphql/mutation/EventMutationResolver.java,479,1,0,False,False,no,
catalog-service,GAP,EventMutationResolver,updateEventFromInput,backend/catalog-service/src/main/java/com/pml/catalog/web/graphql/mutation/EventMutationResolver.java,498,1,0,False,False,no,
catalog-service,GAP,ProvinceMutationResolver,mapInputToProvince,backend/catalog-service/src/main/java/com/pml/catalog/web/graphql/mutation/ProvinceMutationResolver.java,76,1,0,False,False,no,
catalog-service,GAP,ProvinceMutationResolver,updateProvinceFromInput,backend/catalog-service/src/main/java/com/pml/catalog/web/graphql/mutation/ProvinceMutationResolver.java,84,1,0,False,False,no,
catalog-service,GAP,ReferenceDataMutationResolver,mapUpdate,backend/catalog-service/src/main/java/com/pml/catalog/web/graphql/mutation/ReferenceDataMutationResolver.java,122,1,0,False,False,no,
catalog-service,GAP,ReferenceDataMutationResolver,mapCreate,backend/catalog-service/src/main/java/com/pml/catalog/web/graphql/mutation/ReferenceDataMutationResolver.java,99,1,0,False,False,no,
catalog-service,GAP,CityQueryResolver,buildOffsetPage,backend/catalog-service/src/main/java/com/pml/catalog/web/graphql/query/CityQueryResolver.java,165,30,0,False,False,no,
catalog-service,GAP,CityQueryResolver,buildCursorConnection,backend/catalog-service/src/main/java/com/pml/catalog/web/graphql/query/CityQueryResolver.java,196,26,0,False,False,no,
catalog-service,GAP,EventCategoryQueryResolver,buildOffsetPage,backend/catalog-service/src/main/java/com/pml/catalog/web/graphql/query/EventCategoryQueryResolver.java,141,30,0,False,False,no,
catalog-service,GAP,EventCategoryQueryResolver,buildCursorConnection,backend/catalog-service/src/main/java/com/pml/catalog/web/graphql/query/EventCategoryQueryResolver.java,172,26,0,False,False,no,
catalog-service,GAP,EventQueryResolver,buildOffsetPage,backend/catalog-service/src/main/java/com/pml/catalog/web/graphql/query/EventQueryResolver.java,510,30,0,False,False,no,
catalog-service,GAP,EventQueryResolver,buildCursorConnection,backend/catalog-service/src/main/java/com/pml/catalog/web/graphql/query/EventQueryResolver.java,541,26,0,False,False,no,
catalog-service,GAP,EventQueryResolver,parseDateTime,backend/catalog-service/src/main/java/com/pml/catalog/web/graphql/query/EventQueryResolver.java,599,4,0,False,False,no,
catalog-service,GAP,LocationQueryResolver,buildCursorConnection,backend/catalog-service/src/main/java/com/pml/catalog/web/graphql/query/LocationQueryResolver.java,106,26,0,False,False,no,
catalog-service,GAP,OrganizerEventQueryResolver,applyFilters,backend/catalog-service/src/main/java/com/pml/catalog/web/graphql/query/OrganizerEventQueryResolver.java,150,1,0,False,False,no,
catalog-service,GAP,OrganizerEventQueryResolver,buildOffsetPage,backend/catalog-service/src/main/java/com/pml/catalog/web/graphql/query/OrganizerEventQueryResolver.java,186,30,0,False,False,no,
catalog-service,GAP,ProvinceQueryResolver,buildOffsetPage,backend/catalog-service/src/main/java/com/pml/catalog/web/graphql/query/ProvinceQueryResolver.java,133,30,0,False,False,no,
catalog-service,GAP,ProvinceQueryResolver,buildCursorConnection,backend/catalog-service/src/main/java/com/pml/catalog/web/graphql/query/ProvinceQueryResolver.java,164,26,0,False,False,no,
catalog-service,GAP,InternalEventController,tierMirror,backend/catalog-service/src/main/java/com/pml/catalog/web/rest/InternalEventController.java,67,1,0,False,False,no,
catalog-service,GAP,ApprovalBlocker,approvalPreconditionRefusal,backend/catalog-service/src/main/java/com/pml/catalog/workflow/approval/ApprovalRules.java,174,1,2,False,False,no,
catalog-service,GAP,ApprovalBlocker,announcementTemplate,backend/catalog-service/src/main/java/com/pml/catalog/workflow/approval/ApprovalRules.java,187,1,6,False,False,no,
catalog-service,GAP,ApprovalBlocker,announcementKey,backend/catalog-service/src/main/java/com/pml/catalog/workflow/approval/ApprovalRules.java,204,1,4,False,False,no,
catalog-service,GAP,ApprovalBlocker,resubmitRefusal,backend/catalog-service/src/main/java/com/pml/catalog/workflow/approval/ApprovalRules.java,208,1,2,False,False,no,
catalog-service,GAP,ApprovalBlocker,submitRefusal,backend/catalog-service/src/main/java/com/pml/catalog/workflow/approval/ApprovalRules.java,215,1,3,False,False,no,
catalog-service,GAP,ApprovalBlocker,reasonSufficient,backend/catalog-service/src/main/java/com/pml/catalog/workflow/approval/ApprovalRules.java,222,1,4,False,False,no,
catalog-service,GAP,ApprovalBlocker,recipient,backend/catalog-service/src/main/java/com/pml/catalog/workflow/approval/ApprovalRules.java,227,1,4,False,False,no,
catalog-service,GAP,ApprovalBlocker,adoptedClock,backend/catalog-service/src/main/java/com/pml/catalog/workflow/approval/ApprovalRules.java,241,1,4,False,False,no,
catalog-service,GAP,ApprovalBlocker,activityOptions,backend/catalog-service/src/main/java/com/pml/catalog/workflow/approval/ApprovalRules.java,251,2,0,False,False,no,
catalog-service,GAP,ApprovalBlocker,announcementOptions,backend/catalog-service/src/main/java/com/pml/catalog/workflow/approval/ApprovalRules.java,266,1,0,False,False,no,
catalog-service,GAP,ApprovalBlocker,refuse,backend/catalog-service/src/main/java/com/pml/catalog/workflow/approval/ApprovalRules.java,278,26,5,False,False,no,
catalog-service,GAP,EventApprovalActivities,releaseClaim,backend/catalog-service/src/main/java/com/pml/catalog/workflow/approval/EventApprovalActivities.java,30,3,3,False,False,no,
catalog-service,GAP,EventApprovalActivities,escalate,backend/catalog-service/src/main/java/com/pml/catalog/workflow/approval/EventApprovalActivities.java,33,2,6,False,False,no,
catalog-service,GAP,EventApprovalActivities,announce,backend/catalog-service/src/main/java/com/pml/catalog/workflow/approval/EventApprovalActivities.java,46,5,6,False,False,no,
catalog-service,GAP,EventApprovalActivitiesImpl,releaseClaim,backend/catalog-service/src/main/java/com/pml/catalog/workflow/approval/EventApprovalActivitiesImpl.java,58,3,3,False,False,no,
catalog-service,GAP,EventApprovalActivitiesImpl,escalate,backend/catalog-service/src/main/java/com/pml/catalog/workflow/approval/EventApprovalActivitiesImpl.java,63,2,6,False,False,no,
catalog-service,GAP,EventApprovalActivitiesImpl,announce,backend/catalog-service/src/main/java/com/pml/catalog/workflow/approval/EventApprovalActivitiesImpl.java,83,5,6,False,False,no,
catalog-service,GAP,EventApprovalActivitiesImpl,await,backend/catalog-service/src/main/java/com/pml/catalog/workflow/approval/EventApprovalActivitiesImpl.java,87,25,2,False,False,no,
catalog-service,GAP,EventApprovalProcess,update,backend/catalog-service/src/main/java/com/pml/catalog/workflow/approval/EventApprovalProcess.java,88,7,0,False,False,no,
catalog-service,GAP,EventLifecycleActivities,complete,backend/catalog-service/src/main/java/com/pml/catalog/workflow/lifecycle/EventLifecycleActivities.java,32,2,1,False,False,no,
catalog-service,GAP,EventLifecycleActivitiesImpl,complete,backend/catalog-service/src/main/java/com/pml/catalog/workflow/lifecycle/EventLifecycleActivitiesImpl.java,87,2,1,False,False,no,
catalog-service,GAP,EventLifecycleProcess,command,backend/catalog-service/src/main/java/com/pml/catalog/workflow/lifecycle/EventLifecycleProcess.java,67,4,0,False,False,no,
catalog-service,KEEP_ACCESSOR,ApprovalAction,getDisplayName,backend/catalog-service/src/main/java/com/pml/catalog/domain/enums/ApprovalAction.java,38,0,0,False,False,no,
catalog-service,KEEP_ACCESSOR,ApprovalNotificationChannel,getDisplayName,backend/catalog-service/src/main/java/com/pml/catalog/domain/enums/ApprovalNotificationChannel.java,28,0,0,False,False,no,
catalog-service,KEEP_ACCESSOR,EscalationStatus,getDisplayName,backend/catalog-service/src/main/java/com/pml/catalog/domain/enums/EscalationStatus.java,29,0,0,False,False,no,
catalog-service,KEEP_ACCESSOR,EscalationStatus,isFinal,backend/catalog-service/src/main/java/com/pml/catalog/domain/enums/EscalationStatus.java,47,0,0,False,False,no,
catalog-service,KEEP_ACCESSOR,ApprovalTimeline,getExpectedApprovalAt,backend/catalog-service/src/main/java/com/pml/catalog/domain/model/ApprovalTimeline.java,171,0,0,False,False,no,
catalog-service,KEEP_ACCESSOR,EventTicketCategory,getFormattedPrice,backend/catalog-service/src/main/java/com/pml/catalog/domain/model/Event.java,395,0,0,False,False,no,
catalog-service,KEEP_ACCESSOR,EventTicketCategory,hasAvailableTickets,backend/catalog-service/src/main/java/com/pml/catalog/domain/model/Event.java,399,0,0,False,True,no,
catalog-service,KEEP_ACCESSOR,EventTicketCategory,getTotalRevenue,backend/catalog-service/src/main/java/com/pml/catalog/domain/model/Event.java,408,0,0,False,False,no,
catalog-service,KEEP_ACCESSOR,Location,getFormattedAddress,backend/catalog-service/src/main/java/com/pml/catalog/domain/model/Location.java,51,0,0,False,False,no,
catalog-service,KEEP_ACCESSOR,Location,hasValidCoordinates,backend/catalog-service/src/main/java/com/pml/catalog/domain/model/Location.java,71,0,0,False,False,no,
catalog-service,KEEP_ACCESSOR,InventoryMovement,hasAvailableTickets,backend/catalog-service/src/main/java/com/pml/catalog/domain/model/TicketTier.java,260,0,0,False,True,no,
catalog-service,KEEP_ACCESSOR,InventoryMovement,isInventoryConsistent,backend/catalog-service/src/main/java/com/pml/catalog/domain/model/TicketTier.java,281,0,0,False,False,no,
catalog-service,KEEP_ACCESSOR,EventAccessibility,hasAccessibilityFeatures,backend/catalog-service/src/main/java/com/pml/catalog/domain/valueobject/EventAccessibility.java,84,0,0,False,False,no,
catalog-service,KEEP_ACCESSOR,InvalidEventStateException,getCurrentStatus,backend/catalog-service/src/main/java/com/pml/catalog/exception/InvalidEventStateException.java,31,0,0,False,False,no,
catalog-service,KEEP_ACCESSOR,InvalidEventStateException,getRequiredStatus,backend/catalog-service/src/main/java/com/pml/catalog/exception/InvalidEventStateException.java,35,0,0,False,False,no,
catalog-service,KEEP_ACCESSOR,CursorPaginationInput,isForward,backend/catalog-service/src/main/java/com/pml/catalog/web/graphql/dto/CursorPaginationInput.java,57,0,0,False,False,no,
catalog-service,KEEP_ACCESSOR,CursorPaginationInput,isBackward,backend/catalog-service/src/main/java/com/pml/catalog/web/graphql/dto/CursorPaginationInput.java,64,0,0,False,False,no,
catalog-service,KEEP_ACCESSOR,CursorPaginationInput,hasCursor,backend/catalog-service/src/main/java/com/pml/catalog/web/graphql/dto/CursorPaginationInput.java,71,0,0,False,False,no,
catalog-service,KEEP_ACCESSOR,PageInfo,isHasNext,backend/catalog-service/src/main/java/com/pml/catalog/web/graphql/dto/PageInfo.java,70,0,0,False,False,no,
catalog-service,KEEP_ACCESSOR,PageInfo,isHasPrevious,backend/catalog-service/src/main/java/com/pml/catalog/web/graphql/dto/PageInfo.java,77,0,0,False,False,no,
catalog-service,KEEP_ENTRY,CatalogServiceApplication,main,backend/catalog-service/src/main/java/com/pml/catalog/CatalogServiceApplication.java,40,0,0,False,False,no,framework-name
catalog-service,KEEP_ENTRY,CatalogIndexInitializer,ensureIndexes,backend/catalog-service/src/main/java/com/pml/catalog/config/CatalogIndexInitializer.java,155,1,0,False,False,no,entry:EventListener
catalog-service,KEEP_ENTRY,GraphQLConfig,dgsRuntimeWiringConfigurer,backend/catalog-service/src/main/java/com/pml/catalog/config/GraphQLConfig.java,29,0,0,False,False,no,entry:Bean
catalog-service,KEEP_ENTRY,PlatformConfigurationInitializer,run,backend/catalog-service/src/main/java/com/pml/catalog/config/PlatformConfigurationInitializer.java,28,6,54,False,False,no,entry:inherited
catalog-service,KEEP_ENTRY,ReferenceDataSeeder,ensureIndexes,backend/catalog-service/src/main/java/com/pml/catalog/config/ReferenceDataSeeder.java,113,1,0,False,False,no,entry:inherited
catalog-service,KEEP_ENTRY,ReferenceDataSeeder,run,backend/catalog-service/src/main/java/com/pml/catalog/config/ReferenceDataSeeder.java,58,6,54,False,False,no,entry:inherited
catalog-service,KEEP_ENTRY,ApprovalEscalation,resolve,backend/catalog-service/src/main/java/com/pml/catalog/domain/model/ApprovalEscalation.java,199,7,102,False,False,no,framework-name
catalog-service,KEEP_ENTRY,ApprovalEscalation,create,backend/catalog-service/src/main/java/com/pml/catalog/domain/model/ApprovalEscalation.java,221,11,48,False,False,yes,framework-name
catalog-service,KEEP_ENTRY,ApprovalTimeline,resolveEscalation,backend/catalog-service/src/main/java/com/pml/catalog/domain/model/ApprovalTimeline.java,285,3,0,False,True,yes,entry:inherited
catalog-service,KEEP_ENTRY,ApprovalTimeline,create,backend/catalog-service/src/main/java/com/pml/catalog/domain/model/ApprovalTimeline.java,297,11,48,False,False,yes,framework-name
catalog-service,KEEP_ENTRY,TimelineEvent,escalation,backend/catalog-service/src/main/java/com/pml/catalog/domain/valueobject/TimelineEvent.java,238,1,0,False,True,yes,entry:inherited
catalog-service,KEEP_ENTRY,WorkflowIds,eventLifecycle,backend/catalog-service/src/main/java/com/pml/catalog/infrastructure/temporal/WorkflowIds.java,18,3,8,False,True,yes,entry:inherited
catalog-service,KEEP_ENTRY,EventRepository,searchEvents,backend/catalog-service/src/main/java/com/pml/catalog/repository/EventRepository.java,78,3,0,True,True,no,entry:inherited
catalog-service,KEEP_ENTRY,OrganizationSecurityService,isOrganizerOrTeamMember,backend/catalog-service/src/main/java/com/pml/catalog/security/OrganizationSecurityService.java,55,4,0,False,False,no,entry:string-reference
catalog-service,KEEP_ENTRY,ApprovalEscalationService,resolve,backend/catalog-service/src/main/java/com/pml/catalog/service/ApprovalEscalationService.java,57,7,102,False,False,no,framework-name
catalog-service,KEEP_ENTRY,ApprovalWorkflowService,acknowledgeEscalation,backend/catalog-service/src/main/java/com/pml/catalog/service/ApprovalWorkflowService.java,30,2,0,False,True,no,entry:inherited
catalog-service,KEEP_ENTRY,ApprovalWorkflowService,resolveEscalation,backend/catalog-service/src/main/java/com/pml/catalog/service/ApprovalWorkflowService.java,33,3,0,False,True,no,entry:inherited
catalog-service,KEEP_ENTRY,ApprovalWorkflowService,triggerManualEscalation,backend/catalog-service/src/main/java/com/pml/catalog/service/ApprovalWorkflowService.java,45,2,0,False,True,no,entry:inherited
catalog-service,KEEP_ENTRY,CityService,createCity,backend/catalog-service/src/main/java/com/pml/catalog/service/CityService.java,18,1,0,True,True,no,entry:inherited
catalog-service,KEEP_ENTRY,CityService,updateCity,backend/catalog-service/src/main/java/com/pml/catalog/service/CityService.java,20,1,0,True,True,no,entry:inherited
catalog-service,KEEP_ENTRY,CityService,deleteCity,backend/catalog-service/src/main/java/com/pml/catalog/service/CityService.java,22,1,0,False,True,no,entry:inherited
catalog-service,KEEP_ENTRY,EventReviewService,resubmit,backend/catalog-service/src/main/java/com/pml/catalog/service/EventReviewService.java,106,3,7,False,False,yes,entry:inherited
catalog-service,KEEP_ENTRY,EventReviewService,claim,backend/catalog-service/src/main/java/com/pml/catalog/service/EventReviewService.java,124,6,21,False,False,yes,entry:inherited
catalog-service,KEEP_ENTRY,EventReviewService,approve,backend/catalog-service/src/main/java/com/pml/catalog/service/EventReviewService.java,189,4,13,True,False,yes,entry:inherited
catalog-service,KEEP_ENTRY,EventReviewService,approvalBlockers,backend/catalog-service/src/main/java/com/pml/catalog/service/EventReviewService.java,219,3,7,False,True,yes,entry:inherited
catalog-service,KEEP_ENTRY,EventReviewService,reject,backend/catalog-service/src/main/java/com/pml/catalog/service/EventReviewService.java,228,4,7,True,False,yes,entry:inherited
catalog-service,KEEP_ENTRY,EventReviewService,requestChanges,backend/catalog-service/src/main/java/com/pml/catalog/service/EventReviewService.java,238,4,7,True,False,yes,entry:inherited
catalog-service,KEEP_ENTRY,EventReviewService,event,backend/catalog-service/src/main/java/com/pml/catalog/service/EventReviewService.java,327,15,16,True,True,yes,entry:inherited
catalog-service,KEEP_ENTRY,EventReviewService,current,backend/catalog-service/src/main/java/com/pml/catalog/service/EventReviewService.java,71,4,9,True,False,yes,entry:inherited
catalog-service,KEEP_ENTRY,EventReviewService,submit,backend/catalog-service/src/main/java/com/pml/catalog/service/EventReviewService.java,76,4,16,True,False,yes,entry:inherited
catalog-service,KEEP_ENTRY,EventService,searchEvents,backend/catalog-service/src/main/java/com/pml/catalog/service/EventService.java,104,3,0,True,True,no,entry:inherited
catalog-service,KEEP_ENTRY,EventService,createEvent,backend/catalog-service/src/main/java/com/pml/catalog/service/EventService.java,32,2,0,True,True,no,entry:inherited
catalog-service,KEEP_ENTRY,EventService,updateEvent,backend/catalog-service/src/main/java/com/pml/catalog/service/EventService.java,34,2,0,True,True,no,entry:inherited
catalog-service,KEEP_ENTRY,EventService,publishEvent,backend/catalog-service/src/main/java/com/pml/catalog/service/EventService.java,37,1,5,True,True,no,entry:inherited
catalog-service,KEEP_ENTRY,EventService,unpublishEvent,backend/catalog-service/src/main/java/com/pml/catalog/service/EventService.java,45,1,3,True,True,no,entry:inherited
catalog-service,KEEP_ENTRY,EventService,rescheduleEvent,backend/catalog-service/src/main/java/com/pml/catalog/service/EventService.java,48,1,4,True,True,no,entry:inherited
catalog-service,KEEP_ENTRY,EventService,cancelEvent,backend/catalog-service/src/main/java/com/pml/catalog/service/EventService.java,50,0,0,True,True,no,entry:inherited
catalog-service,KEEP_ENTRY,EventService,completeEvent,backend/catalog-service/src/main/java/com/pml/catalog/service/EventService.java,66,2,3,False,True,no,entry:inherited
catalog-service,KEEP_ENTRY,EventService,deleteEvent,backend/catalog-service/src/main/java/com/pml/catalog/service/EventService.java,83,1,0,True,True,no,entry:inherited
catalog-service,KEEP_ENTRY,ExportService,exportEventData,backend/catalog-service/src/main/java/com/pml/catalog/service/ExportService.java,21,2,0,False,True,no,entry:inherited
catalog-service,KEEP_ENTRY,ExportService,exportEventsReport,backend/catalog-service/src/main/java/com/pml/catalog/service/ExportService.java,30,2,0,False,True,no,entry:inherited
catalog-service,KEEP_ENTRY,InventoryService,reserveInventory,backend/catalog-service/src/main/java/com/pml/catalog/service/InventoryService.java,46,1,14,False,False,no,entry:inherited
catalog-service,KEEP_ENTRY,LocationService,searchLocations,backend/catalog-service/src/main/java/com/pml/catalog/service/LocationService.java,31,2,0,False,True,no,entry:inherited
catalog-service,KEEP_ENTRY,ProvinceService,createProvince,backend/catalog-service/src/main/java/com/pml/catalog/service/ProvinceService.java,18,1,0,False,True,no,entry:inherited
catalog-service,KEEP_ENTRY,ProvinceService,updateProvince,backend/catalog-service/src/main/java/com/pml/catalog/service/ProvinceService.java,20,1,0,False,True,no,entry:inherited
catalog-service,KEEP_ENTRY,ProvinceService,deleteProvince,backend/catalog-service/src/main/java/com/pml/catalog/service/ProvinceService.java,22,1,0,False,True,no,entry:inherited
catalog-service,KEEP_ENTRY,ReferenceDataService,create,backend/catalog-service/src/main/java/com/pml/catalog/service/ReferenceDataService.java,32,11,48,False,False,no,framework-name
catalog-service,KEEP_ENTRY,ReferenceMetadataValidator,validate,backend/catalog-service/src/main/java/com/pml/catalog/service/ReferenceMetadataValidator.java,41,2,1,False,False,no,framework-name
catalog-service,KEEP_ENTRY,ApprovalEscalationServiceImpl,resolve,backend/catalog-service/src/main/java/com/pml/catalog/service/impl/ApprovalEscalationServiceImpl.java,75,7,102,False,False,no,framework-name
catalog-service,KEEP_ENTRY,ApprovalWorkflowServiceImpl,acknowledgeEscalation,backend/catalog-service/src/main/java/com/pml/catalog/service/impl/ApprovalWorkflowServiceImpl.java,54,2,0,False,True,no,entry:inherited
catalog-service,KEEP_ENTRY,ApprovalWorkflowServiceImpl,resolveEscalation,backend/catalog-service/src/main/java/com/pml/catalog/service/impl/ApprovalWorkflowServiceImpl.java,61,3,0,False,True,no,entry:inherited
catalog-service,KEEP_ENTRY,ApprovalWorkflowServiceImpl,triggerManualEscalation,backend/catalog-service/src/main/java/com/pml/catalog/service/impl/ApprovalWorkflowServiceImpl.java,68,2,0,False,True,no,entry:inherited
catalog-service,KEEP_ENTRY,CityServiceImpl,createCity,backend/catalog-service/src/main/java/com/pml/catalog/service/impl/CityServiceImpl.java,35,1,0,True,True,no,entry:inherited
catalog-service,KEEP_ENTRY,CityServiceImpl,updateCity,backend/catalog-service/src/main/java/com/pml/catalog/service/impl/CityServiceImpl.java,45,1,0,True,True,no,entry:inherited
catalog-service,KEEP_ENTRY,CityServiceImpl,deleteCity,backend/catalog-service/src/main/java/com/pml/catalog/service/impl/CityServiceImpl.java,57,1,0,False,True,no,entry:inherited
catalog-service,KEEP_ENTRY,EventServiceImpl,createEvent,backend/catalog-service/src/main/java/com/pml/catalog/service/impl/EventServiceImpl.java,128,2,0,True,True,no,entry:inherited
catalog-service,KEEP_ENTRY,EventServiceImpl,updateEvent,backend/catalog-service/src/main/java/com/pml/catalog/service/impl/EventServiceImpl.java,140,2,0,True,True,no,entry:inherited
catalog-service,KEEP_ENTRY,EventServiceImpl,publishEvent,backend/catalog-service/src/main/java/com/pml/catalog/service/impl/EventServiceImpl.java,161,1,5,True,True,yes,entry:inherited
catalog-service,KEEP_ENTRY,EventServiceImpl,cancelEvent,backend/catalog-service/src/main/java/com/pml/catalog/service/impl/EventServiceImpl.java,215,0,0,True,True,no,entry:inherited
catalog-service,KEEP_ENTRY,EventServiceImpl,completeEvent,backend/catalog-service/src/main/java/com/pml/catalog/service/impl/EventServiceImpl.java,264,2,3,False,True,yes,entry:inherited
catalog-service,KEEP_ENTRY,EventServiceImpl,rescheduleEvent,backend/catalog-service/src/main/java/com/pml/catalog/service/impl/EventServiceImpl.java,343,1,4,True,True,yes,entry:inherited
catalog-service,KEEP_ENTRY,EventServiceImpl,unpublishEvent,backend/catalog-service/src/main/java/com/pml/catalog/service/impl/EventServiceImpl.java,382,1,3,True,True,yes,entry:inherited
catalog-service,KEEP_ENTRY,EventServiceImpl,deleteEvent,backend/catalog-service/src/main/java/com/pml/catalog/service/impl/EventServiceImpl.java,423,1,0,True,True,no,entry:inherited
catalog-service,KEEP_ENTRY,EventServiceImpl,searchEvents,backend/catalog-service/src/main/java/com/pml/catalog/service/impl/EventServiceImpl.java,478,3,0,True,True,no,entry:inherited
catalog-service,KEEP_ENTRY,ExportServiceImpl,exportEventData,backend/catalog-service/src/main/java/com/pml/catalog/service/impl/ExportServiceImpl.java,52,2,0,False,True,no,entry:inherited
catalog-service,KEEP_ENTRY,ExportServiceImpl,exportEventsReport,backend/catalog-service/src/main/java/com/pml/catalog/service/impl/ExportServiceImpl.java,65,2,0,False,True,no,entry:inherited
catalog-service,KEEP_ENTRY,InventoryServiceImpl,release,backend/catalog-service/src/main/java/com/pml/catalog/service/impl/InventoryServiceImpl.java,134,5,0,True,False,yes,entry:inherited
catalog-service,KEEP_ENTRY,InventoryServiceImpl,reserveInventory,backend/catalog-service/src/main/java/com/pml/catalog/service/impl/InventoryServiceImpl.java,72,1,14,False,False,yes,entry:inherited
catalog-service,KEEP_ENTRY,LocationServiceImpl,searchLocations,backend/catalog-service/src/main/java/com/pml/catalog/service/impl/LocationServiceImpl.java,55,2,0,False,True,no,entry:inherited
catalog-service,KEEP_ENTRY,ProvinceServiceImpl,createProvince,backend/catalog-service/src/main/java/com/pml/catalog/service/impl/ProvinceServiceImpl.java,35,1,0,False,True,no,entry:inherited
catalog-service,KEEP_ENTRY,ProvinceServiceImpl,updateProvince,backend/catalog-service/src/main/java/com/pml/catalog/service/impl/ProvinceServiceImpl.java,45,1,0,False,True,no,entry:inherited
catalog-service,KEEP_ENTRY,ProvinceServiceImpl,deleteProvince,backend/catalog-service/src/main/java/com/pml/catalog/service/impl/ProvinceServiceImpl.java,56,1,0,False,True,no,entry:inherited
catalog-service,KEEP_ENTRY,ReferenceDataServiceImpl,create,backend/catalog-service/src/main/java/com/pml/catalog/service/impl/ReferenceDataServiceImpl.java,102,11,48,False,False,no,framework-name
catalog-service,KEEP_ENTRY,EventEntityFetcher,fetchEvent,backend/catalog-service/src/main/java/com/pml/catalog/web/graphql/federation/EventEntityFetcher.java,80,0,0,False,False,no,entry:DgsEntityFetcher
catalog-service,KEEP_ENTRY,EventFieldResolver,getEventLocation,backend/catalog-service/src/main/java/com/pml/catalog/web/graphql/federation/EventFieldResolver.java,145,0,0,False,False,no,entry:DgsData
catalog-service,KEEP_ENTRY,EventFieldResolver,getEventOrganizer,backend/catalog-service/src/main/java/com/pml/catalog/web/graphql/federation/EventFieldResolver.java,96,0,0,False,False,no,entry:DgsData
catalog-service,KEEP_ENTRY,ApprovalWorkflowMutationResolver,requestEventChanges,backend/catalog-service/src/main/java/com/pml/catalog/web/graphql/mutation/ApprovalWorkflowMutationResolver.java,122,1,0,False,True,no,entry:DgsMutation
catalog-service,KEEP_ENTRY,ApprovalWorkflowMutationResolver,assignEventReviewer,backend/catalog-service/src/main/java/com/pml/catalog/web/graphql/mutation/ApprovalWorkflowMutationResolver.java,141,1,0,False,True,no,entry:DgsMutation
catalog-service,KEEP_ENTRY,ApprovalWorkflowMutationResolver,unassignEventReviewer,backend/catalog-service/src/main/java/com/pml/catalog/web/graphql/mutation/ApprovalWorkflowMutationResolver.java,152,1,0,False,True,no,entry:DgsMutation
catalog-service,KEEP_ENTRY,ApprovalWorkflowMutationResolver,addApprovalComment,backend/catalog-service/src/main/java/com/pml/catalog/web/graphql/mutation/ApprovalWorkflowMutationResolver.java,171,1,0,False,True,no,entry:DgsMutation
catalog-service,KEEP_ENTRY,ApprovalWorkflowMutationResolver,acknowledgeEscalation,backend/catalog-service/src/main/java/com/pml/catalog/web/graphql/mutation/ApprovalWorkflowMutationResolver.java,195,2,0,False,True,no,entry:DgsMutation
catalog-service,KEEP_ENTRY,ApprovalWorkflowMutationResolver,resolveEscalation,backend/catalog-service/src/main/java/com/pml/catalog/web/graphql/mutation/ApprovalWorkflowMutationResolver.java,214,3,0,False,True,no,entry:DgsMutation
catalog-service,KEEP_ENTRY,ApprovalWorkflowMutationResolver,triggerManualEscalation,backend/catalog-service/src/main/java/com/pml/catalog/web/graphql/mutation/ApprovalWorkflowMutationResolver.java,229,2,0,False,True,no,entry:DgsMutation
catalog-service,KEEP_ENTRY,ApprovalWorkflowMutationResolver,updatePlatformConfiguration,backend/catalog-service/src/main/java/com/pml/catalog/web/graphql/mutation/ApprovalWorkflowMutationResolver.java,53,0,0,False,True,no,entry:DgsMutation
catalog-service,KEEP_ENTRY,CityMutationResolver,createCity,backend/catalog-service/src/main/java/com/pml/catalog/web/graphql/mutation/CityMutationResolver.java,40,1,0,True,True,no,entry:DgsMutation
catalog-service,KEEP_ENTRY,CityMutationResolver,updateCity,backend/catalog-service/src/main/java/com/pml/catalog/web/graphql/mutation/CityMutationResolver.java,49,1,0,True,True,no,entry:DgsMutation
catalog-service,KEEP_ENTRY,CityMutationResolver,deleteCity,backend/catalog-service/src/main/java/com/pml/catalog/web/graphql/mutation/CityMutationResolver.java,64,1,0,False,True,no,entry:DgsMutation
catalog-service,KEEP_ENTRY,EventAccessibilityMutationResolver,updateEventAccessibility,backend/catalog-service/src/main/java/com/pml/catalog/web/graphql/mutation/EventAccessibilityMutationResolver.java,39,0,0,False,True,no,entry:DgsMutation
catalog-service,KEEP_ENTRY,EventCategoryMutationResolver,createEventCategory,backend/catalog-service/src/main/java/com/pml/catalog/web/graphql/mutation/EventCategoryMutationResolver.java,40,0,0,True,True,no,entry:DgsMutation
catalog-service,KEEP_ENTRY,EventCategoryMutationResolver,updateEventCategory,backend/catalog-service/src/main/java/com/pml/catalog/web/graphql/mutation/EventCategoryMutationResolver.java,52,0,0,True,True,no,entry:DgsMutation
catalog-service,KEEP_ENTRY,EventCategoryMutationResolver,deleteEventCategory,backend/catalog-service/src/main/java/com/pml/catalog/web/graphql/mutation/EventCategoryMutationResolver.java,67,0,0,False,True,no,entry:DgsMutation
catalog-service,KEEP_ENTRY,EventCategoryMutationResolver,activateEventCategory,backend/catalog-service/src/main/java/com/pml/catalog/web/graphql/mutation/EventCategoryMutationResolver.java,78,0,0,False,True,no,entry:DgsMutation
catalog-service,KEEP_ENTRY,EventCategoryMutationResolver,deactivateEventCategory,backend/catalog-service/src/main/java/com/pml/catalog/web/graphql/mutation/EventCategoryMutationResolver.java,96,0,0,True,True,no,entry:DgsMutation
catalog-service,KEEP_ENTRY,EventMutationResolver,updateEvent,backend/catalog-service/src/main/java/com/pml/catalog/web/graphql/mutation/EventMutationResolver.java,129,2,0,True,True,no,entry:DgsMutation
catalog-service,KEEP_ENTRY,EventMutationResolver,deleteEvent,backend/catalog-service/src/main/java/com/pml/catalog/web/graphql/mutation/EventMutationResolver.java,151,1,0,True,True,no,entry:DgsMutation
catalog-service,KEEP_ENTRY,EventMutationResolver,publishEvent,backend/catalog-service/src/main/java/com/pml/catalog/web/graphql/mutation/EventMutationResolver.java,169,1,5,True,True,no,entry:DgsMutation
catalog-service,KEEP_ENTRY,EventMutationResolver,unpublishEvent,backend/catalog-service/src/main/java/com/pml/catalog/web/graphql/mutation/EventMutationResolver.java,188,1,3,True,True,no,entry:DgsMutation
catalog-service,KEEP_ENTRY,EventMutationResolver,rescheduleEvent,backend/catalog-service/src/main/java/com/pml/catalog/web/graphql/mutation/EventMutationResolver.java,203,1,4,True,True,no,entry:DgsMutation
catalog-service,KEEP_ENTRY,EventMutationResolver,cancelEvent,backend/catalog-service/src/main/java/com/pml/catalog/web/graphql/mutation/EventMutationResolver.java,224,0,0,True,True,no,entry:DgsMutation
catalog-service,KEEP_ENTRY,EventMutationResolver,submitEventForApproval,backend/catalog-service/src/main/java/com/pml/catalog/web/graphql/mutation/EventMutationResolver.java,252,0,0,True,True,no,entry:DgsMutation
catalog-service,KEEP_ENTRY,EventMutationResolver,approveEvent,backend/catalog-service/src/main/java/com/pml/catalog/web/graphql/mutation/EventMutationResolver.java,267,0,0,True,True,no,entry:DgsMutation
catalog-service,KEEP_ENTRY,EventMutationResolver,rejectEvent,backend/catalog-service/src/main/java/com/pml/catalog/web/graphql/mutation/EventMutationResolver.java,282,0,0,True,True,no,entry:DgsMutation
catalog-service,KEEP_ENTRY,EventMutationResolver,duplicateEvent,backend/catalog-service/src/main/java/com/pml/catalog/web/graphql/mutation/EventMutationResolver.java,302,0,0,False,True,no,entry:DgsMutation
catalog-service,KEEP_ENTRY,EventMutationResolver,updateEventCapacity,backend/catalog-service/src/main/java/com/pml/catalog/web/graphql/mutation/EventMutationResolver.java,373,0,0,False,True,no,entry:DgsMutation
catalog-service,KEEP_ENTRY,EventMutationResolver,featureEvent,backend/catalog-service/src/main/java/com/pml/catalog/web/graphql/mutation/EventMutationResolver.java,391,0,0,False,True,no,entry:DgsMutation
catalog-service,KEEP_ENTRY,EventMutationResolver,completeEvent,backend/catalog-service/src/main/java/com/pml/catalog/web/graphql/mutation/EventMutationResolver.java,411,2,3,False,True,no,entry:DgsMutation
catalog-service,KEEP_ENTRY,EventMutationResolver,sendEventPublishReminder,backend/catalog-service/src/main/java/com/pml/catalog/web/graphql/mutation/EventMutationResolver.java,430,0,0,False,True,no,entry:DgsMutation
catalog-service,KEEP_ENTRY,EventMutationResolver,sendBulkEventPublishReminders,backend/catalog-service/src/main/java/com/pml/catalog/web/graphql/mutation/EventMutationResolver.java,450,0,0,False,True,no,entry:DgsMutation
catalog-service,KEEP_ENTRY,EventMutationResolver,createEvent,backend/catalog-service/src/main/java/com/pml/catalog/web/graphql/mutation/EventMutationResolver.java,93,2,0,True,True,no,entry:DgsMutation
catalog-service,KEEP_ENTRY,ProvinceMutationResolver,createProvince,backend/catalog-service/src/main/java/com/pml/catalog/web/graphql/mutation/ProvinceMutationResolver.java,40,1,0,False,True,no,entry:DgsMutation
catalog-service,KEEP_ENTRY,ProvinceMutationResolver,updateProvince,backend/catalog-service/src/main/java/com/pml/catalog/web/graphql/mutation/ProvinceMutationResolver.java,52,1,0,False,True,no,entry:DgsMutation
catalog-service,KEEP_ENTRY,ProvinceMutationResolver,deleteProvince,backend/catalog-service/src/main/java/com/pml/catalog/web/graphql/mutation/ProvinceMutationResolver.java,67,1,0,False,True,no,entry:DgsMutation
catalog-service,KEEP_ENTRY,ReferenceDataMutationResolver,createReferenceData,backend/catalog-service/src/main/java/com/pml/catalog/web/graphql/mutation/ReferenceDataMutationResolver.java,37,0,0,True,True,no,entry:DgsMutation
catalog-service,KEEP_ENTRY,ReferenceDataMutationResolver,updateReferenceData,backend/catalog-service/src/main/java/com/pml/catalog/web/graphql/mutation/ReferenceDataMutationResolver.java,51,0,0,True,True,no,entry:DgsMutation
catalog-service,KEEP_ENTRY,ReferenceDataMutationResolver,deleteReferenceData,backend/catalog-service/src/main/java/com/pml/catalog/web/graphql/mutation/ReferenceDataMutationResolver.java,73,0,0,False,True,no,entry:DgsMutation
catalog-service,KEEP_ENTRY,ReferenceDataMutationResolver,setReferenceDataActive,backend/catalog-service/src/main/java/com/pml/catalog/web/graphql/mutation/ReferenceDataMutationResolver.java,84,0,0,True,True,no,entry:DgsMutation
catalog-service,KEEP_ENTRY,TicketTierMutationResolver,deactivateTicketTier,backend/catalog-service/src/main/java/com/pml/catalog/web/graphql/mutation/TicketTierMutationResolver.java,102,0,1,False,True,yes,entry:DgsMutation
catalog-service,KEEP_ENTRY,TicketTierMutationResolver,createTicketTier,backend/catalog-service/src/main/java/com/pml/catalog/web/graphql/mutation/TicketTierMutationResolver.java,42,0,0,True,True,no,entry:DgsMutation
catalog-service,KEEP_ENTRY,TicketTierMutationResolver,updateTicketTier,backend/catalog-service/src/main/java/com/pml/catalog/web/graphql/mutation/TicketTierMutationResolver.java,55,0,0,True,True,no,entry:DgsMutation
catalog-service,KEEP_ENTRY,TicketTierMutationResolver,deleteTicketTier,backend/catalog-service/src/main/java/com/pml/catalog/web/graphql/mutation/TicketTierMutationResolver.java,68,0,0,True,True,no,entry:DgsMutation
catalog-service,KEEP_ENTRY,TicketTierMutationResolver,reorderTicketTiers,backend/catalog-service/src/main/java/com/pml/catalog/web/graphql/mutation/TicketTierMutationResolver.java,79,0,0,False,True,no,entry:DgsMutation
catalog-service,KEEP_ENTRY,TicketTierMutationResolver,activateTicketTier,backend/catalog-service/src/main/java/com/pml/catalog/web/graphql/mutation/TicketTierMutationResolver.java,92,0,1,False,True,yes,entry:DgsMutation
catalog-service,KEEP_ENTRY,ApprovalWorkflowQueryResolver,approvalEscalation,backend/catalog-service/src/main/java/com/pml/catalog/web/graphql/query/ApprovalWorkflowQueryResolver.java,101,1,0,False,True,no,entry:DgsQuery
catalog-service,KEEP_ENTRY,ApprovalWorkflowQueryResolver,activeEscalations,backend/catalog-service/src/main/java/com/pml/catalog/web/graphql/query/ApprovalWorkflowQueryResolver.java,108,1,0,True,True,no,entry:DgsQuery
catalog-service,KEEP_ENTRY,ApprovalWorkflowQueryResolver,myEscalations,backend/catalog-service/src/main/java/com/pml/catalog/web/graphql/query/ApprovalWorkflowQueryResolver.java,120,1,0,True,True,no,entry:DgsQuery
catalog-service,KEEP_ENTRY,ApprovalWorkflowQueryResolver,approvalStats,backend/catalog-service/src/main/java/com/pml/catalog/web/graphql/query/ApprovalWorkflowQueryResolver.java,132,0,0,False,True,no,entry:DgsQuery
catalog-service,KEEP_ENTRY,ApprovalWorkflowQueryResolver,platformConfiguration,backend/catalog-service/src/main/java/com/pml/catalog/web/graphql/query/ApprovalWorkflowQueryResolver.java,46,0,0,True,True,no,entry:DgsQuery
catalog-service,KEEP_ENTRY,ApprovalWorkflowQueryResolver,approvalTimeline,backend/catalog-service/src/main/java/com/pml/catalog/web/graphql/query/ApprovalWorkflowQueryResolver.java,57,1,0,True,True,no,entry:DgsQuery
catalog-service,KEEP_ENTRY,ApprovalWorkflowQueryResolver,approvalTimelines,backend/catalog-service/src/main/java/com/pml/catalog/web/graphql/query/ApprovalWorkflowQueryResolver.java,64,0,0,True,True,no,entry:DgsQuery
catalog-service,KEEP_ENTRY,ApprovalWorkflowQueryResolver,approvalTimelinesByOrganizer,backend/catalog-service/src/main/java/com/pml/catalog/web/graphql/query/ApprovalWorkflowQueryResolver.java,73,1,0,True,True,no,entry:DgsQuery
catalog-service,KEEP_ENTRY,ApprovalWorkflowQueryResolver,pendingApprovalTimelines,backend/catalog-service/src/main/java/com/pml/catalog/web/graphql/query/ApprovalWorkflowQueryResolver.java,82,0,0,True,True,no,entry:DgsQuery
catalog-service,KEEP_ENTRY,ApprovalWorkflowQueryResolver,overdueApprovalTimelines,backend/catalog-service/src/main/java/com/pml/catalog/web/graphql/query/ApprovalWorkflowQueryResolver.java,90,0,0,True,True,no,entry:DgsQuery
catalog-service,KEEP_ENTRY,CityQueryResolver,citiesOffsetPagination,backend/catalog-service/src/main/java/com/pml/catalog/web/graphql/query/CityQueryResolver.java,107,0,0,False,True,no,entry:DgsQuery
catalog-service,KEEP_ENTRY,CityQueryResolver,citiesByProvinceOffsetPagination,backend/catalog-service/src/main/java/com/pml/catalog/web/graphql/query/CityQueryResolver.java,116,1,0,False,True,no,entry:DgsQuery
catalog-service,KEEP_ENTRY,CityQueryResolver,citiesByCountryOffsetPagination,backend/catalog-service/src/main/java/com/pml/catalog/web/graphql/query/CityQueryResolver.java,127,1,0,False,True,no,entry:DgsQuery
catalog-service,KEEP_ENTRY,CityQueryResolver,searchCitiesOffsetPagination,backend/catalog-service/src/main/java/com/pml/catalog/web/graphql/query/CityQueryResolver.java,138,1,0,False,True,no,entry:DgsQuery
catalog-service,KEEP_ENTRY,CityQueryResolver,citiesWithEvents,backend/catalog-service/src/main/java/com/pml/catalog/web/graphql/query/CityQueryResolver.java,153,0,0,False,True,no,entry:DgsQuery
catalog-service,KEEP_ENTRY,CityQueryResolver,cities,backend/catalog-service/src/main/java/com/pml/catalog/web/graphql/query/CityQueryResolver.java,41,1,0,True,True,no,entry:DgsQuery
catalog-service,KEEP_ENTRY,CityQueryResolver,city,backend/catalog-service/src/main/java/com/pml/catalog/web/graphql/query/CityQueryResolver.java,49,1,0,False,True,no,entry:DgsQuery
catalog-service,KEEP_ENTRY,CityQueryResolver,citiesCursorPagination,backend/catalog-service/src/main/java/com/pml/catalog/web/graphql/query/CityQueryResolver.java,60,0,0,False,True,no,entry:DgsQuery
catalog-service,KEEP_ENTRY,CityQueryResolver,citiesByProvinceCursorPagination,backend/catalog-service/src/main/java/com/pml/catalog/web/graphql/query/CityQueryResolver.java,69,1,0,False,True,no,entry:DgsQuery
catalog-service,KEEP_ENTRY,CityQueryResolver,citiesByCountryCursorPagination,backend/catalog-service/src/main/java/com/pml/catalog/web/graphql/query/CityQueryResolver.java,80,1,0,False,True,no,entry:DgsQuery
catalog-service,KEEP_ENTRY,CityQueryResolver,searchCitiesCursorPagination,backend/catalog-service/src/main/java/com/pml/catalog/web/graphql/query/CityQueryResolver.java,91,1,0,False,True,no,entry:DgsQuery
catalog-service,KEEP_ENTRY,EventCategoryQueryResolver,activeEventCategoriesOffsetPagination,backend/catalog-service/src/main/java/com/pml/catalog/web/graphql/query/EventCategoryQueryResolver.java,103,0,0,False,True,no,entry:DgsQuery
catalog-service,KEEP_ENTRY,EventCategoryQueryResolver,searchEventCategoriesOffsetPagination,backend/catalog-service/src/main/java/com/pml/catalog/web/graphql/query/EventCategoryQueryResolver.java,113,1,0,False,True,no,entry:DgsQuery
catalog-service,KEEP_ENTRY,EventCategoryQueryResolver,popularCategories,backend/catalog-service/src/main/java/com/pml/catalog/web/graphql/query/EventCategoryQueryResolver.java,128,1,0,False,True,no,entry:DgsQuery
catalog-service,KEEP_ENTRY,EventCategoryQueryResolver,categories,backend/catalog-service/src/main/java/com/pml/catalog/web/graphql/query/EventCategoryQueryResolver.java,42,1,0,True,True,no,entry:DgsQuery
catalog-service,KEEP_ENTRY,EventCategoryQueryResolver,eventCategory,backend/catalog-service/src/main/java/com/pml/catalog/web/graphql/query/EventCategoryQueryResolver.java,48,1,0,False,True,no,entry:DgsQuery
catalog-service,KEEP_ENTRY,EventCategoryQueryResolver,eventCategoriesCursorPagination,backend/catalog-service/src/main/java/com/pml/catalog/web/graphql/query/EventCategoryQueryResolver.java,59,0,0,False,True,no,entry:DgsQuery
catalog-service,KEEP_ENTRY,EventCategoryQueryResolver,activeEventCategoriesCursorPagination,backend/catalog-service/src/main/java/com/pml/catalog/web/graphql/query/EventCategoryQueryResolver.java,68,0,0,False,True,no,entry:DgsQuery
catalog-service,KEEP_ENTRY,EventCategoryQueryResolver,searchEventCategoriesCursorPagination,backend/catalog-service/src/main/java/com/pml/catalog/web/graphql/query/EventCategoryQueryResolver.java,77,1,0,False,True,no,entry:DgsQuery
catalog-service,KEEP_ENTRY,EventCategoryQueryResolver,eventCategoriesOffsetPagination,backend/catalog-service/src/main/java/com/pml/catalog/web/graphql/query/EventCategoryQueryResolver.java,93,0,0,False,True,no,entry:DgsQuery
catalog-service,KEEP_ENTRY,EventLifecycleQueryResolver,eventLifecycle,backend/catalog-service/src/main/java/com/pml/catalog/web/graphql/query/EventLifecycleQueryResolver.java,36,3,8,False,True,no,entry:DgsQuery
catalog-service,KEEP_ENTRY,EventLifecycleQueryResolver,allowedStatusTransitions,backend/catalog-service/src/main/java/com/pml/catalog/web/graphql/query/EventLifecycleQueryResolver.java,50,1,0,False,True,no,entry:DgsQuery
catalog-service,KEEP_ENTRY,EventQueryResolver,upcomingEventsCursorPagination,backend/catalog-service/src/main/java/com/pml/catalog/web/graphql/query/EventQueryResolver.java,105,0,0,False,True,no,entry:DgsQuery
catalog-service,KEEP_ENTRY,EventQueryResolver,eventsByCategory,backend/catalog-service/src/main/java/com/pml/catalog/web/graphql/query/EventQueryResolver.java,114,1,0,True,True,no,entry:DgsQuery
catalog-service,KEEP_ENTRY,EventQueryResolver,eventsByCity,backend/catalog-service/src/main/java/com/pml/catalog/web/graphql/query/EventQueryResolver.java,125,0,0,True,True,no,entry:DgsQuery
catalog-service,KEEP_ENTRY,EventQueryResolver,eventsByDateRangeCursorPagination,backend/catalog-service/src/main/java/com/pml/catalog/web/graphql/query/EventQueryResolver.java,136,1,0,False,True,no,entry:DgsQuery
catalog-service,KEEP_ENTRY,EventQueryResolver,eventsByPriceRangeCursorPagination,backend/catalog-service/src/main/java/com/pml/catalog/web/graphql/query/EventQueryResolver.java,151,1,0,False,True,no,entry:DgsQuery
catalog-service,KEEP_ENTRY,EventQueryResolver,featuredEventsCursorPagination,backend/catalog-service/src/main/java/com/pml/catalog/web/graphql/query/EventQueryResolver.java,162,0,0,False,True,no,entry:DgsQuery
catalog-service,KEEP_ENTRY,EventQueryResolver,freeEventsCursorPagination,backend/catalog-service/src/main/java/com/pml/catalog/web/graphql/query/EventQueryResolver.java,171,0,0,False,True,no,entry:DgsQuery
catalog-service,KEEP_ENTRY,EventQueryResolver,eventsByOrganizerCursorPagination,backend/catalog-service/src/main/java/com/pml/catalog/web/graphql/query/EventQueryResolver.java,187,1,0,False,True,no,entry:DgsQuery
catalog-service,KEEP_ENTRY,EventQueryResolver,publishedEventsOffsetPagination,backend/catalog-service/src/main/java/com/pml/catalog/web/graphql/query/EventQueryResolver.java,202,0,0,False,True,no,entry:DgsQuery
catalog-service,KEEP_ENTRY,EventQueryResolver,searchEventsOffsetPagination,backend/catalog-service/src/main/java/com/pml/catalog/web/graphql/query/EventQueryResolver.java,211,1,0,False,True,no,entry:DgsQuery
catalog-service,KEEP_ENTRY,EventQueryResolver,upcomingEventsOffsetPagination,backend/catalog-service/src/main/java/com/pml/catalog/web/graphql/query/EventQueryResolver.java,222,0,0,False,True,no,entry:DgsQuery
catalog-service,KEEP_ENTRY,EventQueryResolver,eventsByCategoryOffsetPagination,backend/catalog-service/src/main/java/com/pml/catalog/web/graphql/query/EventQueryResolver.java,231,1,0,False,True,no,entry:DgsQuery
catalog-service,KEEP_ENTRY,EventQueryResolver,eventsByCityOffsetPagination,backend/catalog-service/src/main/java/com/pml/catalog/web/graphql/query/EventQueryResolver.java,242,1,0,False,True,no,entry:DgsQuery
catalog-service,KEEP_ENTRY,EventQueryResolver,eventsByDateRangeOffsetPagination,backend/catalog-service/src/main/java/com/pml/catalog/web/graphql/query/EventQueryResolver.java,253,1,0,False,True,no,entry:DgsQuery
catalog-service,KEEP_ENTRY,EventQueryResolver,eventsByPriceRangeOffsetPagination,backend/catalog-service/src/main/java/com/pml/catalog/web/graphql/query/EventQueryResolver.java,268,1,0,False,True,no,entry:DgsQuery
catalog-service,KEEP_ENTRY,EventQueryResolver,featuredEventsOffsetPagination,backend/catalog-service/src/main/java/com/pml/catalog/web/graphql/query/EventQueryResolver.java,279,0,0,False,True,no,entry:DgsQuery
catalog-service,KEEP_ENTRY,EventQueryResolver,freeEventsOffsetPagination,backend/catalog-service/src/main/java/com/pml/catalog/web/graphql/query/EventQueryResolver.java,288,0,0,False,True,no,entry:DgsQuery
catalog-service,KEEP_ENTRY,EventQueryResolver,eventsByOrganizerOffsetPagination,backend/catalog-service/src/main/java/com/pml/catalog/web/graphql/query/EventQueryResolver.java,304,1,0,False,True,no,entry:DgsQuery
catalog-service,KEEP_ENTRY,EventQueryResolver,events,backend/catalog-service/src/main/java/com/pml/catalog/web/graphql/query/EventQueryResolver.java,320,0,1,True,True,no,entry:DgsQuery
catalog-service,KEEP_ENTRY,EventQueryResolver,draftEvents,backend/catalog-service/src/main/java/com/pml/catalog/web/graphql/query/EventQueryResolver.java,337,2,0,True,True,no,entry:DgsQuery
catalog-service,KEEP_ENTRY,EventQueryResolver,pendingApprovalEvents,backend/catalog-service/src/main/java/com/pml/catalog/web/graphql/query/EventQueryResolver.java,349,1,0,True,True,no,entry:DgsQuery
catalog-service,KEEP_ENTRY,EventQueryResolver,overdueApprovalEvents,backend/catalog-service/src/main/java/com/pml/catalog/web/graphql/query/EventQueryResolver.java,359,0,0,True,True,no,entry:DgsQuery
catalog-service,KEEP_ENTRY,EventQueryResolver,approvedNotPublishedEvents,backend/catalog-service/src/main/java/com/pml/catalog/web/graphql/query/EventQueryResolver.java,369,1,0,True,True,no,entry:DgsQuery
catalog-service,KEEP_ENTRY,EventQueryResolver,eventsByStatus,backend/catalog-service/src/main/java/com/pml/catalog/web/graphql/query/EventQueryResolver.java,379,2,0,True,True,no,entry:DgsQuery
catalog-service,KEEP_ENTRY,EventQueryResolver,cancelledEvents,backend/catalog-service/src/main/java/com/pml/catalog/web/graphql/query/EventQueryResolver.java,391,1,0,True,True,no,entry:DgsQuery
catalog-service,KEEP_ENTRY,EventQueryResolver,completedEvents,backend/catalog-service/src/main/java/com/pml/catalog/web/graphql/query/EventQueryResolver.java,401,1,0,True,True,no,entry:DgsQuery
catalog-service,KEEP_ENTRY,EventQueryResolver,eventCount,backend/catalog-service/src/main/java/com/pml/catalog/web/graphql/query/EventQueryResolver.java,413,1,0,False,True,no,entry:DgsQuery
catalog-service,KEEP_ENTRY,EventQueryResolver,eventCountByOrganizer,backend/catalog-service/src/main/java/com/pml/catalog/web/graphql/query/EventQueryResolver.java,426,1,0,False,True,no,entry:DgsQuery
catalog-service,KEEP_ENTRY,EventQueryResolver,eventCountByCategory,backend/catalog-service/src/main/java/com/pml/catalog/web/graphql/query/EventQueryResolver.java,433,1,0,False,True,no,entry:DgsQuery
catalog-service,KEEP_ENTRY,EventQueryResolver,eventCountByCity,backend/catalog-service/src/main/java/com/pml/catalog/web/graphql/query/EventQueryResolver.java,440,1,0,False,True,no,entry:DgsQuery
catalog-service,KEEP_ENTRY,EventQueryResolver,eventCountByStatus,backend/catalog-service/src/main/java/com/pml/catalog/web/graphql/query/EventQueryResolver.java,447,1,0,False,True,no,entry:DgsQuery
catalog-service,KEEP_ENTRY,EventQueryResolver,eventStatistics,backend/catalog-service/src/main/java/com/pml/catalog/web/graphql/query/EventQueryResolver.java,459,1,0,False,True,no,entry:DgsQuery
catalog-service,KEEP_ENTRY,EventQueryResolver,ticketTierStatistics,backend/catalog-service/src/main/java/com/pml/catalog/web/graphql/query/EventQueryResolver.java,470,1,0,False,True,no,entry:DgsQuery
catalog-service,KEEP_ENTRY,EventQueryResolver,eventStats,backend/catalog-service/src/main/java/com/pml/catalog/web/graphql/query/EventQueryResolver.java,483,0,0,False,True,no,entry:DgsQuery
catalog-service,KEEP_ENTRY,EventQueryResolver,catalogPendingCounts,backend/catalog-service/src/main/java/com/pml/catalog/web/graphql/query/EventQueryResolver.java,498,0,0,False,True,no,entry:DgsQuery
catalog-service,KEEP_ENTRY,EventQueryResolver,event,backend/catalog-service/src/main/java/com/pml/catalog/web/graphql/query/EventQueryResolver.java,57,15,16,True,True,no,entry:DgsQuery
catalog-service,KEEP_ENTRY,EventQueryResolver,discoverEvents,backend/catalog-service/src/main/java/com/pml/catalog/web/graphql/query/EventQueryResolver.java,68,0,0,False,True,no,entry:DgsQuery
catalog-service,KEEP_ENTRY,EventQueryResolver,publishedEventsCursorPagination,backend/catalog-service/src/main/java/com/pml/catalog/web/graphql/query/EventQueryResolver.java,85,0,0,False,True,no,entry:DgsQuery
catalog-service,KEEP_ENTRY,EventQueryResolver,searchEvents,backend/catalog-service/src/main/java/com/pml/catalog/web/graphql/query/EventQueryResolver.java,94,3,0,True,True,no,entry:DgsQuery
catalog-service,KEEP_ENTRY,ExportQueryResolver,exportEventData,backend/catalog-service/src/main/java/com/pml/catalog/web/graphql/query/ExportQueryResolver.java,36,2,0,False,True,no,entry:DgsQuery
catalog-service,KEEP_ENTRY,ExportQueryResolver,exportEventsReport,backend/catalog-service/src/main/java/com/pml/catalog/web/graphql/query/ExportQueryResolver.java,53,2,0,False,True,no,entry:DgsQuery
catalog-service,KEEP_ENTRY,LocationQueryResolver,location,backend/catalog-service/src/main/java/com/pml/catalog/web/graphql/query/LocationQueryResolver.java,36,2,0,True,True,no,entry:DgsQuery
catalog-service,KEEP_ENTRY,LocationQueryResolver,locations,backend/catalog-service/src/main/java/com/pml/catalog/web/graphql/query/LocationQueryResolver.java,47,0,0,True,True,no,entry:DgsQuery
catalog-service,KEEP_ENTRY,LocationQueryResolver,locationsByCity,backend/catalog-service/src/main/java/com/pml/catalog/web/graphql/query/LocationQueryResolver.java,56,1,0,False,True,no,entry:DgsQuery
catalog-service,KEEP_ENTRY,LocationQueryResolver,locationsByCountry,backend/catalog-service/src/main/java/com/pml/catalog/web/graphql/query/LocationQueryResolver.java,67,1,0,False,True,no,entry:DgsQuery
catalog-service,KEEP_ENTRY,LocationQueryResolver,searchLocations,backend/catalog-service/src/main/java/com/pml/catalog/web/graphql/query/LocationQueryResolver.java,78,2,0,False,True,no,entry:DgsQuery
catalog-service,KEEP_ENTRY,LocationQueryResolver,locationsNearby,backend/catalog-service/src/main/java/com/pml/catalog/web/graphql/query/LocationQueryResolver.java,89,0,0,False,True,no,entry:DgsQuery
catalog-service,KEEP_ENTRY,OrganizerEventQueryResolver,myEventCountByStatus,backend/catalog-service/src/main/java/com/pml/catalog/web/graphql/query/OrganizerEventQueryResolver.java,109,0,0,False,True,no,entry:DgsQuery
catalog-service,KEEP_ENTRY,OrganizerEventQueryResolver,myEvents,backend/catalog-service/src/main/java/com/pml/catalog/web/graphql/query/OrganizerEventQueryResolver.java,45,0,0,False,True,no,entry:DgsQuery
catalog-service,KEEP_ENTRY,OrganizerEventQueryResolver,myDraftEvents,backend/catalog-service/src/main/java/com/pml/catalog/web/graphql/query/OrganizerEventQueryResolver.java,73,0,0,False,True,no,entry:DgsQuery
catalog-service,KEEP_ENTRY,OrganizerEventQueryResolver,myEventCount,backend/catalog-service/src/main/java/com/pml/catalog/web/graphql/query/OrganizerEventQueryResolver.java,93,0,0,False,True,no,entry:DgsQuery
catalog-service,KEEP_ENTRY,ProvinceQueryResolver,provincesByCountryOffsetPagination,backend/catalog-service/src/main/java/com/pml/catalog/web/graphql/query/ProvinceQueryResolver.java,105,1,0,False,True,no,entry:DgsQuery
catalog-service,KEEP_ENTRY,ProvinceQueryResolver,searchProvincesOffsetPagination,backend/catalog-service/src/main/java/com/pml/catalog/web/graphql/query/ProvinceQueryResolver.java,116,1,0,False,True,no,entry:DgsQuery
catalog-service,KEEP_ENTRY,ProvinceQueryResolver,provinces,backend/catalog-service/src/main/java/com/pml/catalog/web/graphql/query/ProvinceQueryResolver.java,43,1,0,True,True,no,entry:DgsQuery
catalog-service,KEEP_ENTRY,ProvinceQueryResolver,province,backend/catalog-service/src/main/java/com/pml/catalog/web/graphql/query/ProvinceQueryResolver.java,49,1,0,False,True,no,entry:DgsQuery
catalog-service,KEEP_ENTRY,ProvinceQueryResolver,provincesCursorPagination,backend/catalog-service/src/main/java/com/pml/catalog/web/graphql/query/ProvinceQueryResolver.java,60,0,0,False,True,no,entry:DgsQuery
catalog-service,KEEP_ENTRY,ProvinceQueryResolver,provincesByCountryCursorPagination,backend/catalog-service/src/main/java/com/pml/catalog/web/graphql/query/ProvinceQueryResolver.java,69,1,0,False,True,no,entry:DgsQuery
catalog-service,KEEP_ENTRY,ProvinceQueryResolver,searchProvincesCursorPagination,backend/catalog-service/src/main/java/com/pml/catalog/web/graphql/query/ProvinceQueryResolver.java,80,1,0,False,True,no,entry:DgsQuery
catalog-service,KEEP_ENTRY,ProvinceQueryResolver,provincesOffsetPagination,backend/catalog-service/src/main/java/com/pml/catalog/web/graphql/query/ProvinceQueryResolver.java,96,0,0,False,True,no,entry:DgsQuery
catalog-service,KEEP_ENTRY,ReferenceDataQueryResolver,referenceItem,backend/catalog-service/src/main/java/com/pml/catalog/web/graphql/query/ReferenceDataQueryResolver.java,39,0,0,False,True,no,entry:DgsQuery
catalog-service,KEEP_ENTRY,ReferenceDataQueryResolver,referenceData,backend/catalog-service/src/main/java/com/pml/catalog/web/graphql/query/ReferenceDataQueryResolver.java,48,1,0,True,True,no,entry:DgsQuery
catalog-service,KEEP_ENTRY,ReferenceDataQueryResolver,referenceDataByParent,backend/catalog-service/src/main/java/com/pml/catalog/web/graphql/query/ReferenceDataQueryResolver.java,58,0,0,False,True,no,entry:DgsQuery
catalog-service,KEEP_ENTRY,ReferenceDataQueryResolver,referenceDataAll,backend/catalog-service/src/main/java/com/pml/catalog/web/graphql/query/ReferenceDataQueryResolver.java,68,0,0,True,True,no,entry:DgsQuery
catalog-service,KEEP_ENTRY,ReferenceDataQueryResolver,referenceTypes,backend/catalog-service/src/main/java/com/pml/catalog/web/graphql/query/ReferenceDataQueryResolver.java,86,0,0,True,True,no,entry:DgsQuery
catalog-service,KEEP_ENTRY,TicketTierQueryResolver,ticketTier,backend/catalog-service/src/main/java/com/pml/catalog/web/graphql/query/TicketTierQueryResolver.java,32,0,0,True,True,no,entry:DgsQuery
catalog-service,KEEP_ENTRY,TicketTierQueryResolver,eventTicketTiers,backend/catalog-service/src/main/java/com/pml/catalog/web/graphql/query/TicketTierQueryResolver.java,41,0,0,True,True,no,entry:DgsQuery
catalog-service,KEEP_ENTRY,TicketTierQueryResolver,availableTicketTiers,backend/catalog-service/src/main/java/com/pml/catalog/web/graphql/query/TicketTierQueryResolver.java,55,0,0,True,True,no,entry:DgsQuery
catalog-service,KEEP_ENTRY,ApprovalTimelineFieldResolver,escalation,backend/catalog-service/src/main/java/com/pml/catalog/web/graphql/resolver/ApprovalTimelineFieldResolver.java,31,1,0,False,True,no,entry:DgsData
catalog-service,KEEP_ENTRY,EventApprovalBlockersResolver,approvalBlockers,backend/catalog-service/src/main/java/com/pml/catalog/web/graphql/resolver/EventApprovalBlockersResolver.java,28,3,7,False,True,no,entry:DgsData
catalog-service,KEEP_ENTRY,EventComputedFieldResolver,soldOut,backend/catalog-service/src/main/java/com/pml/catalog/web/graphql/resolver/EventComputedFieldResolver.java,101,1,0,False,True,no,entry:DgsData
catalog-service,KEEP_ENTRY,EventComputedFieldResolver,currency,backend/catalog-service/src/main/java/com/pml/catalog/web/graphql/resolver/EventComputedFieldResolver.java,110,0,0,False,True,no,entry:DgsData
catalog-service,KEEP_ENTRY,EventComputedFieldResolver,category,backend/catalog-service/src/main/java/com/pml/catalog/web/graphql/resolver/EventComputedFieldResolver.java,49,1,0,False,True,no,entry:DgsData
catalog-service,KEEP_ENTRY,EventComputedFieldResolver,ticketTiers,backend/catalog-service/src/main/java/com/pml/catalog/web/graphql/resolver/EventComputedFieldResolver.java,62,0,0,False,True,no,entry:DgsData
catalog-service,KEEP_ENTRY,EventComputedFieldResolver,minTicketPrice,backend/catalog-service/src/main/java/com/pml/catalog/web/graphql/resolver/EventComputedFieldResolver.java,75,0,0,False,True,no,entry:DgsData
catalog-service,KEEP_ENTRY,EventComputedFieldResolver,maxTicketPrice,backend/catalog-service/src/main/java/com/pml/catalog/web/graphql/resolver/EventComputedFieldResolver.java,88,0,0,False,True,no,entry:DgsData
catalog-service,KEEP_ENTRY,LocationFieldResolver,city,backend/catalog-service/src/main/java/com/pml/catalog/web/graphql/resolver/LocationFieldResolver.java,101,1,0,False,True,no,entry:DgsData
catalog-service,KEEP_ENTRY,LocationFieldResolver,province,backend/catalog-service/src/main/java/com/pml/catalog/web/graphql/resolver/LocationFieldResolver.java,110,1,0,False,True,no,entry:DgsData
catalog-service,KEEP_ENTRY,LocationFieldResolver,id,backend/catalog-service/src/main/java/com/pml/catalog/web/graphql/resolver/LocationFieldResolver.java,31,2,10,False,True,no,entry:DgsData
catalog-service,KEEP_ENTRY,LocationFieldResolver,name,backend/catalog-service/src/main/java/com/pml/catalog/web/graphql/resolver/LocationFieldResolver.java,40,86,68,False,True,no,entry:DgsData
catalog-service,KEEP_ENTRY,LocationFieldResolver,address,backend/catalog-service/src/main/java/com/pml/catalog/web/graphql/resolver/LocationFieldResolver.java,49,0,0,False,True,no,entry:DgsData
catalog-service,KEEP_ENTRY,LocationFieldResolver,country,backend/catalog-service/src/main/java/com/pml/catalog/web/graphql/resolver/LocationFieldResolver.java,58,0,0,False,True,no,entry:DgsData
catalog-service,KEEP_ENTRY,LocationFieldResolver,postalCode,backend/catalog-service/src/main/java/com/pml/catalog/web/graphql/resolver/LocationFieldResolver.java,67,0,0,False,True,no,entry:DgsData
catalog-service,KEEP_ENTRY,LocationFieldResolver,description,backend/catalog-service/src/main/java/com/pml/catalog/web/graphql/resolver/LocationFieldResolver.java,76,35,1,False,True,no,entry:DgsData
catalog-service,KEEP_ENTRY,LocationFieldResolver,coordinates,backend/catalog-service/src/main/java/com/pml/catalog/web/graphql/resolver/LocationFieldResolver.java,89,1,0,False,True,no,entry:DgsData
catalog-service,KEEP_ENTRY,ReferenceDataFieldResolver,formattedName,backend/catalog-service/src/main/java/com/pml/catalog/web/graphql/resolver/ReferenceDataFieldResolver.java,108,0,0,False,True,no,entry:DgsData
catalog-service,KEEP_ENTRY,ReferenceDataFieldResolver,provinceCreatedBy,backend/catalog-service/src/main/java/com/pml/catalog/web/graphql/resolver/ReferenceDataFieldResolver.java,124,0,0,False,False,no,entry:DgsData
catalog-service,KEEP_ENTRY,ReferenceDataFieldResolver,provinceUpdatedBy,backend/catalog-service/src/main/java/com/pml/catalog/web/graphql/resolver/ReferenceDataFieldResolver.java,132,0,0,False,False,no,entry:DgsData
catalog-service,KEEP_ENTRY,ReferenceDataFieldResolver,cityCode,backend/catalog-service/src/main/java/com/pml/catalog/web/graphql/resolver/ReferenceDataFieldResolver.java,144,0,0,False,False,no,entry:DgsData
catalog-service,KEEP_ENTRY,ReferenceDataFieldResolver,cityProvince,backend/catalog-service/src/main/java/com/pml/catalog/web/graphql/resolver/ReferenceDataFieldResolver.java,156,0,0,False,False,no,entry:DgsData
catalog-service,KEEP_ENTRY,ReferenceDataFieldResolver,cityCreatedBy,backend/catalog-service/src/main/java/com/pml/catalog/web/graphql/resolver/ReferenceDataFieldResolver.java,168,0,0,False,False,no,entry:DgsData
catalog-service,KEEP_ENTRY,ReferenceDataFieldResolver,cityUpdatedBy,backend/catalog-service/src/main/java/com/pml/catalog/web/graphql/resolver/ReferenceDataFieldResolver.java,176,0,0,False,False,no,entry:DgsData
catalog-service,KEEP_ENTRY,ReferenceDataFieldResolver,eventCount,backend/catalog-service/src/main/java/com/pml/catalog/web/graphql/resolver/ReferenceDataFieldResolver.java,53,1,0,False,True,no,entry:DgsData
catalog-service,KEEP_ENTRY,ReferenceDataFieldResolver,categoryCode,backend/catalog-service/src/main/java/com/pml/catalog/web/graphql/resolver/ReferenceDataFieldResolver.java,66,0,0,False,False,no,entry:DgsData
catalog-service,KEEP_ENTRY,ReferenceDataFieldResolver,sortOrder,backend/catalog-service/src/main/java/com/pml/catalog/web/graphql/resolver/ReferenceDataFieldResolver.java,81,5,0,False,True,no,entry:DgsData
catalog-service,KEEP_ENTRY,ReferenceDataFieldResolver,cityCount,backend/catalog-service/src/main/java/com/pml/catalog/web/graphql/resolver/ReferenceDataFieldResolver.java,95,0,0,False,True,no,entry:DgsData
catalog-service,KEEP_ENTRY,TicketTierFieldResolver,currency,backend/catalog-service/src/main/java/com/pml/catalog/web/graphql/resolver/TicketTierFieldResolver.java,24,0,0,False,True,no,entry:DgsData
catalog-service,KEEP_ENTRY,InternalEventController,getEventById,backend/catalog-service/src/main/java/com/pml/catalog/web/rest/InternalEventController.java,31,0,0,False,False,no,entry:GetMapping
catalog-service,KEEP_ENTRY,InternalInventoryController,commitInventory,backend/catalog-service/src/main/java/com/pml/catalog/web/rest/InternalInventoryController.java,108,0,0,False,False,no,entry:PostMapping
catalog-service,KEEP_ENTRY,InternalInventoryController,restoreInventory,backend/catalog-service/src/main/java/com/pml/catalog/web/rest/InternalInventoryController.java,135,0,0,False,False,no,entry:PostMapping
catalog-service,KEEP_ENTRY,InternalInventoryController,reserveInventory,backend/catalog-service/src/main/java/com/pml/catalog/web/rest/InternalInventoryController.java,53,1,14,False,False,no,entry:PostMapping
catalog-service,KEEP_ENTRY,InternalInventoryController,releaseInventory,backend/catalog-service/src/main/java/com/pml/catalog/web/rest/InternalInventoryController.java,81,0,0,False,False,no,entry:PostMapping
catalog-service,KEEP_ENTRY,ApprovalBlocker,approvalBlockers,backend/catalog-service/src/main/java/com/pml/catalog/workflow/approval/ApprovalRules.java,160,3,7,False,True,no,entry:inherited
catalog-service,KEEP_ENTRY,EventApprovalActivities,current,backend/catalog-service/src/main/java/com/pml/catalog/workflow/approval/EventApprovalActivities.java,20,4,9,True,False,no,entry:inherited
catalog-service,KEEP_ENTRY,EventApprovalActivities,submit,backend/catalog-service/src/main/java/com/pml/catalog/workflow/approval/EventApprovalActivities.java,23,4,16,True,False,no,entry:inherited
catalog-service,KEEP_ENTRY,EventApprovalActivities,resubmit,backend/catalog-service/src/main/java/com/pml/catalog/workflow/approval/EventApprovalActivities.java,26,3,7,False,False,no,entry:inherited
catalog-service,KEEP_ENTRY,EventApprovalActivities,claim,backend/catalog-service/src/main/java/com/pml/catalog/workflow/approval/EventApprovalActivities.java,28,6,21,False,False,no,entry:inherited
catalog-service,KEEP_ENTRY,EventApprovalActivities,approve,backend/catalog-service/src/main/java/com/pml/catalog/workflow/approval/EventApprovalActivities.java,36,4,13,True,False,no,entry:inherited
catalog-service,KEEP_ENTRY,EventApprovalActivities,reject,backend/catalog-service/src/main/java/com/pml/catalog/workflow/approval/EventApprovalActivities.java,38,4,7,True,False,no,entry:inherited
catalog-service,KEEP_ENTRY,EventApprovalActivities,requestChanges,backend/catalog-service/src/main/java/com/pml/catalog/workflow/approval/EventApprovalActivities.java,40,4,7,True,False,no,entry:inherited
catalog-service,KEEP_ENTRY,EventApprovalActivitiesImpl,current,backend/catalog-service/src/main/java/com/pml/catalog/workflow/approval/EventApprovalActivitiesImpl.java,38,4,9,True,False,no,entry:inherited
catalog-service,KEEP_ENTRY,EventApprovalActivitiesImpl,submit,backend/catalog-service/src/main/java/com/pml/catalog/workflow/approval/EventApprovalActivitiesImpl.java,43,4,16,True,False,no,entry:inherited
catalog-service,KEEP_ENTRY,EventApprovalActivitiesImpl,resubmit,backend/catalog-service/src/main/java/com/pml/catalog/workflow/approval/EventApprovalActivitiesImpl.java,48,3,7,False,False,no,entry:inherited
catalog-service,KEEP_ENTRY,EventApprovalActivitiesImpl,claim,backend/catalog-service/src/main/java/com/pml/catalog/workflow/approval/EventApprovalActivitiesImpl.java,53,6,21,False,False,no,entry:inherited
catalog-service,KEEP_ENTRY,EventApprovalActivitiesImpl,approve,backend/catalog-service/src/main/java/com/pml/catalog/workflow/approval/EventApprovalActivitiesImpl.java,68,4,13,True,False,no,entry:inherited
catalog-service,KEEP_ENTRY,EventApprovalActivitiesImpl,reject,backend/catalog-service/src/main/java/com/pml/catalog/workflow/approval/EventApprovalActivitiesImpl.java,73,4,7,True,False,no,entry:inherited
catalog-service,KEEP_ENTRY,EventApprovalActivitiesImpl,requestChanges,backend/catalog-service/src/main/java/com/pml/catalog/workflow/approval/EventApprovalActivitiesImpl.java,78,4,7,True,False,no,entry:inherited
catalog-service,KEEP_ENTRY,EventApprovalAdoptionRunner,run,backend/catalog-service/src/main/java/com/pml/catalog/workflow/approval/EventApprovalAdoptionRunner.java,42,6,54,False,False,no,entry:inherited
catalog-service,KEEP_ENTRY,EventApprovalProcess,submit,backend/catalog-service/src/main/java/com/pml/catalog/workflow/approval/EventApprovalProcess.java,49,4,16,True,False,no,entry:inherited
catalog-service,KEEP_ENTRY,EventApprovalProcess,approve,backend/catalog-service/src/main/java/com/pml/catalog/workflow/approval/EventApprovalProcess.java,63,4,13,True,False,no,entry:inherited
catalog-service,KEEP_ENTRY,EventApprovalProcess,reject,backend/catalog-service/src/main/java/com/pml/catalog/workflow/approval/EventApprovalProcess.java,68,4,7,True,False,no,entry:inherited
catalog-service,KEEP_ENTRY,EventApprovalProcess,requestChanges,backend/catalog-service/src/main/java/com/pml/catalog/workflow/approval/EventApprovalProcess.java,73,4,7,True,False,no,entry:inherited
catalog-service,KEEP_ENTRY,EventApprovalProcess,claim,backend/catalog-service/src/main/java/com/pml/catalog/workflow/approval/EventApprovalProcess.java,78,6,21,False,False,no,entry:inherited
catalog-service,KEEP_ENTRY,EventApprovalProcess,release,backend/catalog-service/src/main/java/com/pml/catalog/workflow/approval/EventApprovalProcess.java,83,5,0,True,False,no,entry:inherited
catalog-service,KEEP_ENTRY,EventApprovalWorkflow,run,backend/catalog-service/src/main/java/com/pml/catalog/workflow/approval/EventApprovalWorkflow.java,26,6,54,False,False,no,entry:WorkflowMethod
catalog-service,KEEP_ENTRY,EventApprovalWorkflow,submit,backend/catalog-service/src/main/java/com/pml/catalog/workflow/approval/EventApprovalWorkflow.java,30,4,16,True,False,no,entry:UpdateMethod
catalog-service,KEEP_ENTRY,EventApprovalWorkflow,validateSubmit,backend/catalog-service/src/main/java/com/pml/catalog/workflow/approval/EventApprovalWorkflow.java,33,0,0,False,False,no,entry:UpdateValidatorMethod
catalog-service,KEEP_ENTRY,EventApprovalWorkflow,resubmit,backend/catalog-service/src/main/java/com/pml/catalog/workflow/approval/EventApprovalWorkflow.java,36,3,7,False,False,no,entry:UpdateMethod
catalog-service,KEEP_ENTRY,EventApprovalWorkflow,validateResubmit,backend/catalog-service/src/main/java/com/pml/catalog/workflow/approval/EventApprovalWorkflow.java,39,0,0,False,False,no,entry:UpdateValidatorMethod
catalog-service,KEEP_ENTRY,EventApprovalWorkflow,claim,backend/catalog-service/src/main/java/com/pml/catalog/workflow/approval/EventApprovalWorkflow.java,42,6,21,False,False,no,entry:UpdateMethod
catalog-service,KEEP_ENTRY,EventApprovalWorkflow,validateClaim,backend/catalog-service/src/main/java/com/pml/catalog/workflow/approval/EventApprovalWorkflow.java,45,0,0,False,False,no,entry:UpdateValidatorMethod
catalog-service,KEEP_ENTRY,EventApprovalWorkflow,release,backend/catalog-service/src/main/java/com/pml/catalog/workflow/approval/EventApprovalWorkflow.java,48,5,0,True,False,no,entry:UpdateMethod
catalog-service,KEEP_ENTRY,EventApprovalWorkflow,validateRelease,backend/catalog-service/src/main/java/com/pml/catalog/workflow/approval/EventApprovalWorkflow.java,51,0,0,False,False,no,entry:UpdateValidatorMethod
catalog-service,KEEP_ENTRY,EventApprovalWorkflow,approve,backend/catalog-service/src/main/java/com/pml/catalog/workflow/approval/EventApprovalWorkflow.java,54,4,13,True,False,no,entry:UpdateMethod
catalog-service,KEEP_ENTRY,EventApprovalWorkflow,validateApprove,backend/catalog-service/src/main/java/com/pml/catalog/workflow/approval/EventApprovalWorkflow.java,57,0,0,False,False,no,entry:UpdateValidatorMethod
catalog-service,KEEP_ENTRY,EventApprovalWorkflow,reject,backend/catalog-service/src/main/java/com/pml/catalog/workflow/approval/EventApprovalWorkflow.java,60,4,7,True,False,no,entry:UpdateMethod
catalog-service,KEEP_ENTRY,EventApprovalWorkflow,validateReject,backend/catalog-service/src/main/java/com/pml/catalog/workflow/approval/EventApprovalWorkflow.java,63,0,0,False,False,no,entry:UpdateValidatorMethod
catalog-service,KEEP_ENTRY,EventApprovalWorkflow,requestChanges,backend/catalog-service/src/main/java/com/pml/catalog/workflow/approval/EventApprovalWorkflow.java,66,4,7,True,False,no,entry:UpdateMethod
catalog-service,KEEP_ENTRY,EventApprovalWorkflow,validateRequestChanges,backend/catalog-service/src/main/java/com/pml/catalog/workflow/approval/EventApprovalWorkflow.java,69,0,0,False,False,no,entry:UpdateValidatorMethod
catalog-service,KEEP_ENTRY,EventApprovalWorkflow,current,backend/catalog-service/src/main/java/com/pml/catalog/workflow/approval/EventApprovalWorkflow.java,72,4,9,True,False,no,entry:QueryMethod
catalog-service,KEEP_ENTRY,EventApprovalWorkflowImpl,validateSubmit,backend/catalog-service/src/main/java/com/pml/catalog/workflow/approval/EventApprovalWorkflowImpl.java,116,0,0,False,False,yes,entry:inherited
catalog-service,KEEP_ENTRY,EventApprovalWorkflowImpl,submit,backend/catalog-service/src/main/java/com/pml/catalog/workflow/approval/EventApprovalWorkflowImpl.java,121,4,16,True,False,yes,entry:inherited
catalog-service,KEEP_ENTRY,EventApprovalWorkflowImpl,validateResubmit,backend/catalog-service/src/main/java/com/pml/catalog/workflow/approval/EventApprovalWorkflowImpl.java,152,0,0,False,False,yes,entry:inherited
catalog-service,KEEP_ENTRY,EventApprovalWorkflowImpl,resubmit,backend/catalog-service/src/main/java/com/pml/catalog/workflow/approval/EventApprovalWorkflowImpl.java,157,3,7,False,False,yes,entry:inherited
catalog-service,KEEP_ENTRY,EventApprovalWorkflowImpl,validateClaim,backend/catalog-service/src/main/java/com/pml/catalog/workflow/approval/EventApprovalWorkflowImpl.java,178,0,0,False,False,yes,entry:inherited
catalog-service,KEEP_ENTRY,EventApprovalWorkflowImpl,claim,backend/catalog-service/src/main/java/com/pml/catalog/workflow/approval/EventApprovalWorkflowImpl.java,184,6,21,False,False,yes,entry:inherited
catalog-service,KEEP_ENTRY,EventApprovalWorkflowImpl,validateRelease,backend/catalog-service/src/main/java/com/pml/catalog/workflow/approval/EventApprovalWorkflowImpl.java,206,0,0,False,False,no,entry:inherited
catalog-service,KEEP_ENTRY,EventApprovalWorkflowImpl,release,backend/catalog-service/src/main/java/com/pml/catalog/workflow/approval/EventApprovalWorkflowImpl.java,211,5,0,True,False,no,entry:inherited
catalog-service,KEEP_ENTRY,EventApprovalWorkflowImpl,validateApprove,backend/catalog-service/src/main/java/com/pml/catalog/workflow/approval/EventApprovalWorkflowImpl.java,231,0,0,False,False,yes,entry:inherited
catalog-service,KEEP_ENTRY,EventApprovalWorkflowImpl,approve,backend/catalog-service/src/main/java/com/pml/catalog/workflow/approval/EventApprovalWorkflowImpl.java,238,4,13,True,False,yes,entry:inherited
catalog-service,KEEP_ENTRY,EventApprovalWorkflowImpl,validateReject,backend/catalog-service/src/main/java/com/pml/catalog/workflow/approval/EventApprovalWorkflowImpl.java,244,0,0,False,False,yes,entry:inherited
catalog-service,KEEP_ENTRY,EventApprovalWorkflowImpl,reject,backend/catalog-service/src/main/java/com/pml/catalog/workflow/approval/EventApprovalWorkflowImpl.java,251,4,7,True,False,yes,entry:inherited
catalog-service,KEEP_ENTRY,EventApprovalWorkflowImpl,validateRequestChanges,backend/catalog-service/src/main/java/com/pml/catalog/workflow/approval/EventApprovalWorkflowImpl.java,257,0,0,False,False,yes,entry:inherited
catalog-service,KEEP_ENTRY,EventApprovalWorkflowImpl,requestChanges,backend/catalog-service/src/main/java/com/pml/catalog/workflow/approval/EventApprovalWorkflowImpl.java,264,4,7,True,False,yes,entry:inherited
catalog-service,KEEP_ENTRY,EventApprovalWorkflowImpl,current,backend/catalog-service/src/main/java/com/pml/catalog/workflow/approval/EventApprovalWorkflowImpl.java,270,4,9,True,False,yes,entry:inherited
catalog-service,KEEP_ENTRY,EventApprovalWorkflowImpl,run,backend/catalog-service/src/main/java/com/pml/catalog/workflow/approval/EventApprovalWorkflowImpl.java,59,6,54,False,False,yes,entry:inherited
catalog-service,KEEP_ENTRY,EventLifecycleActivities,current,backend/catalog-service/src/main/java/com/pml/catalog/workflow/lifecycle/EventLifecycleActivities.java,17,4,9,True,False,no,entry:inherited
catalog-service,KEEP_ENTRY,EventLifecycleActivities,publish,backend/catalog-service/src/main/java/com/pml/catalog/workflow/lifecycle/EventLifecycleActivities.java,20,7,13,False,False,no,entry:inherited
catalog-service,KEEP_ENTRY,EventLifecycleActivities,reschedule,backend/catalog-service/src/main/java/com/pml/catalog/workflow/lifecycle/EventLifecycleActivities.java,23,3,7,False,False,no,entry:inherited
catalog-service,KEEP_ENTRY,EventLifecycleActivities,cancel,backend/catalog-service/src/main/java/com/pml/catalog/workflow/lifecycle/EventLifecycleActivities.java,26,3,6,True,False,no,entry:inherited
catalog-service,KEEP_ENTRY,EventLifecycleActivities,unpublish,backend/catalog-service/src/main/java/com/pml/catalog/workflow/lifecycle/EventLifecycleActivities.java,29,3,5,False,False,no,entry:inherited
catalog-service,KEEP_ENTRY,EventLifecycleActivitiesImpl,current,backend/catalog-service/src/main/java/com/pml/catalog/workflow/lifecycle/EventLifecycleActivitiesImpl.java,48,4,9,True,False,no,entry:inherited
catalog-service,KEEP_ENTRY,EventLifecycleActivitiesImpl,publish,backend/catalog-service/src/main/java/com/pml/catalog/workflow/lifecycle/EventLifecycleActivitiesImpl.java,53,7,13,False,False,no,entry:inherited
catalog-service,KEEP_ENTRY,EventLifecycleActivitiesImpl,reschedule,backend/catalog-service/src/main/java/com/pml/catalog/workflow/lifecycle/EventLifecycleActivitiesImpl.java,58,3,7,False,False,no,entry:inherited
catalog-service,KEEP_ENTRY,EventLifecycleActivitiesImpl,cancel,backend/catalog-service/src/main/java/com/pml/catalog/workflow/lifecycle/EventLifecycleActivitiesImpl.java,69,3,6,True,False,yes,entry:inherited
catalog-service,KEEP_ENTRY,EventLifecycleActivitiesImpl,unpublish,backend/catalog-service/src/main/java/com/pml/catalog/workflow/lifecycle/EventLifecycleActivitiesImpl.java,80,3,5,False,False,yes,entry:inherited
catalog-service,KEEP_ENTRY,EventLifecycleAdoptionRunner,run,backend/catalog-service/src/main/java/com/pml/catalog/workflow/lifecycle/EventLifecycleAdoptionRunner.java,42,6,54,False,False,no,entry:inherited
catalog-service,KEEP_ENTRY,EventLifecycleProcess,publish,backend/catalog-service/src/main/java/com/pml/catalog/workflow/lifecycle/EventLifecycleProcess.java,47,7,13,False,False,no,entry:inherited
catalog-service,KEEP_ENTRY,EventLifecycleProcess,unpublish,backend/catalog-service/src/main/java/com/pml/catalog/workflow/lifecycle/EventLifecycleProcess.java,51,3,5,False,False,no,entry:inherited
catalog-service,KEEP_ENTRY,EventLifecycleProcess,reschedule,backend/catalog-service/src/main/java/com/pml/catalog/workflow/lifecycle/EventLifecycleProcess.java,55,3,7,False,False,no,entry:inherited
catalog-service,KEEP_ENTRY,EventLifecycleProcess,cancel,backend/catalog-service/src/main/java/com/pml/catalog/workflow/lifecycle/EventLifecycleProcess.java,63,3,6,True,False,no,entry:inherited
catalog-service,KEEP_ENTRY,EventLifecycleWorkflow,run,backend/catalog-service/src/main/java/com/pml/catalog/workflow/lifecycle/EventLifecycleWorkflow.java,25,6,54,False,False,no,entry:WorkflowMethod
catalog-service,KEEP_ENTRY,EventLifecycleWorkflow,publish,backend/catalog-service/src/main/java/com/pml/catalog/workflow/lifecycle/EventLifecycleWorkflow.java,28,7,13,False,False,no,entry:UpdateMethod
catalog-service,KEEP_ENTRY,EventLifecycleWorkflow,validatePublish,backend/catalog-service/src/main/java/com/pml/catalog/workflow/lifecycle/EventLifecycleWorkflow.java,31,0,0,False,False,no,entry:UpdateValidatorMethod
catalog-service,KEEP_ENTRY,EventLifecycleWorkflow,reschedule,backend/catalog-service/src/main/java/com/pml/catalog/workflow/lifecycle/EventLifecycleWorkflow.java,34,3,7,False,False,no,entry:UpdateMethod
catalog-service,KEEP_ENTRY,EventLifecycleWorkflow,validateReschedule,backend/catalog-service/src/main/java/com/pml/catalog/workflow/lifecycle/EventLifecycleWorkflow.java,37,0,0,False,False,no,entry:UpdateValidatorMethod
catalog-service,KEEP_ENTRY,EventLifecycleWorkflow,cancel,backend/catalog-service/src/main/java/com/pml/catalog/workflow/lifecycle/EventLifecycleWorkflow.java,40,3,6,True,False,no,entry:UpdateMethod
catalog-service,KEEP_ENTRY,EventLifecycleWorkflow,validateCancel,backend/catalog-service/src/main/java/com/pml/catalog/workflow/lifecycle/EventLifecycleWorkflow.java,43,0,0,False,False,no,entry:UpdateValidatorMethod
catalog-service,KEEP_ENTRY,EventLifecycleWorkflow,unpublish,backend/catalog-service/src/main/java/com/pml/catalog/workflow/lifecycle/EventLifecycleWorkflow.java,46,3,5,False,False,no,entry:UpdateMethod
catalog-service,KEEP_ENTRY,EventLifecycleWorkflow,validateUnpublish,backend/catalog-service/src/main/java/com/pml/catalog/workflow/lifecycle/EventLifecycleWorkflow.java,49,0,0,False,False,no,entry:UpdateValidatorMethod
catalog-service,KEEP_ENTRY,EventLifecycleWorkflow,current,backend/catalog-service/src/main/java/com/pml/catalog/workflow/lifecycle/EventLifecycleWorkflow.java,52,4,9,True,False,no,entry:QueryMethod
catalog-service,KEEP_ENTRY,EventLifecycleWorkflowImpl,reschedule,backend/catalog-service/src/main/java/com/pml/catalog/workflow/lifecycle/EventLifecycleWorkflowImpl.java,100,3,7,False,False,yes,entry:inherited
catalog-service,KEEP_ENTRY,EventLifecycleWorkflowImpl,validateCancel,backend/catalog-service/src/main/java/com/pml/catalog/workflow/lifecycle/EventLifecycleWorkflowImpl.java,105,0,0,False,False,yes,entry:inherited
catalog-service,KEEP_ENTRY,EventLifecycleWorkflowImpl,cancel,backend/catalog-service/src/main/java/com/pml/catalog/workflow/lifecycle/EventLifecycleWorkflowImpl.java,110,3,6,True,False,yes,entry:inherited
catalog-service,KEEP_ENTRY,EventLifecycleWorkflowImpl,validateUnpublish,backend/catalog-service/src/main/java/com/pml/catalog/workflow/lifecycle/EventLifecycleWorkflowImpl.java,115,0,0,False,False,yes,entry:inherited
catalog-service,KEEP_ENTRY,EventLifecycleWorkflowImpl,unpublish,backend/catalog-service/src/main/java/com/pml/catalog/workflow/lifecycle/EventLifecycleWorkflowImpl.java,120,3,5,False,False,yes,entry:inherited
catalog-service,KEEP_ENTRY,EventLifecycleWorkflowImpl,current,backend/catalog-service/src/main/java/com/pml/catalog/workflow/lifecycle/EventLifecycleWorkflowImpl.java,125,4,9,True,False,yes,entry:inherited
catalog-service,KEEP_ENTRY,EventLifecycleWorkflowImpl,apply,backend/catalog-service/src/main/java/com/pml/catalog/workflow/lifecycle/EventLifecycleWorkflowImpl.java,131,12,3,False,False,yes,framework-name
catalog-service,KEEP_ENTRY,EventLifecycleWorkflowImpl,run,backend/catalog-service/src/main/java/com/pml/catalog/workflow/lifecycle/EventLifecycleWorkflowImpl.java,42,6,54,False,False,yes,entry:inherited
catalog-service,KEEP_ENTRY,EventLifecycleWorkflowImpl,validatePublish,backend/catalog-service/src/main/java/com/pml/catalog/workflow/lifecycle/EventLifecycleWorkflowImpl.java,84,0,0,False,False,yes,entry:inherited
catalog-service,KEEP_ENTRY,EventLifecycleWorkflowImpl,publish,backend/catalog-service/src/main/java/com/pml/catalog/workflow/lifecycle/EventLifecycleWorkflowImpl.java,89,7,13,False,False,yes,entry:inherited
catalog-service,KEEP_ENTRY,EventLifecycleWorkflowImpl,validateReschedule,backend/catalog-service/src/main/java/com/pml/catalog/workflow/lifecycle/EventLifecycleWorkflowImpl.java,94,0,0,False,False,yes,entry:inherited
catalog-service,LIVE,CatalogIndexInitializer,specifications,backend/catalog-service/src/main/java/com/pml/catalog/config/CatalogIndexInitializer.java,42,4,6,False,False,yes,
catalog-service,LIVE,MongoSchemaValidationConfig,getSchemaDefinitions,backend/catalog-service/src/main/java/com/pml/catalog/config/MongoSchemaValidationConfig.java,65,1,1,False,False,yes,
catalog-service,LIVE,ApprovalAction,getCode,backend/catalog-service/src/main/java/com/pml/catalog/domain/enums/ApprovalAction.java,34,17,0,False,False,no,
catalog-service,LIVE,ApprovalAction,getDescription,backend/catalog-service/src/main/java/com/pml/catalog/domain/enums/ApprovalAction.java,42,8,0,False,False,no,
catalog-service,LIVE,ApprovalAction,isEscalationRelated,backend/catalog-service/src/main/java/com/pml/catalog/domain/enums/ApprovalAction.java,49,1,0,False,True,no,
catalog-service,LIVE,ApprovalNotificationChannel,getCode,backend/catalog-service/src/main/java/com/pml/catalog/domain/enums/ApprovalNotificationChannel.java,24,17,0,False,False,no,
catalog-service,LIVE,ApprovalNotificationChannel,getDescription,backend/catalog-service/src/main/java/com/pml/catalog/domain/enums/ApprovalNotificationChannel.java,32,8,0,False,False,no,
catalog-service,LIVE,EscalationStatus,getCode,backend/catalog-service/src/main/java/com/pml/catalog/domain/enums/EscalationStatus.java,25,17,0,False,False,no,
catalog-service,LIVE,EscalationStatus,getDescription,backend/catalog-service/src/main/java/com/pml/catalog/domain/enums/EscalationStatus.java,33,8,0,False,False,no,
catalog-service,LIVE,EscalationStatus,isActive,backend/catalog-service/src/main/java/com/pml/catalog/domain/enums/EscalationStatus.java,40,29,7,False,True,no,
catalog-service,LIVE,ReferenceType,isCodeOwnedMachine,backend/catalog-service/src/main/java/com/pml/catalog/domain/enums/ReferenceType.java,118,1,0,False,False,no,
catalog-service,LIVE,ReferenceType,isWorkflow,backend/catalog-service/src/main/java/com/pml/catalog/domain/enums/ReferenceType.java,130,3,0,False,False,no,
catalog-service,LIVE,ReferenceType,getLabel,backend/catalog-service/src/main/java/com/pml/catalog/domain/enums/ReferenceType.java,134,2,0,False,False,no,
catalog-service,LIVE,ReferenceType,getGroup,backend/catalog-service/src/main/java/com/pml/catalog/domain/enums/ReferenceType.java,138,2,0,False,False,no,
catalog-service,LIVE,ReferenceGroup,getLabel,backend/catalog-service/src/main/java/com/pml/catalog/domain/enums/ReferenceType.java,160,2,0,False,False,no,
catalog-service,LIVE,ApprovalEscalation,isActive,backend/catalog-service/src/main/java/com/pml/catalog/domain/model/ApprovalEscalation.java,210,29,7,False,True,no,
catalog-service,LIVE,ApprovalTimeline,addTimelineEvent,backend/catalog-service/src/main/java/com/pml/catalog/domain/model/ApprovalTimeline.java,182,9,0,False,False,yes,
catalog-service,LIVE,ApprovalTimeline,recordSubmission,backend/catalog-service/src/main/java/com/pml/catalog/domain/model/ApprovalTimeline.java,201,1,0,False,False,yes,
catalog-service,LIVE,ApprovalTimeline,recordResubmission,backend/catalog-service/src/main/java/com/pml/catalog/domain/model/ApprovalTimeline.java,213,1,0,False,False,yes,
catalog-service,LIVE,ApprovalTimeline,recordApproval,backend/catalog-service/src/main/java/com/pml/catalog/domain/model/ApprovalTimeline.java,227,1,0,False,False,yes,
catalog-service,LIVE,ApprovalTimeline,recordRejection,backend/catalog-service/src/main/java/com/pml/catalog/domain/model/ApprovalTimeline.java,237,1,0,False,False,yes,
catalog-service,LIVE,ApprovalTimeline,recordChangesRequested,backend/catalog-service/src/main/java/com/pml/catalog/domain/model/ApprovalTimeline.java,246,1,0,False,False,yes,
catalog-service,LIVE,ApprovalTimeline,assignReviewer,backend/catalog-service/src/main/java/com/pml/catalog/domain/model/ApprovalTimeline.java,256,1,0,False,False,yes,
catalog-service,LIVE,ApprovalTimeline,unassignReviewer,backend/catalog-service/src/main/java/com/pml/catalog/domain/model/ApprovalTimeline.java,267,3,0,False,False,yes,
catalog-service,LIVE,ApprovalTimeline,markEscalated,backend/catalog-service/src/main/java/com/pml/catalog/domain/model/ApprovalTimeline.java,275,2,0,False,False,yes,
catalog-service,LIVE,EventTicketCategory,getSoldQuantity,backend/catalog-service/src/main/java/com/pml/catalog/domain/model/Event.java,403,3,4,False,False,no,
catalog-service,LIVE,EventTicketCategory,isSoldOut,backend/catalog-service/src/main/java/com/pml/catalog/domain/model/Event.java,416,1,0,False,False,no,
catalog-service,LIVE,InventoryMovement,getTrueAvailableQuantity,backend/catalog-service/src/main/java/com/pml/catalog/domain/model/TicketTier.java,270,2,1,False,False,no,
catalog-service,LIVE,TimelineEvent,submission,backend/catalog-service/src/main/java/com/pml/catalog/domain/valueobject/TimelineEvent.java,134,1,0,False,False,yes,
catalog-service,LIVE,TimelineEvent,assignment,backend/catalog-service/src/main/java/com/pml/catalog/domain/valueobject/TimelineEvent.java,151,1,0,False,False,yes,
catalog-service,LIVE,TimelineEvent,approval,backend/catalog-service/src/main/java/com/pml/catalog/domain/valueobject/TimelineEvent.java,167,1,0,False,False,yes,
catalog-service,LIVE,TimelineEvent,rejection,backend/catalog-service/src/main/java/com/pml/catalog/domain/valueobject/TimelineEvent.java,185,1,0,False,False,yes,
catalog-service,LIVE,TimelineEvent,changesRequested,backend/catalog-service/src/main/java/com/pml/catalog/domain/valueobject/TimelineEvent.java,203,1,0,False,False,yes,
catalog-service,LIVE,TimelineEvent,resubmission,backend/catalog-service/src/main/java/com/pml/catalog/domain/valueobject/TimelineEvent.java,221,1,0,False,False,yes,
catalog-service,LIVE,CatalogRefusalTranslator,translate,backend/catalog-service/src/main/java/com/pml/catalog/error/CatalogRefusalTranslator.java,34,2,1,False,False,yes,
catalog-service,LIVE,EventNotFoundException,getEventId,backend/catalog-service/src/main/java/com/pml/catalog/exception/EventNotFoundException.java,20,4,0,False,False,no,
catalog-service,LIVE,InvalidEventStateException,getEventId,backend/catalog-service/src/main/java/com/pml/catalog/exception/InvalidEventStateException.java,27,4,0,False,False,no,
catalog-service,LIVE,WorkflowIds,eventApproval,backend/catalog-service/src/main/java/com/pml/catalog/infrastructure/temporal/WorkflowIds.java,14,3,4,False,False,yes,
catalog-service,LIVE,WorkflowIds,require,backend/catalog-service/src/main/java/com/pml/catalog/infrastructure/temporal/WorkflowIds.java,22,7,14,False,False,yes,
catalog-service,LIVE,CatalogMigrationRunner,isEnabled,backend/catalog-service/src/main/java/com/pml/catalog/migration/CatalogMigrationRunner.java,61,3,0,False,False,no,
catalog-service,LIVE,CatalogMigrationRunner,isFailFast,backend/catalog-service/src/main/java/com/pml/catalog/migration/CatalogMigrationRunner.java,66,2,0,False,False,no,
catalog-service,LIVE,PlatformConfigurationRepository,getConfiguration,backend/catalog-service/src/main/java/com/pml/catalog/repository/PlatformConfigurationRepository.java,19,5,0,False,False,no,
catalog-service,LIVE,EventWriteGuard,forWrite,backend/catalog-service/src/main/java/com/pml/catalog/security/EventWriteGuard.java,71,9,2,False,False,yes,
catalog-service,LIVE,EventWriteGuard,permits,backend/catalog-service/src/main/java/com/pml/catalog/security/EventWriteGuard.java,91,2,16,False,False,yes,
catalog-service,LIVE,ApprovalAnnouncer,announce,backend/catalog-service/src/main/java/com/pml/catalog/service/ApprovalAnnouncer.java,29,5,6,False,False,yes,
catalog-service,LIVE,ApprovalWorkflowService,getApprovalStats,backend/catalog-service/src/main/java/com/pml/catalog/service/ApprovalWorkflowService.java,51,1,0,False,False,no,
catalog-service,LIVE,EventReviewService,releaseClaim,backend/catalog-service/src/main/java/com/pml/catalog/service/EventReviewService.java,143,3,3,False,False,yes,
catalog-service,LIVE,EventReviewService,escalate,backend/catalog-service/src/main/java/com/pml/catalog/service/EventReviewService.java,176,2,6,False,False,yes,
catalog-service,LIVE,EventReviewService,approvalPrecondition,backend/catalog-service/src/main/java/com/pml/catalog/service/EventReviewService.java,206,1,0,False,False,yes,
catalog-service,LIVE,EventReviewService,hasPublishedTier,backend/catalog-service/src/main/java/com/pml/catalog/service/EventReviewService.java,224,2,0,False,False,yes,
catalog-service,LIVE,EventReviewService,decide,backend/catalog-service/src/main/java/com/pml/catalog/service/EventReviewService.java,251,6,0,False,False,yes,
catalog-service,LIVE,EventReviewService,transition,backend/catalog-service/src/main/java/com/pml/catalog/service/EventReviewService.java,275,3,0,False,False,yes,
catalog-service,LIVE,EventReviewService,recordEscalation,backend/catalog-service/src/main/java/com/pml/catalog/service/EventReviewService.java,288,1,0,False,False,yes,
catalog-service,LIVE,EventReviewService,markOverdue,backend/catalog-service/src/main/java/com/pml/catalog/service/EventReviewService.java,312,1,0,False,False,yes,
catalog-service,LIVE,EventReviewService,resolveEscalations,backend/catalog-service/src/main/java/com/pml/catalog/service/EventReviewService.java,317,1,0,False,False,yes,
catalog-service,LIVE,EventReviewService,timeline,backend/catalog-service/src/main/java/com/pml/catalog/service/EventReviewService.java,331,4,5,False,False,yes,
catalog-service,LIVE,EventReviewService,snapshotOf,backend/catalog-service/src/main/java/com/pml/catalog/service/EventReviewService.java,339,4,0,False,False,yes,
catalog-service,LIVE,EventReviewService,stampReviewTime,backend/catalog-service/src/main/java/com/pml/catalog/service/EventReviewService.java,350,1,0,False,False,yes,
catalog-service,LIVE,EventReviewService,claimEnded,backend/catalog-service/src/main/java/com/pml/catalog/service/EventReviewService.java,361,1,0,False,False,yes,
catalog-service,LIVE,EventReviewService,refuseState,backend/catalog-service/src/main/java/com/pml/catalog/service/EventReviewService.java,372,1,0,False,False,yes,
catalog-service,LIVE,EventReviewService,byId,backend/catalog-service/src/main/java/com/pml/catalog/service/EventReviewService.java,376,5,0,False,False,yes,
catalog-service,LIVE,EventReviewService,millis,backend/catalog-service/src/main/java/com/pml/catalog/service/EventReviewService.java,380,6,2,False,False,yes,
catalog-service,LIVE,EventStatsService,getStatsByCategory,backend/catalog-service/src/main/java/com/pml/catalog/service/EventStatsService.java,120,1,0,False,False,no,
catalog-service,LIVE,EventStatsService,getStatsByStatus,backend/catalog-service/src/main/java/com/pml/catalog/service/EventStatsService.java,177,1,0,False,False,no,
catalog-service,LIVE,EventStatsService,getStatsByOrganizer,backend/catalog-service/src/main/java/com/pml/catalog/service/EventStatsService.java,202,1,0,False,False,no,
catalog-service,LIVE,EventStatsService,getRecentEvents,backend/catalog-service/src/main/java/com/pml/catalog/service/EventStatsService.java,230,1,0,False,False,no,
catalog-service,LIVE,EventStatsService,getEventStats,backend/catalog-service/src/main/java/com/pml/catalog/service/EventStatsService.java,45,1,0,False,False,no,
catalog-service,LIVE,EventStatsService,getStatusCounts,backend/catalog-service/src/main/java/com/pml/catalog/service/EventStatsService.java,88,2,0,False,False,no,
catalog-service,LIVE,EventStatsService,getTotalCapacityAndSales,backend/catalog-service/src/main/java/com/pml/catalog/service/EventStatsService.java,98,1,0,False,False,no,
catalog-service,LIVE,PendingApprovalStatsService,getPendingCounts,backend/catalog-service/src/main/java/com/pml/catalog/service/PendingApprovalStatsService.java,38,1,0,False,False,no,
catalog-service,LIVE,PendingApprovalStatsService,getPendingEventReviewsCount,backend/catalog-service/src/main/java/com/pml/catalog/service/PendingApprovalStatsService.java,49,1,0,False,False,no,
catalog-service,LIVE,PlatformConfigurationService,getConfiguration,backend/catalog-service/src/main/java/com/pml/catalog/service/PlatformConfigurationService.java,15,5,0,False,False,no,
catalog-service,LIVE,ApprovalWorkflowServiceImpl,getApprovalStats,backend/catalog-service/src/main/java/com/pml/catalog/service/impl/ApprovalWorkflowServiceImpl.java,91,1,0,False,False,no,
catalog-service,LIVE,EventLifecycleServiceImpl,getAllowedTransitionsForStatus,backend/catalog-service/src/main/java/com/pml/catalog/service/impl/EventLifecycleServiceImpl.java,107,3,0,False,False,yes,
catalog-service,LIVE,EventLifecycleServiceImpl,buildLifecycleWithoutTimeline,backend/catalog-service/src/main/java/com/pml/catalog/service/impl/EventLifecycleServiceImpl.java,174,1,0,False,False,yes,
catalog-service,LIVE,EventLifecycleServiceImpl,getEventLifecycle,backend/catalog-service/src/main/java/com/pml/catalog/service/impl/EventLifecycleServiceImpl.java,71,1,2,False,False,yes,
catalog-service,LIVE,EventLifecycleServiceImpl,getAllowedStatusTransitions,backend/catalog-service/src/main/java/com/pml/catalog/service/impl/EventLifecycleServiceImpl.java,86,1,2,False,False,yes,
catalog-service,LIVE,EventLifecycleServiceImpl,eventForCaller,backend/catalog-service/src/main/java/com/pml/catalog/service/impl/EventLifecycleServiceImpl.java,97,2,0,False,False,yes,
catalog-service,LIVE,EventServiceImpl,findVisibleById,backend/catalog-service/src/main/java/com/pml/catalog/service/impl/EventServiceImpl.java,106,3,1,False,False,yes,
catalog-service,LIVE,EventServiceImpl,stage,backend/catalog-service/src/main/java/com/pml/catalog/service/impl/EventServiceImpl.java,199,5,11,True,False,yes,
catalog-service,LIVE,EventServiceImpl,tenantOf,backend/catalog-service/src/main/java/com/pml/catalog/service/impl/EventServiceImpl.java,208,1,0,False,False,yes,
catalog-service,LIVE,EventServiceImpl,cancelEventWithReason,backend/catalog-service/src/main/java/com/pml/catalog/service/impl/EventServiceImpl.java,225,2,3,False,False,yes,
catalog-service,LIVE,EventServiceImpl,cancelEventWithDetails,backend/catalog-service/src/main/java/com/pml/catalog/service/impl/EventServiceImpl.java,230,1,1,False,False,yes,
catalog-service,LIVE,InventoryServiceImpl,explainRefusedHold,backend/catalog-service/src/main/java/com/pml/catalog/service/impl/InventoryServiceImpl.java,103,1,0,False,False,yes,
catalog-service,LIVE,InventoryServiceImpl,releaseReservedInventory,backend/catalog-service/src/main/java/com/pml/catalog/service/impl/InventoryServiceImpl.java,125,1,6,False,False,yes,
catalog-service,LIVE,InventoryServiceImpl,commitReservedToSold,backend/catalog-service/src/main/java/com/pml/catalog/service/impl/InventoryServiceImpl.java,169,1,4,False,False,yes,
catalog-service,LIVE,InventoryServiceImpl,commit,backend/catalog-service/src/main/java/com/pml/catalog/service/impl/InventoryServiceImpl.java,178,2,0,False,False,yes,
catalog-service,LIVE,InventoryServiceImpl,tier,backend/catalog-service/src/main/java/com/pml/catalog/service/impl/InventoryServiceImpl.java,250,3,23,False,False,yes,
catalog-service,LIVE,InventoryServiceImpl,movementOf,backend/catalog-service/src/main/java/com/pml/catalog/service/impl/InventoryServiceImpl.java,254,3,0,False,False,yes,
catalog-service,LIVE,InventoryServiceImpl,unchanged,backend/catalog-service/src/main/java/com/pml/catalog/service/impl/InventoryServiceImpl.java,261,2,0,False,False,yes,
catalog-service,LIVE,InventoryServiceImpl,success,backend/catalog-service/src/main/java/com/pml/catalog/service/impl/InventoryServiceImpl.java,265,42,0,False,False,yes,
catalog-service,LIVE,PlatformConfigurationServiceImpl,getConfiguration,backend/catalog-service/src/main/java/com/pml/catalog/service/impl/PlatformConfigurationServiceImpl.java,25,5,0,False,False,no,
catalog-service,LIVE,TicketTierServiceImpl,publiclyListed,backend/catalog-service/src/main/java/com/pml/catalog/service/impl/TicketTierServiceImpl.java,100,3,0,False,False,yes,
catalog-service,LIVE,TicketTierServiceImpl,eventOwnedByCaller,backend/catalog-service/src/main/java/com/pml/catalog/service/impl/TicketTierServiceImpl.java,105,1,0,False,False,yes,
catalog-service,LIVE,TicketTierServiceImpl,ownedOrEmpty,backend/catalog-service/src/main/java/com/pml/catalog/service/impl/TicketTierServiceImpl.java,119,2,0,False,False,yes,
catalog-service,LIVE,TicketTierServiceImpl,createTier,backend/catalog-service/src/main/java/com/pml/catalog/service/impl/TicketTierServiceImpl.java,140,1,2,False,False,yes,
catalog-service,LIVE,TicketTierServiceImpl,updateTier,backend/catalog-service/src/main/java/com/pml/catalog/service/impl/TicketTierServiceImpl.java,192,1,7,False,False,yes,
catalog-service,LIVE,TicketTierServiceImpl,applyCapacityChange,backend/catalog-service/src/main/java/com/pml/catalog/service/impl/TicketTierServiceImpl.java,271,1,0,False,False,yes,
catalog-service,LIVE,TicketTierServiceImpl,deleteTier,backend/catalog-service/src/main/java/com/pml/catalog/service/impl/TicketTierServiceImpl.java,292,1,1,False,False,yes,
catalog-service,LIVE,TicketTierServiceImpl,tierVisibleToCaller,backend/catalog-service/src/main/java/com/pml/catalog/service/impl/TicketTierServiceImpl.java,65,6,0,False,False,yes,
catalog-service,LIVE,TicketTierServiceImpl,findVisibleToCaller,backend/catalog-service/src/main/java/com/pml/catalog/service/impl/TicketTierServiceImpl.java,75,1,7,False,False,yes,
catalog-service,LIVE,TicketTierServiceImpl,findForCaller,backend/catalog-service/src/main/java/com/pml/catalog/service/impl/TicketTierServiceImpl.java,82,1,7,False,False,yes,
catalog-service,LIVE,TicketTierServiceImpl,findAvailableForPurchase,backend/catalog-service/src/main/java/com/pml/catalog/service/impl/TicketTierServiceImpl.java,92,1,2,False,False,yes,
catalog-service,LIVE,Coordinates,isValid,backend/catalog-service/src/main/java/com/pml/catalog/web/graphql/dto/Coordinates.java,14,1,0,False,False,no,
catalog-service,LIVE,CursorPaginationInput,getLimit,backend/catalog-service/src/main/java/com/pml/catalog/web/graphql/dto/CursorPaginationInput.java,42,10,0,False,False,no,
catalog-service,LIVE,OffsetPaginationInput,getOffset,backend/catalog-service/src/main/java/com/pml/catalog/web/graphql/dto/OffsetPaginationInput.java,32,5,0,False,False,no,
catalog-service,LIVE,OffsetPaginationInput,getLimit,backend/catalog-service/src/main/java/com/pml/catalog/web/graphql/dto/OffsetPaginationInput.java,39,10,0,False,False,no,
catalog-service,LIVE,OrganizerEventQueryResolver,getCurrentUserId,backend/catalog-service/src/main/java/com/pml/catalog/web/graphql/query/OrganizerEventQueryResolver.java,127,5,0,False,False,no,
catalog-service,LIVE,InventoryOperationResult,success,backend/catalog-service/src/main/java/com/pml/catalog/web/rest/dto/InventoryOperationResult.java,33,42,0,False,False,yes,
catalog-service,LIVE,InventoryOperationResult,failure,backend/catalog-service/src/main/java/com/pml/catalog/web/rest/dto/InventoryOperationResult.java,41,19,1,False,False,yes,
catalog-service,LIVE,InventoryReservationResult,success,backend/catalog-service/src/main/java/com/pml/catalog/web/rest/dto/InventoryReservationResult.java,33,42,0,False,False,yes,
catalog-service,LIVE,InventoryReservationResult,failure,backend/catalog-service/src/main/java/com/pml/catalog/web/rest/dto/InventoryReservationResult.java,43,19,1,False,False,yes,
catalog-service,LIVE,ApprovalRules,releaseRefusal,backend/catalog-service/src/main/java/com/pml/catalog/workflow/approval/ApprovalRules.java,107,1,3,False,False,yes,
catalog-service,LIVE,ApprovalRules,decisionRefusal,backend/catalog-service/src/main/java/com/pml/catalog/workflow/approval/ApprovalRules.java,119,3,7,False,False,yes,
catalog-service,LIVE,ApprovalBlocker,missing,backend/catalog-service/src/main/java/com/pml/catalog/workflow/approval/ApprovalRules.java,150,1,4,False,False,yes,
catalog-service,LIVE,ApprovalRules,isOpen,backend/catalog-service/src/main/java/com/pml/catalog/workflow/approval/ApprovalRules.java,50,5,4,False,False,yes,
catalog-service,LIVE,ApprovalRules,threshold,backend/catalog-service/src/main/java/com/pml/catalog/workflow/approval/ApprovalRules.java,55,3,5,False,False,yes,
catalog-service,LIVE,ApprovalRules,levelDue,backend/catalog-service/src/main/java/com/pml/catalog/workflow/approval/ApprovalRules.java,66,1,8,False,False,yes,
catalog-service,LIVE,ApprovalRules,nextWake,backend/catalog-service/src/main/java/com/pml/catalog/workflow/approval/ApprovalRules.java,74,1,7,False,False,yes,
catalog-service,LIVE,ApprovalRules,claimLive,backend/catalog-service/src/main/java/com/pml/catalog/workflow/approval/ApprovalRules.java,87,3,0,False,False,yes,
catalog-service,LIVE,ApprovalRules,claimRefusal,backend/catalog-service/src/main/java/com/pml/catalog/workflow/approval/ApprovalRules.java,92,1,6,False,False,yes,
catalog-service,LIVE,EventApprovalWorkflowImpl,adopt,backend/catalog-service/src/main/java/com/pml/catalog/workflow/approval/EventApprovalWorkflowImpl.java,106,3,0,False,False,yes,
catalog-service,LIVE,EventApprovalWorkflowImpl,announce,backend/catalog-service/src/main/java/com/pml/catalog/workflow/approval/EventApprovalWorkflowImpl.java,285,5,6,False,False,yes,
catalog-service,LIVE,EventApprovalWorkflowImpl,refuseWhileDeciding,backend/catalog-service/src/main/java/com/pml/catalog/workflow/approval/EventApprovalWorkflowImpl.java,294,3,0,False,False,yes,
catalog-service,LIVE,EventApprovalWorkflowImpl,decide,backend/catalog-service/src/main/java/com/pml/catalog/workflow/approval/EventApprovalWorkflowImpl.java,300,6,0,False,False,yes,
catalog-service,LIVE,EventApprovalWorkflowImpl,view,backend/catalog-service/src/main/java/com/pml/catalog/workflow/approval/EventApprovalWorkflowImpl.java,321,13,7,False,False,yes,
catalog-service,LIVE,EventApprovalWorkflowImpl,raise,backend/catalog-service/src/main/java/com/pml/catalog/workflow/approval/EventApprovalWorkflowImpl.java,325,11,0,False,False,yes,
catalog-service,LIVE,SlaClock,startedAt,backend/catalog-service/src/main/java/com/pml/catalog/workflow/approval/SlaClock.java,26,1,6,False,False,yes,
catalog-service,LIVE,SlaClock,of,backend/catalog-service/src/main/java/com/pml/catalog/workflow/approval/SlaClock.java,31,164,381,False,False,yes,
catalog-service,LIVE,SlaClock,elapsed,backend/catalog-service/src/main/java/com/pml/catalog/workflow/approval/SlaClock.java,35,7,10,False,False,yes,
catalog-service,LIVE,SlaClock,pause,backend/catalog-service/src/main/java/com/pml/catalog/workflow/approval/SlaClock.java,39,1,5,False,False,yes,
catalog-service,LIVE,SlaClock,resume,backend/catalog-service/src/main/java/com/pml/catalog/workflow/approval/SlaClock.java,46,1,4,False,False,yes,
catalog-service,LIVE,SlaClock,running,backend/catalog-service/src/main/java/com/pml/catalog/workflow/approval/SlaClock.java,53,1,4,False,False,yes,
catalog-service,LIVE,SlaClock,remaining,backend/catalog-service/src/main/java/com/pml/catalog/workflow/approval/SlaClock.java,58,1,3,False,False,yes,
catalog-service,LIVE,EventLifecycleActivitiesImpl,await,backend/catalog-service/src/main/java/com/pml/catalog/workflow/lifecycle/EventLifecycleActivitiesImpl.java,100,25,2,False,False,yes,
catalog-service,LIVE,EventLifecycleActivitiesImpl,view,backend/catalog-service/src/main/java/com/pml/catalog/workflow/lifecycle/EventLifecycleActivitiesImpl.java,91,13,7,False,False,yes,
catalog-service,LIVE,EventLifecycleWorkflowImpl,status,backend/catalog-service/src/main/java/com/pml/catalog/workflow/lifecycle/EventLifecycleWorkflowImpl.java,150,31,26,False,True,yes,
catalog-service,LIVE,EventLifecycleWorkflowImpl,raise,backend/catalog-service/src/main/java/com/pml/catalog/workflow/lifecycle/EventLifecycleWorkflowImpl.java,154,11,0,False,False,yes,
catalog-service,LIVE,EventLifecycleWorkflowImpl,complete,backend/catalog-service/src/main/java/com/pml/catalog/workflow/lifecycle/EventLifecycleWorkflowImpl.java,68,2,1,False,False,yes,
catalog-service,LIVE,LifecycleRules,cancelRefusal,backend/catalog-service/src/main/java/com/pml/catalog/workflow/lifecycle/LifecycleRules.java,106,1,2,False,False,yes,
catalog-service,LIVE,LifecycleRules,unpublishRefusal,backend/catalog-service/src/main/java/com/pml/catalog/workflow/lifecycle/LifecycleRules.java,117,1,3,False,False,yes,
catalog-service,LIVE,LifecycleRules,publishRefusal,backend/catalog-service/src/main/java/com/pml/catalog/workflow/lifecycle/LifecycleRules.java,125,1,3,False,False,yes,
catalog-service,LIVE,LifecycleRules,activityOptions,backend/catalog-service/src/main/java/com/pml/catalog/workflow/lifecycle/LifecycleRules.java,133,2,0,False,False,yes,
catalog-service,LIVE,LifecycleRules,refuse,backend/catalog-service/src/main/java/com/pml/catalog/workflow/lifecycle/LifecycleRules.java,144,26,5,False,False,yes,
catalog-service,LIVE,LifecycleRules,endsAt,backend/catalog-service/src/main/java/com/pml/catalog/workflow/lifecycle/LifecycleRules.java,46,1,3,False,False,yes,
catalog-service,LIVE,LifecycleRules,untilCompletion,backend/catalog-service/src/main/java/com/pml/catalog/workflow/lifecycle/LifecycleRules.java,57,1,2,False,False,yes,
catalog-service,LIVE,LifecycleRules,completionDue,backend/catalog-service/src/main/java/com/pml/catalog/workflow/lifecycle/LifecycleRules.java,61,1,2,False,False,yes,
catalog-service,LIVE,LifecycleRules,canReschedule,backend/catalog-service/src/main/java/com/pml/catalog/workflow/lifecycle/LifecycleRules.java,65,2,3,False,False,yes,
catalog-service,LIVE,LifecycleRules,shiftedEnd,backend/catalog-service/src/main/java/com/pml/catalog/workflow/lifecycle/LifecycleRules.java,73,1,3,False,False,yes,
catalog-service,LIVE,LifecycleRules,rescheduleRefusal,backend/catalog-service/src/main/java/com/pml/catalog/workflow/lifecycle/LifecycleRules.java,87,1,6,False,False,yes,
catalog-service,TEST_ONLY,InventoryMovement,isEarlyBirdActive,backend/catalog-service/src/main/java/com/pml/catalog/domain/model/TicketTier.java,249,0,3,False,False,no,
catalog-service,TEST_ONLY,InventoryMovement,getDiscountPercentage,backend/catalog-service/src/main/java/com/pml/catalog/domain/model/TicketTier.java,305,0,2,False,False,no,
identity-service,GAP,KybStatus,canCreateDraftEvents,backend/identity-service/src/main/java/com/pml/identity/domain/enums/KybStatus.java,47,2,0,False,True,no,
identity-service,GAP,KybStatus,canPublishEvents,backend/identity-service/src/main/java/com/pml/identity/domain/enums/KybStatus.java,54,2,0,False,True,no,
identity-service,GAP,KybStatus,canSubmitForReview,backend/identity-service/src/main/java/com/pml/identity/domain/enums/KybStatus.java,68,1,0,False,True,no,
identity-service,GAP,AuditStatus,success,backend/identity-service/src/main/java/com/pml/identity/domain/model/AuditLog.java,159,12,0,False,False,no,
identity-service,GAP,AuditStatus,failure,backend/identity-service/src/main/java/com/pml/identity/domain/model/AuditLog.java,173,6,0,False,False,no,
identity-service,GAP,AuditStatus,sanitizeErrorMessage,backend/identity-service/src/main/java/com/pml/identity/domain/model/AuditLog.java,190,1,0,False,False,no,
identity-service,GAP,EventAccessGrant,isExpired,backend/identity-service/src/main/java/com/pml/identity/domain/model/EventAccessGrant.java,150,1,3,False,False,no,
identity-service,GAP,NotificationPreferences,defaultPreferences,backend/identity-service/src/main/java/com/pml/identity/domain/model/NotificationPreferences.java,100,2,0,False,False,no,
identity-service,GAP,Organization,canPublishEvents,backend/identity-service/src/main/java/com/pml/identity/domain/model/Organization.java,387,2,0,False,True,no,
identity-service,GAP,Organization,canBeEdited,backend/identity-service/src/main/java/com/pml/identity/domain/model/Organization.java,441,2,0,False,True,no,
identity-service,GAP,Organization,canSubmitForReview,backend/identity-service/src/main/java/com/pml/identity/domain/model/Organization.java,448,1,0,False,True,no,
identity-service,GAP,OrganizationMember,canModifyMember,backend/identity-service/src/main/java/com/pml/identity/domain/model/OrganizationMember.java,186,4,0,False,False,no,
identity-service,GAP,OwnershipTransferRequest,isExpired,backend/identity-service/src/main/java/com/pml/identity/domain/model/OwnershipTransferRequest.java,125,1,3,False,False,no,
identity-service,GAP,User,hasAnyRole,backend/identity-service/src/main/java/com/pml/identity/domain/model/User.java,275,38,0,False,False,no,
identity-service,GAP,RequiredDocuments,missingFor,backend/identity-service/src/main/java/com/pml/identity/domain/valueobject/RequiredDocuments.java,107,1,0,False,False,no,
identity-service,GAP,RequiredDocuments,forBusinessType,backend/identity-service/src/main/java/com/pml/identity/domain/valueobject/RequiredDocuments.java,89,1,0,False,False,no,
identity-service,GAP,MissingRequiredDocumentsException,buildMessage,backend/identity-service/src/main/java/com/pml/identity/exception/MissingRequiredDocumentsException.java,35,1,0,False,False,no,
identity-service,GAP,KeycloakAuthService,getServiceToken,backend/identity-service/src/main/java/com/pml/identity/infrastructure/keycloak/KeycloakAuthService.java,107,1,0,False,False,no,
identity-service,GAP,KeycloakAuthService,introspectToken,backend/identity-service/src/main/java/com/pml/identity/infrastructure/keycloak/KeycloakAuthService.java,134,2,0,False,False,no,
identity-service,GAP,KeycloakService,deleteUser,backend/identity-service/src/main/java/com/pml/identity/infrastructure/keycloak/KeycloakService.java,209,1,0,False,False,no,
identity-service,GAP,KeycloakService,findUserByEmail,backend/identity-service/src/main/java/com/pml/identity/infrastructure/keycloak/KeycloakService.java,234,2,0,False,False,no,
identity-service,GAP,KeycloakService,findUserById,backend/identity-service/src/main/java/com/pml/identity/infrastructure/keycloak/KeycloakService.java,253,3,0,False,False,no,
identity-service,GAP,KeycloakService,addRoleToUser,backend/identity-service/src/main/java/com/pml/identity/infrastructure/keycloak/KeycloakService.java,273,2,0,False,False,no,
identity-service,GAP,KeycloakService,removeRoleFromUser,backend/identity-service/src/main/java/com/pml/identity/infrastructure/keycloak/KeycloakService.java,287,2,0,False,False,no,
identity-service,GAP,KeycloakService,updateUserAttribute,backend/identity-service/src/main/java/com/pml/identity/infrastructure/keycloak/KeycloakService.java,310,1,0,False,False,no,
identity-service,GAP,KeycloakService,getAllUsers,backend/identity-service/src/main/java/com/pml/identity/infrastructure/keycloak/KeycloakService.java,336,1,0,False,False,no,
identity-service,GAP,KeycloakService,sendVerificationEmail,backend/identity-service/src/main/java/com/pml/identity/infrastructure/keycloak/KeycloakService.java,350,3,0,False,False,no,
identity-service,GAP,KeycloakService,sendPasswordResetEmail,backend/identity-service/src/main/java/com/pml/identity/infrastructure/keycloak/KeycloakService.java,365,1,0,False,False,no,
identity-service,GAP,KeycloakService,updatePassword,backend/identity-service/src/main/java/com/pml/identity/infrastructure/keycloak/KeycloakService.java,383,1,0,False,False,no,
identity-service,GAP,KeycloakService,assignRole,backend/identity-service/src/main/java/com/pml/identity/infrastructure/keycloak/KeycloakService.java,414,3,0,False,False,no,
identity-service,GAP,KeycloakService,setUserEnabled,backend/identity-service/src/main/java/com/pml/identity/infrastructure/keycloak/KeycloakService.java,433,6,0,False,False,no,
identity-service,GAP,KeycloakService,endUserSession,backend/identity-service/src/main/java/com/pml/identity/infrastructure/keycloak/KeycloakService.java,457,1,0,False,False,no,
identity-service,GAP,KeycloakService,updatePhoneVerified,backend/identity-service/src/main/java/com/pml/identity/infrastructure/keycloak/KeycloakService.java,479,2,0,False,False,no,
identity-service,GAP,KeycloakService,addUserToOrganizationGroup,backend/identity-service/src/main/java/com/pml/identity/infrastructure/keycloak/KeycloakService.java,491,2,0,False,False,no,
identity-service,GAP,KeycloakService,removeUserFromOrganizationGroup,backend/identity-service/src/main/java/com/pml/identity/infrastructure/keycloak/KeycloakService.java,533,2,0,False,False,no,
identity-service,GAP,KeycloakService,grantRealmRole,backend/identity-service/src/main/java/com/pml/identity/infrastructure/keycloak/KeycloakService.java,577,1,0,False,False,no,
identity-service,GAP,KeycloakService,revokeRealmRole,backend/identity-service/src/main/java/com/pml/identity/infrastructure/keycloak/KeycloakService.java,587,1,0,False,False,no,
identity-service,GAP,KeycloakService,ensureOrganizationGroupTree,backend/identity-service/src/main/java/com/pml/identity/infrastructure/keycloak/KeycloakService.java,605,1,0,False,False,no,
identity-service,GAP,KeycloakService,joinOrganizationGroup,backend/identity-service/src/main/java/com/pml/identity/infrastructure/keycloak/KeycloakService.java,618,4,0,False,False,no,
identity-service,GAP,KeycloakService,leaveOrganizationGroup,backend/identity-service/src/main/java/com/pml/identity/infrastructure/keycloak/KeycloakService.java,636,4,0,False,False,no,
identity-service,GAP,KeycloakService,requireGroup,backend/identity-service/src/main/java/com/pml/identity/infrastructure/keycloak/KeycloakService.java,651,3,0,False,False,no,
identity-service,GAP,KeycloakService,findOrCreateGroup,backend/identity-service/src/main/java/com/pml/identity/infrastructure/keycloak/KeycloakService.java,670,3,0,False,False,no,
identity-service,GAP,MessagingService,sendSmsOtp,backend/identity-service/src/main/java/com/pml/identity/infrastructure/messaging/MessagingService.java,128,2,0,False,False,no,
identity-service,GAP,MessagingService,sendWhatsAppText,backend/identity-service/src/main/java/com/pml/identity/infrastructure/messaging/MessagingService.java,178,1,0,False,False,no,
identity-service,GAP,MessagingService,sendSmsText,backend/identity-service/src/main/java/com/pml/identity/infrastructure/messaging/MessagingService.java,209,1,0,False,False,no,
identity-service,GAP,MessagingService,normalizePhoneNumber,backend/identity-service/src/main/java/com/pml/identity/infrastructure/messaging/MessagingService.java,234,10,0,False,False,no,
identity-service,GAP,MessagingService,maskPhoneNumber,backend/identity-service/src/main/java/com/pml/identity/infrastructure/messaging/MessagingService.java,245,21,0,False,False,no,
identity-service,GAP,MessagingService,sendOtp,backend/identity-service/src/main/java/com/pml/identity/infrastructure/messaging/MessagingService.java,57,4,4,False,False,no,
identity-service,GAP,MessagingService,sendWhatsAppOtp,backend/identity-service/src/main/java/com/pml/identity/infrastructure/messaging/MessagingService.java,77,2,0,False,False,no,
identity-service,GAP,IdentityCollectionRenameMigrationService,migrate,backend/identity-service/src/main/java/com/pml/identity/migration/IdentityCollectionRenameMigrationService.java,64,7,14,False,False,no,
identity-service,GAP,IdentityMigrationRunner,ledger,backend/identity-service/src/main/java/com/pml/identity/migration/IdentityMigrationRunner.java,65,4,0,False,False,no,
identity-service,GAP,IdentityMigrationRunner,serviceName,backend/identity-service/src/main/java/com/pml/identity/migration/IdentityMigrationRunner.java,80,2,0,False,False,no,
identity-service,GAP,IdentityMigrationRunner,steps,backend/identity-service/src/main/java/com/pml/identity/migration/IdentityMigrationRunner.java,85,1,0,False,False,no,
identity-service,GAP,IdentityRegistryConformanceMigrationService,migrate,backend/identity-service/src/main/java/com/pml/identity/migration/IdentityRegistryConformanceMigrationService.java,39,7,14,False,False,no,
identity-service,GAP,Result,examined,backend/identity-service/src/main/java/com/pml/identity/migration/OrganizationStatusSemanticMigrationService.java,50,1,0,False,False,no,
identity-service,GAP,Result,accumulate,backend/identity-service/src/main/java/com/pml/identity/migration/OrganizationStatusSemanticMigrationService.java,54,1,0,False,False,no,
identity-service,GAP,Outcome,migrate,backend/identity-service/src/main/java/com/pml/identity/migration/OrganizationStatusSemanticMigrationService.java,65,7,14,False,False,no,
identity-service,GAP,Outcome,migrateOne,backend/identity-service/src/main/java/com/pml/identity/migration/OrganizationStatusSemanticMigrationService.java,77,1,0,False,False,no,
identity-service,GAP,UserFieldCleanupMigrationService,migrate,backend/identity-service/src/main/java/com/pml/identity/migration/UserFieldCleanupMigrationService.java,35,7,14,False,False,no,
identity-service,GAP,EventAccessGrantRepository,findByUserIdAndEventId,backend/identity-service/src/main/java/com/pml/identity/repository/EventAccessGrantRepository.java,21,6,1,False,False,no,
identity-service,GAP,EventAccessGrantRepository,existsByUserIdAndEventId,backend/identity-service/src/main/java/com/pml/identity/repository/EventAccessGrantRepository.java,26,1,0,False,False,no,
identity-service,GAP,EventAccessGrantRepository,findByEventId,backend/identity-service/src/main/java/com/pml/identity/repository/EventAccessGrantRepository.java,31,1,0,False,False,no,
identity-service,GAP,EventAccessGrantRepository,findByEventId,backend/identity-service/src/main/java/com/pml/identity/repository/EventAccessGrantRepository.java,36,1,0,False,False,no,
identity-service,GAP,EventAccessGrantRepository,findByUserIdAndOrganizationId,backend/identity-service/src/main/java/com/pml/identity/repository/EventAccessGrantRepository.java,48,9,6,False,False,no,
identity-service,GAP,EventAccessGrantRepository,findByUserId,backend/identity-service/src/main/java/com/pml/identity/repository/EventAccessGrantRepository.java,50,9,1,False,False,no,
identity-service,GAP,EventAccessGrantRepository,findByUserIdAndStatus,backend/identity-service/src/main/java/com/pml/identity/repository/EventAccessGrantRepository.java,55,3,0,False,False,no,
identity-service,GAP,EventAccessGrantRepository,findByOrganizationId,backend/identity-service/src/main/java/com/pml/identity/repository/EventAccessGrantRepository.java,60,6,1,False,False,no,
identity-service,GAP,EventAccessGrantRepository,findByIdAndUserId,backend/identity-service/src/main/java/com/pml/identity/repository/EventAccessGrantRepository.java,62,1,0,False,False,no,
identity-service,GAP,EventAccessGrantRepository,findByIdAndOrganizationIdIn,backend/identity-service/src/main/java/com/pml/identity/repository/EventAccessGrantRepository.java,64,4,0,False,False,no,
identity-service,GAP,EventAccessGrantRepository,findByEventIdAndOrganizationIdIn,backend/identity-service/src/main/java/com/pml/identity/repository/EventAccessGrantRepository.java,66,1,0,False,False,no,
identity-service,GAP,EventAccessGrantRepository,findByUserIdAndEventIdAndOrganizationIdIn,backend/identity-service/src/main/java/com/pml/identity/repository/EventAccessGrantRepository.java,68,1,0,False,False,no,
identity-service,GAP,EventReminderRepository,findByUserIdAndStatus,backend/identity-service/src/main/java/com/pml/identity/repository/EventReminderRepository.java,24,3,0,False,False,no,
identity-service,GAP,EventReminderRepository,findByUserIdAndTicketId,backend/identity-service/src/main/java/com/pml/identity/repository/EventReminderRepository.java,33,2,2,False,False,no,
identity-service,GAP,EventReminderRepository,findByUserIdAndEventId,backend/identity-service/src/main/java/com/pml/identity/repository/EventReminderRepository.java,42,6,1,False,False,no,
identity-service,GAP,EventReminderRepository,findByStatus,backend/identity-service/src/main/java/com/pml/identity/repository/EventReminderRepository.java,45,5,1,False,False,no,
identity-service,GAP,NotificationPreferencesRepository,findByUserId,backend/identity-service/src/main/java/com/pml/identity/repository/NotificationPreferencesRepository.java,21,9,1,False,False,no,
identity-service,GAP,NotificationRepository,findByUserIdOrderByCreatedAtDesc,backend/identity-service/src/main/java/com/pml/identity/repository/NotificationRepository.java,25,2,0,False,False,no,
identity-service,GAP,NotificationRepository,findByUserIdAndReadAtIsNullOrderByCreatedAtDesc,backend/identity-service/src/main/java/com/pml/identity/repository/NotificationRepository.java,34,2,0,False,False,no,
identity-service,GAP,NotificationRepository,countUnreadByUserId,backend/identity-service/src/main/java/com/pml/identity/repository/NotificationRepository.java,43,1,0,False,False,no,
identity-service,GAP,NotificationRepository,findByUserIdOrderByCreatedAtDesc,backend/identity-service/src/main/java/com/pml/identity/repository/NotificationRepository.java,51,2,0,False,False,no,
identity-service,GAP,OrganizationMemberRepository,findByUserIdAndOrganizationId,backend/identity-service/src/main/java/com/pml/identity/repository/OrganizationMemberRepository.java,22,9,6,False,False,no,
identity-service,GAP,OrganizationMemberRepository,findByMirrorPendingTrue,backend/identity-service/src/main/java/com/pml/identity/repository/OrganizationMemberRepository.java,31,1,3,False,False,no,
identity-service,GAP,OrganizationMemberRepository,existsByUserIdAndOrganizationId,backend/identity-service/src/main/java/com/pml/identity/repository/OrganizationMemberRepository.java,36,1,0,False,False,no,
identity-service,GAP,OrganizationMemberRepository,existsByUserIdAndOrganizationIdAndStatus,backend/identity-service/src/main/java/com/pml/identity/repository/OrganizationMemberRepository.java,41,1,0,False,False,no,
identity-service,GAP,OrganizationMemberRepository,findByOrganizationId,backend/identity-service/src/main/java/com/pml/identity/repository/OrganizationMemberRepository.java,46,6,1,False,False,no,
identity-service,GAP,OrganizationMemberRepository,findByOrganizationId,backend/identity-service/src/main/java/com/pml/identity/repository/OrganizationMemberRepository.java,51,6,1,False,False,no,
identity-service,GAP,OrganizationMemberRepository,findByOrganizationIdAndStatus,backend/identity-service/src/main/java/com/pml/identity/repository/OrganizationMemberRepository.java,56,4,1,False,False,no,
identity-service,GAP,OrganizationMemberRepository,findByOrganizationIdAndStatus,backend/identity-service/src/main/java/com/pml/identity/repository/OrganizationMemberRepository.java,61,4,1,False,False,no,
identity-service,GAP,OrganizationMemberRepository,findByUserId,backend/identity-service/src/main/java/com/pml/identity/repository/OrganizationMemberRepository.java,66,9,1,False,False,no,
identity-service,GAP,OrganizationMemberRepository,findByUserIdAndStatus,backend/identity-service/src/main/java/com/pml/identity/repository/OrganizationMemberRepository.java,71,3,0,False,False,no,
identity-service,GAP,OrganizationMemberRepository,countByOrganizationId,backend/identity-service/src/main/java/com/pml/identity/repository/OrganizationMemberRepository.java,76,1,0,False,False,no,
identity-service,GAP,OrganizationMemberRepository,countByOrganizationIdAndStatus,backend/identity-service/src/main/java/com/pml/identity/repository/OrganizationMemberRepository.java,81,2,0,False,False,no,
identity-service,GAP,OrganizationMemberRepository,findOwnerByOrganizationId,backend/identity-service/src/main/java/com/pml/identity/repository/OrganizationMemberRepository.java,87,1,0,False,False,no,
identity-service,GAP,OrganizationMemberRepository,findByIdAndOrganizationIdIn,backend/identity-service/src/main/java/com/pml/identity/repository/OrganizationMemberRepository.java,89,4,0,False,False,no,
identity-service,GAP,OrganizationRepository,findBySlug,backend/identity-service/src/main/java/com/pml/identity/repository/OrganizationRepository.java,21,2,0,False,False,no,
identity-service,GAP,OrganizationRepository,existsBySlug,backend/identity-service/src/main/java/com/pml/identity/repository/OrganizationRepository.java,26,2,0,False,False,no,
identity-service,GAP,OrganizationRepository,findByOwnerId,backend/identity-service/src/main/java/com/pml/identity/repository/OrganizationRepository.java,31,19,0,False,False,no,
identity-service,GAP,OrganizationRepository,findByStatus,backend/identity-service/src/main/java/com/pml/identity/repository/OrganizationRepository.java,36,5,1,False,False,no,
identity-service,GAP,OrganizationRepository,findByStatus,backend/identity-service/src/main/java/com/pml/identity/repository/OrganizationRepository.java,41,5,1,False,False,no,
identity-service,GAP,OrganizationRepository,searchByName,backend/identity-service/src/main/java/com/pml/identity/repository/OrganizationRepository.java,47,1,0,False,False,no,
identity-service,GAP,OrganizationRepository,searchByNameAndStatus,backend/identity-service/src/main/java/com/pml/identity/repository/OrganizationRepository.java,53,1,0,False,False,no,
identity-service,GAP,OrganizationRepository,countByStatus,backend/identity-service/src/main/java/com/pml/identity/repository/OrganizationRepository.java,58,2,0,False,False,no,
identity-service,GAP,OrganizationRepository,findByStatusIn,backend/identity-service/src/main/java/com/pml/identity/repository/OrganizationRepository.java,63,1,0,False,False,no,
identity-service,GAP,OwnershipTransferRepository,findByTransferToken,backend/identity-service/src/main/java/com/pml/identity/repository/OwnershipTransferRepository.java,19,1,0,False,False,no,
identity-service,GAP,OwnershipTransferRepository,findByOrganizationIdAndStatus,backend/identity-service/src/main/java/com/pml/identity/repository/OwnershipTransferRepository.java,24,4,1,False,False,no,
identity-service,GAP,OwnershipTransferRepository,findByOrganizationId,backend/identity-service/src/main/java/com/pml/identity/repository/OwnershipTransferRepository.java,29,6,1,False,False,no,
identity-service,GAP,OwnershipTransferRepository,findByNewOwnerIdAndStatus,backend/identity-service/src/main/java/com/pml/identity/repository/OwnershipTransferRepository.java,34,1,0,False,False,no,
identity-service,GAP,OwnershipTransferRepository,existsByOrganizationIdAndStatus,backend/identity-service/src/main/java/com/pml/identity/repository/OwnershipTransferRepository.java,39,1,0,False,False,no,
identity-service,GAP,PayoutConfigAuditLogRepository,countByOrganizationId,backend/identity-service/src/main/java/com/pml/identity/repository/PayoutConfigAuditLogRepository.java,25,1,0,False,False,no,
identity-service,GAP,TeamInvitationRepository,findByInvitationToken,backend/identity-service/src/main/java/com/pml/identity/repository/TeamInvitationRepository.java,21,3,0,False,False,no,
identity-service,GAP,TeamInvitationRepository,findByOrganizationId,backend/identity-service/src/main/java/com/pml/identity/repository/TeamInvitationRepository.java,26,6,1,False,False,no,
identity-service,GAP,TeamInvitationRepository,findByOrganizationId,backend/identity-service/src/main/java/com/pml/identity/repository/TeamInvitationRepository.java,31,6,1,False,False,no,
identity-service,GAP,TeamInvitationRepository,findByOrganizationIdAndStatus,backend/identity-service/src/main/java/com/pml/identity/repository/TeamInvitationRepository.java,36,4,1,False,False,no,
identity-service,GAP,TeamInvitationRepository,findByOrganizationIdAndStatus,backend/identity-service/src/main/java/com/pml/identity/repository/TeamInvitationRepository.java,41,4,1,False,False,no,
identity-service,GAP,TeamInvitationRepository,findByEmail,backend/identity-service/src/main/java/com/pml/identity/repository/TeamInvitationRepository.java,50,14,0,False,False,no,
identity-service,GAP,TeamInvitationRepository,findByEmailAndStatus,backend/identity-service/src/main/java/com/pml/identity/repository/TeamInvitationRepository.java,55,1,0,False,False,no,
identity-service,GAP,TeamInvitationRepository,countByOrganizationIdAndStatus,backend/identity-service/src/main/java/com/pml/identity/repository/TeamInvitationRepository.java,60,2,0,False,False,no,
identity-service,GAP,TeamInvitationRepository,findByIdAndOrganizationIdIn,backend/identity-service/src/main/java/com/pml/identity/repository/TeamInvitationRepository.java,62,4,0,False,False,no,
identity-service,GAP,UserDeviceRepository,findByUserIdAndIsActive,backend/identity-service/src/main/java/com/pml/identity/repository/UserDeviceRepository.java,23,1,0,False,False,no,
identity-service,GAP,UserDeviceRepository,findByUserIdAndDeviceToken,backend/identity-service/src/main/java/com/pml/identity/repository/UserDeviceRepository.java,33,1,0,False,False,no,
identity-service,GAP,UserDeviceRepository,findByUserId,backend/identity-service/src/main/java/com/pml/identity/repository/UserDeviceRepository.java,41,9,1,False,False,no,
identity-service,GAP,UserRepository,findByUsername,backend/identity-service/src/main/java/com/pml/identity/repository/UserRepository.java,20,1,0,False,False,no,
identity-service,GAP,UserRepository,findByEmail,backend/identity-service/src/main/java/com/pml/identity/repository/UserRepository.java,22,14,0,False,False,no,
identity-service,GAP,UserRepository,findByPhoneNumber,backend/identity-service/src/main/java/com/pml/identity/repository/UserRepository.java,24,3,0,False,False,no,
identity-service,GAP,UserRepository,existsByEmail,backend/identity-service/src/main/java/com/pml/identity/repository/UserRepository.java,26,1,0,False,False,no,
identity-service,GAP,UserRepository,existsByUsername,backend/identity-service/src/main/java/com/pml/identity/repository/UserRepository.java,28,1,0,False,False,no,
identity-service,GAP,UserRepository,findByRoleAndActiveTrue,backend/identity-service/src/main/java/com/pml/identity/repository/UserRepository.java,60,1,0,False,False,no,
identity-service,GAP,UserRepository,findByRoleAndActiveTrue,backend/identity-service/src/main/java/com/pml/identity/repository/UserRepository.java,68,1,0,False,False,no,
identity-service,GAP,UserRepository,countByRole,backend/identity-service/src/main/java/com/pml/identity/repository/UserRepository.java,79,1,0,False,False,no,
identity-service,GAP,UserRepository,countByRole,backend/identity-service/src/main/java/com/pml/identity/repository/UserRepository.java,87,1,0,False,False,no,
identity-service,GAP,VerificationDocumentRepository,findByOrganizationId,backend/identity-service/src/main/java/com/pml/identity/repository/VerificationDocumentRepository.java,20,6,1,False,False,no,
identity-service,GAP,VerificationDocumentRepository,findByOrganizationIdAndStatus,backend/identity-service/src/main/java/com/pml/identity/repository/VerificationDocumentRepository.java,25,4,1,False,False,no,
identity-service,GAP,VerificationDocumentRepository,findByOrganizationIdAndDocumentType,backend/identity-service/src/main/java/com/pml/identity/repository/VerificationDocumentRepository.java,30,1,0,False,False,no,
identity-service,GAP,VerificationDocumentRepository,existsByOrganizationIdAndDocumentType,backend/identity-service/src/main/java/com/pml/identity/repository/VerificationDocumentRepository.java,35,1,0,False,False,no,
identity-service,GAP,VerificationDocumentRepository,countByOrganizationId,backend/identity-service/src/main/java/com/pml/identity/repository/VerificationDocumentRepository.java,40,1,0,False,False,no,
identity-service,GAP,VerificationDocumentRepository,countByOrganizationIdAndStatus,backend/identity-service/src/main/java/com/pml/identity/repository/VerificationDocumentRepository.java,45,2,0,False,False,no,
identity-service,GAP,VerificationDocumentRepository,findByStatus,backend/identity-service/src/main/java/com/pml/identity/repository/VerificationDocumentRepository.java,50,5,1,False,False,no,
identity-service,GAP,VerificationDocumentRepository,findByIdAndOrganizationIdIn,backend/identity-service/src/main/java/com/pml/identity/repository/VerificationDocumentRepository.java,52,4,0,False,False,no,
identity-service,GAP,FieldEncryptionService,encrypt,backend/identity-service/src/main/java/com/pml/identity/security/FieldEncryptionService.java,111,1,0,False,False,no,
identity-service,GAP,FieldEncryptionService,generateKey,backend/identity-service/src/main/java/com/pml/identity/security/FieldEncryptionService.java,164,1,0,False,False,no,
identity-service,GAP,IdentityTenantMemberships,activeOrganizationIdsOf,backend/identity-service/src/main/java/com/pml/identity/security/IdentityTenantMemberships.java,32,1,3,False,False,no,
identity-service,GAP,RevocationResponse,of,backend/identity-service/src/main/java/com/pml/identity/security/revocation/InternalRevocationController.java,76,194,419,False,False,no,
identity-service,GAP,MongoRevocationStore,primeCache,backend/identity-service/src/main/java/com/pml/identity/security/revocation/MongoRevocationStore.java,117,1,0,False,False,no,
identity-service,GAP,MongoRevocationStore,ping,backend/identity-service/src/main/java/com/pml/identity/security/revocation/MongoRevocationStore.java,68,2,1,False,False,no,
identity-service,GAP,MongoRevocationStore,name,backend/identity-service/src/main/java/com/pml/identity/security/revocation/MongoRevocationStore.java,73,90,66,False,True,no,
identity-service,GAP,RevocationCacheWarmer,warm,backend/identity-service/src/main/java/com/pml/identity/security/revocation/RevocationCacheWarmer.java,88,1,0,False,False,no,
identity-service,GAP,RevocationRecord,isActiveAt,backend/identity-service/src/main/java/com/pml/identity/security/revocation/RevocationRecord.java,60,2,0,False,False,no,
identity-service,GAP,AuthorizationService,checkEventPermission,backend/identity-service/src/main/java/com/pml/identity/service/AuthorizationService.java,55,3,6,False,False,no,
identity-service,GAP,AuthorizationService,isOrganizationOwner,backend/identity-service/src/main/java/com/pml/identity/service/AuthorizationService.java,79,3,0,False,False,no,
identity-service,GAP,AuthorizationService,findOrganizationByOwnerId,backend/identity-service/src/main/java/com/pml/identity/service/AuthorizationService.java,90,2,0,False,False,no,
identity-service,GAP,EventAccessService,findById,backend/identity-service/src/main/java/com/pml/identity/service/EventAccessService.java,26,114,46,False,False,no,
identity-service,GAP,EventAccessService,findByUserAndEvent,backend/identity-service/src/main/java/com/pml/identity/service/EventAccessService.java,31,2,4,False,False,no,
identity-service,GAP,EventAccessService,findByUser,backend/identity-service/src/main/java/com/pml/identity/service/EventAccessService.java,36,2,0,False,False,no,
identity-service,GAP,EventAccessService,findActiveByUser,backend/identity-service/src/main/java/com/pml/identity/service/EventAccessService.java,41,2,0,False,False,no,
identity-service,GAP,EventAccessService,grant,backend/identity-service/src/main/java/com/pml/identity/service/EventAccessService.java,46,3,9,False,False,no,
identity-service,GAP,EventAccessService,bulkGrant,backend/identity-service/src/main/java/com/pml/identity/service/EventAccessService.java,60,1,0,False,False,no,
identity-service,GAP,EventAccessService,update,backend/identity-service/src/main/java/com/pml/identity/service/EventAccessService.java,70,14,7,False,False,no,
identity-service,GAP,EventReminderService,findByUserId,backend/identity-service/src/main/java/com/pml/identity/service/EventReminderService.java,17,9,1,False,False,no,
identity-service,GAP,EventReminderService,findByUserIdAndEventId,backend/identity-service/src/main/java/com/pml/identity/service/EventReminderService.java,19,6,1,False,False,no,
identity-service,GAP,EventReminderService,findById,backend/identity-service/src/main/java/com/pml/identity/service/EventReminderService.java,21,114,46,False,False,no,
identity-service,GAP,EventReminderService,findByUserIdAndTicketId,backend/identity-service/src/main/java/com/pml/identity/service/EventReminderService.java,23,2,2,False,False,no,
identity-service,GAP,EventReminderService,schedule,backend/identity-service/src/main/java/com/pml/identity/service/EventReminderService.java,26,6,21,False,True,no,
identity-service,GAP,EventReminderService,markSent,backend/identity-service/src/main/java/com/pml/identity/service/EventReminderService.java,32,2,4,False,False,no,
identity-service,GAP,Contact,leads,backend/identity-service/src/main/java/com/pml/identity/service/FinanceLeadNotifier.java,64,2,0,False,False,no,
identity-service,GAP,NotificationPreferencesService,findByUserId,backend/identity-service/src/main/java/com/pml/identity/service/NotificationPreferencesService.java,18,9,1,False,False,no,
identity-service,GAP,NotificationPreferencesService,updatePreferences,backend/identity-service/src/main/java/com/pml/identity/service/NotificationPreferencesService.java,27,1,0,False,False,no,
identity-service,GAP,NotificationPreferencesService,getOrCreateDefault,backend/identity-service/src/main/java/com/pml/identity/service/NotificationPreferencesService.java,35,2,0,False,False,no,
identity-service,GAP,NotificationService,createNotification,backend/identity-service/src/main/java/com/pml/identity/service/NotificationService.java,22,2,0,False,False,no,
identity-service,GAP,NotificationService,findByUserId,backend/identity-service/src/main/java/com/pml/identity/service/NotificationService.java,42,9,1,False,False,no,
identity-service,GAP,NotificationService,findByUserId,backend/identity-service/src/main/java/com/pml/identity/service/NotificationService.java,50,9,1,False,False,no,
identity-service,GAP,NotificationService,countUnread,backend/identity-service/src/main/java/com/pml/identity/service/NotificationService.java,58,1,0,False,False,no,
identity-service,GAP,NotificationService,findById,backend/identity-service/src/main/java/com/pml/identity/service/NotificationService.java,66,114,46,False,False,no,
identity-service,GAP,NotificationService,markAsRead,backend/identity-service/src/main/java/com/pml/identity/service/NotificationService.java,74,1,0,False,False,no,
identity-service,GAP,NotificationService,markAllAsRead,backend/identity-service/src/main/java/com/pml/identity/service/NotificationService.java,82,1,0,False,False,no,
identity-service,GAP,OrganizationApprovalService,load,backend/identity-service/src/main/java/com/pml/identity/service/OrganizationApprovalService.java,53,6,7,False,False,no,
identity-service,GAP,OrganizationMemberService,reactivate,backend/identity-service/src/main/java/com/pml/identity/service/OrganizationMemberService.java,102,1,0,False,False,no,
identity-service,GAP,OrganizationMemberService,remove,backend/identity-service/src/main/java/com/pml/identity/service/OrganizationMemberService.java,107,7,37,False,False,no,
identity-service,GAP,OrganizationMemberService,leave,backend/identity-service/src/main/java/com/pml/identity/service/OrganizationMemberService.java,112,1,0,False,False,no,
identity-service,GAP,OrganizationMemberService,hasPermission,backend/identity-service/src/main/java/com/pml/identity/service/OrganizationMemberService.java,119,4,9,False,False,no,
identity-service,GAP,OrganizationMemberService,requirePermission,backend/identity-service/src/main/java/com/pml/identity/service/OrganizationMemberService.java,122,18,5,False,False,no,
identity-service,GAP,OrganizationMemberService,canModifyMember,backend/identity-service/src/main/java/com/pml/identity/service/OrganizationMemberService.java,127,4,0,False,False,no,
identity-service,GAP,OrganizationMemberService,findById,backend/identity-service/src/main/java/com/pml/identity/service/OrganizationMemberService.java,27,114,46,False,False,no,
identity-service,GAP,OrganizationMemberService,findByUserAndOrganization,backend/identity-service/src/main/java/com/pml/identity/service/OrganizationMemberService.java,32,5,4,False,False,no,
identity-service,GAP,OrganizationMemberService,isActiveMember,backend/identity-service/src/main/java/com/pml/identity/service/OrganizationMemberService.java,37,1,0,False,False,no,
identity-service,GAP,OrganizationMemberService,findByOrganization,backend/identity-service/src/main/java/com/pml/identity/service/OrganizationMemberService.java,42,5,0,False,False,no,
identity-service,GAP,OrganizationMemberService,findByOrganization,backend/identity-service/src/main/java/com/pml/identity/service/OrganizationMemberService.java,47,5,0,False,False,no,
identity-service,GAP,OrganizationMemberService,findOwner,backend/identity-service/src/main/java/com/pml/identity/service/OrganizationMemberService.java,52,1,0,False,False,no,
identity-service,GAP,OrganizationMemberService,findByUser,backend/identity-service/src/main/java/com/pml/identity/service/OrganizationMemberService.java,57,2,0,False,False,no,
identity-service,GAP,OrganizationMemberService,findActiveByUser,backend/identity-service/src/main/java/com/pml/identity/service/OrganizationMemberService.java,62,2,0,False,False,no,
identity-service,GAP,OrganizationMemberService,countActiveMembers,backend/identity-service/src/main/java/com/pml/identity/service/OrganizationMemberService.java,67,1,0,False,False,no,
identity-service,GAP,OrganizationMemberService,createFromInvitation,backend/identity-service/src/main/java/com/pml/identity/service/OrganizationMemberService.java,72,1,0,False,False,no,
identity-service,GAP,OrganizationMemberService,updateRole,backend/identity-service/src/main/java/com/pml/identity/service/OrganizationMemberService.java,82,1,0,False,False,no,
identity-service,GAP,OrganizationMemberService,updateStatus,backend/identity-service/src/main/java/com/pml/identity/service/OrganizationMemberService.java,92,3,0,False,False,no,
identity-service,GAP,OrganizationMemberService,suspend,backend/identity-service/src/main/java/com/pml/identity/service/OrganizationMemberService.java,97,2,0,False,False,no,
identity-service,GAP,OrganizationOnboardingService,updateApplication,backend/identity-service/src/main/java/com/pml/identity/service/OrganizationOnboardingService.java,48,1,0,False,False,no,
identity-service,GAP,OrganizationOnboardingService,submitForReview,backend/identity-service/src/main/java/com/pml/identity/service/OrganizationOnboardingService.java,57,1,0,False,False,no,
identity-service,GAP,OrganizationOnboardingService,getOrCreateOrganization,backend/identity-service/src/main/java/com/pml/identity/service/OrganizationOnboardingService.java,66,1,0,False,False,no,
identity-service,GAP,OrganizationOnboardingService,createOrganization,backend/identity-service/src/main/java/com/pml/identity/service/OrganizationOnboardingService.java,74,1,0,False,False,no,
identity-service,GAP,OrganizationOnboardingService,findOrganizationByOwnerId,backend/identity-service/src/main/java/com/pml/identity/service/OrganizationOnboardingService.java,91,2,0,False,False,no,
identity-service,GAP,OrganizationService,suspend,backend/identity-service/src/main/java/com/pml/identity/service/OrganizationService.java,100,2,0,False,False,no,
identity-service,GAP,OrganizationService,unsuspend,backend/identity-service/src/main/java/com/pml/identity/service/OrganizationService.java,105,1,0,False,False,no,
identity-service,GAP,OrganizationService,generateUniqueSlug,backend/identity-service/src/main/java/com/pml/identity/service/OrganizationService.java,114,3,0,False,False,no,
identity-service,GAP,OrganizationService,findById,backend/identity-service/src/main/java/com/pml/identity/service/OrganizationService.java,30,114,46,False,False,no,
identity-service,GAP,OrganizationService,findBySlug,backend/identity-service/src/main/java/com/pml/identity/service/OrganizationService.java,35,2,0,False,False,no,
identity-service,GAP,OrganizationService,findByOwnerId,backend/identity-service/src/main/java/com/pml/identity/service/OrganizationService.java,40,19,0,False,False,no,
identity-service,GAP,OrganizationService,findAll,backend/identity-service/src/main/java/com/pml/identity/service/OrganizationService.java,45,7,4,False,False,no,
identity-service,GAP,OrganizationService,findAll,backend/identity-service/src/main/java/com/pml/identity/service/OrganizationService.java,50,7,4,False,False,no,
identity-service,GAP,OrganizationService,findByStatus,backend/identity-service/src/main/java/com/pml/identity/service/OrganizationService.java,55,5,1,False,False,no,
identity-service,GAP,OrganizationService,findByStatus,backend/identity-service/src/main/java/com/pml/identity/service/OrganizationService.java,60,5,1,False,False,no,
identity-service,GAP,OrganizationService,findInApprovalWorkflow,backend/identity-service/src/main/java/com/pml/identity/service/OrganizationService.java,65,1,0,False,False,no,
identity-service,GAP,OrganizationService,searchByName,backend/identity-service/src/main/java/com/pml/identity/service/OrganizationService.java,70,1,0,False,False,no,
identity-service,GAP,OrganizationService,countByStatus,backend/identity-service/src/main/java/com/pml/identity/service/OrganizationService.java,75,2,0,False,False,no,
identity-service,GAP,OrganizationService,update,backend/identity-service/src/main/java/com/pml/identity/service/OrganizationService.java,85,14,7,False,False,no,
identity-service,GAP,OrganizationService,updateSettings,backend/identity-service/src/main/java/com/pml/identity/service/OrganizationService.java,90,1,4,False,False,no,
identity-service,GAP,OrganizationService,updateStatus,backend/identity-service/src/main/java/com/pml/identity/service/OrganizationService.java,95,3,0,False,False,no,
identity-service,GAP,OtpService,canSendOtp,backend/identity-service/src/main/java/com/pml/identity/service/OtpService.java,113,4,0,False,False,no,
identity-service,GAP,OtpService,getCooldownRemaining,backend/identity-service/src/main/java/com/pml/identity/service/OtpService.java,142,3,0,False,False,no,
identity-service,GAP,OtpService,generateRandomOtp,backend/identity-service/src/main/java/com/pml/identity/service/OtpService.java,167,1,0,False,False,no,
identity-service,GAP,OtpService,incrementAttempts,backend/identity-service/src/main/java/com/pml/identity/service/OtpService.java,178,1,0,False,False,no,
identity-service,GAP,OtpService,normalizePhoneNumber,backend/identity-service/src/main/java/com/pml/identity/service/OtpService.java,194,10,0,False,False,no,
identity-service,GAP,OtpService,maskPhoneNumber,backend/identity-service/src/main/java/com/pml/identity/service/OtpService.java,206,21,0,False,False,no,
identity-service,GAP,OtpService,generateOtp,backend/identity-service/src/main/java/com/pml/identity/service/OtpService.java,47,3,0,False,False,no,
identity-service,GAP,OwnershipConfirmationCodes,refuseUnlessNomineeOfPending,backend/identity-service/src/main/java/com/pml/identity/service/OwnershipConfirmationCodes.java,118,2,0,False,False,no,
identity-service,GAP,OwnershipConfirmationCodes,send,backend/identity-service/src/main/java/com/pml/identity/service/OwnershipConfirmationCodes.java,129,3,20,False,False,no,
identity-service,GAP,OwnershipConfirmationCodes,scope,backend/identity-service/src/main/java/com/pml/identity/service/OwnershipConfirmationCodes.java,133,4,3,False,True,no,
identity-service,GAP,OwnershipConfirmationCodes,digest,backend/identity-service/src/main/java/com/pml/identity/service/OwnershipConfirmationCodes.java,137,5,0,False,False,no,
identity-service,GAP,OwnershipConfirmationCodes,issue,backend/identity-service/src/main/java/com/pml/identity/service/OwnershipConfirmationCodes.java,65,1,4,False,False,no,
identity-service,GAP,OwnershipConfirmationCodes,verify,backend/identity-service/src/main/java/com/pml/identity/service/OwnershipConfirmationCodes.java,92,1,33,True,False,no,
identity-service,GAP,OwnershipTransferService,findById,backend/identity-service/src/main/java/com/pml/identity/service/OwnershipTransferService.java,20,114,46,False,False,no,
identity-service,GAP,OwnershipTransferService,findByToken,backend/identity-service/src/main/java/com/pml/identity/service/OwnershipTransferService.java,22,3,0,False,False,no,
identity-service,GAP,OwnershipTransferService,findPendingByOrganization,backend/identity-service/src/main/java/com/pml/identity/service/OwnershipTransferService.java,24,4,0,False,False,no,
identity-service,GAP,OwnershipTransferService,findByOrganization,backend/identity-service/src/main/java/com/pml/identity/service/OwnershipTransferService.java,26,5,0,False,False,no,
identity-service,GAP,OwnershipTransferService,findPendingByNewOwner,backend/identity-service/src/main/java/com/pml/identity/service/OwnershipTransferService.java,28,1,0,False,False,no,
identity-service,GAP,OwnershipTransferService,hasPendingTransfer,backend/identity-service/src/main/java/com/pml/identity/service/OwnershipTransferService.java,30,2,0,False,False,no,
identity-service,GAP,OwnershipTransferService,initiate,backend/identity-service/src/main/java/com/pml/identity/service/OwnershipTransferService.java,37,2,8,False,False,no,
identity-service,GAP,OwnershipTransferService,complete,backend/identity-service/src/main/java/com/pml/identity/service/OwnershipTransferService.java,41,3,7,False,False,no,
identity-service,GAP,OwnershipTransferService,expire,backend/identity-service/src/main/java/com/pml/identity/service/OwnershipTransferService.java,47,4,2,False,False,no,
identity-service,GAP,OwnershipTransferService,markMirrorPending,backend/identity-service/src/main/java/com/pml/identity/service/OwnershipTransferService.java,50,5,2,False,False,no,
identity-service,GAP,PayoutConfigAuditService,logVerificationChange,backend/identity-service/src/main/java/com/pml/identity/service/PayoutConfigAuditService.java,110,1,0,False,False,no,
identity-service,GAP,PayoutConfigAuditService,logFailedOperation,backend/identity-service/src/main/java/com/pml/identity/service/PayoutConfigAuditService.java,131,3,0,False,False,no,
identity-service,GAP,PayoutConfigAuditService,logPayoutConfigChange,backend/identity-service/src/main/java/com/pml/identity/service/PayoutConfigAuditService.java,37,1,0,False,False,no,
identity-service,GAP,PayoutConfigAuditService,logBankAccountChange,backend/identity-service/src/main/java/com/pml/identity/service/PayoutConfigAuditService.java,62,1,0,False,False,no,
identity-service,GAP,PayoutConfigAuditService,logMobileMoneyAccountChange,backend/identity-service/src/main/java/com/pml/identity/service/PayoutConfigAuditService.java,88,1,0,False,False,no,
identity-service,GAP,TeamInvitationService,findById,backend/identity-service/src/main/java/com/pml/identity/service/TeamInvitationService.java,26,114,46,False,False,no,
identity-service,GAP,TeamInvitationService,findByToken,backend/identity-service/src/main/java/com/pml/identity/service/TeamInvitationService.java,31,3,0,False,False,no,
identity-service,GAP,TeamInvitationService,findPendingByOrganization,backend/identity-service/src/main/java/com/pml/identity/service/TeamInvitationService.java,36,4,0,False,False,no,
identity-service,GAP,TeamInvitationService,findPendingByOrganization,backend/identity-service/src/main/java/com/pml/identity/service/TeamInvitationService.java,41,4,0,False,False,no,
identity-service,GAP,TeamInvitationService,findByOrganization,backend/identity-service/src/main/java/com/pml/identity/service/TeamInvitationService.java,46,5,0,False,False,no,
identity-service,GAP,TeamInvitationService,findPendingByEmail,backend/identity-service/src/main/java/com/pml/identity/service/TeamInvitationService.java,51,1,0,False,False,no,
identity-service,GAP,TeamInvitationService,invite,backend/identity-service/src/main/java/com/pml/identity/service/TeamInvitationService.java,60,2,0,False,False,no,
identity-service,GAP,TeamInvitationService,bulkInvite,backend/identity-service/src/main/java/com/pml/identity/service/TeamInvitationService.java,74,1,0,False,False,no,
identity-service,GAP,TeamInvitationService,resend,backend/identity-service/src/main/java/com/pml/identity/service/TeamInvitationService.java,83,1,0,False,False,no,
identity-service,GAP,UserDeviceService,findByUserId,backend/identity-service/src/main/java/com/pml/identity/service/UserDeviceService.java,36,9,1,False,False,no,
identity-service,GAP,UserService,updateLastLogin,backend/identity-service/src/main/java/com/pml/identity/service/UserService.java,119,2,0,False,False,no,
identity-service,GAP,UserService,addRole,backend/identity-service/src/main/java/com/pml/identity/service/UserService.java,136,3,0,False,False,no,
identity-service,GAP,UserService,removeRole,backend/identity-service/src/main/java/com/pml/identity/service/UserService.java,151,3,0,False,False,no,
identity-service,GAP,UserService,setRoles,backend/identity-service/src/main/java/com/pml/identity/service/UserService.java,164,2,2,False,False,no,
identity-service,GAP,UserService,getRoles,backend/identity-service/src/main/java/com/pml/identity/service/UserService.java,172,25,0,False,False,no,
identity-service,GAP,UserService,findById,backend/identity-service/src/main/java/com/pml/identity/service/UserService.java,39,114,46,False,False,no,
identity-service,GAP,UserService,findByUsername,backend/identity-service/src/main/java/com/pml/identity/service/UserService.java,41,1,0,False,False,no,
identity-service,GAP,UserService,findByEmail,backend/identity-service/src/main/java/com/pml/identity/service/UserService.java,43,14,0,False,False,no,
identity-service,GAP,UserService,findByPhoneNumber,backend/identity-service/src/main/java/com/pml/identity/service/UserService.java,45,3,0,False,False,no,
identity-service,GAP,UserService,findAll,backend/identity-service/src/main/java/com/pml/identity/service/UserService.java,47,7,4,False,False,no,
identity-service,GAP,UserService,findByRole,backend/identity-service/src/main/java/com/pml/identity/service/UserService.java,55,5,2,False,False,no,
identity-service,GAP,UserService,existsByEmail,backend/identity-service/src/main/java/com/pml/identity/service/UserService.java,57,1,0,False,False,no,
identity-service,GAP,UserService,existsByUsername,backend/identity-service/src/main/java/com/pml/identity/service/UserService.java,59,1,0,False,False,no,
identity-service,GAP,UserService,updateProfile,backend/identity-service/src/main/java/com/pml/identity/service/UserService.java,74,1,2,False,False,no,
identity-service,GAP,UserService,deleteUser,backend/identity-service/src/main/java/com/pml/identity/service/UserService.java,76,1,0,False,False,no,
identity-service,GAP,UserStatsService,getCountForType,backend/identity-service/src/main/java/com/pml/identity/service/UserStatsService.java,274,4,0,False,False,no,
identity-service,GAP,UserStatsService,getCountForStatus,backend/identity-service/src/main/java/com/pml/identity/service/UserStatsService.java,282,3,0,False,False,no,
identity-service,GAP,UserSyncService,deleteUserByKeycloakId,backend/identity-service/src/main/java/com/pml/identity/service/UserSyncService.java,40,1,0,False,False,no,
identity-service,GAP,UserSyncService,updateLastLogin,backend/identity-service/src/main/java/com/pml/identity/service/UserSyncService.java,48,2,0,False,False,no,
identity-service,GAP,VerificationDocumentService,findById,backend/identity-service/src/main/java/com/pml/identity/service/VerificationDocumentService.java,22,114,46,False,False,no,
identity-service,GAP,VerificationDocumentService,findByOrganization,backend/identity-service/src/main/java/com/pml/identity/service/VerificationDocumentService.java,27,5,0,False,False,no,
identity-service,GAP,VerificationDocumentService,findByOrganizationAndStatus,backend/identity-service/src/main/java/com/pml/identity/service/VerificationDocumentService.java,32,3,0,False,False,no,
identity-service,GAP,VerificationDocumentService,findByOrganizationAndType,backend/identity-service/src/main/java/com/pml/identity/service/VerificationDocumentService.java,40,2,0,False,False,no,
identity-service,GAP,VerificationDocumentService,existsByOrganizationAndType,backend/identity-service/src/main/java/com/pml/identity/service/VerificationDocumentService.java,48,1,0,False,False,no,
identity-service,GAP,VerificationDocumentService,countByOrganization,backend/identity-service/src/main/java/com/pml/identity/service/VerificationDocumentService.java,53,1,0,False,False,no,
identity-service,GAP,VerificationDocumentService,countApprovedByOrganization,backend/identity-service/src/main/java/com/pml/identity/service/VerificationDocumentService.java,58,2,0,False,False,no,
identity-service,GAP,VerificationDocumentService,findPendingDocuments,backend/identity-service/src/main/java/com/pml/identity/service/VerificationDocumentService.java,63,1,0,False,False,no,
identity-service,GAP,VerificationDocumentService,upload,backend/identity-service/src/main/java/com/pml/identity/service/VerificationDocumentService.java,72,2,0,False,False,no,
identity-service,GAP,VerificationDocumentService,delete,backend/identity-service/src/main/java/com/pml/identity/service/VerificationDocumentService.java,94,13,2,False,False,no,
identity-service,GAP,AuthorizationServiceImpl,isOrganizationOwner,backend/identity-service/src/main/java/com/pml/identity/service/impl/AuthorizationServiceImpl.java,126,3,0,False,False,no,
identity-service,GAP,AuthorizationServiceImpl,findOrganizationByOwnerId,backend/identity-service/src/main/java/com/pml/identity/service/impl/AuthorizationServiceImpl.java,135,2,0,False,False,no,
identity-service,GAP,EventAccessServiceImpl,bulkGrant,backend/identity-service/src/main/java/com/pml/identity/service/impl/EventAccessServiceImpl.java,103,1,0,False,False,no,
identity-service,GAP,EventAccessServiceImpl,update,backend/identity-service/src/main/java/com/pml/identity/service/impl/EventAccessServiceImpl.java,128,14,7,False,False,no,
identity-service,GAP,EventAccessServiceImpl,findById,backend/identity-service/src/main/java/com/pml/identity/service/impl/EventAccessServiceImpl.java,41,114,46,False,False,no,
identity-service,GAP,EventAccessServiceImpl,findByUserAndEvent,backend/identity-service/src/main/java/com/pml/identity/service/impl/EventAccessServiceImpl.java,46,2,4,False,False,no,
identity-service,GAP,EventAccessServiceImpl,findByUser,backend/identity-service/src/main/java/com/pml/identity/service/impl/EventAccessServiceImpl.java,51,2,0,False,False,no,
identity-service,GAP,EventAccessServiceImpl,findActiveByUser,backend/identity-service/src/main/java/com/pml/identity/service/impl/EventAccessServiceImpl.java,56,2,0,False,False,no,
identity-service,GAP,EventAccessServiceImpl,grant,backend/identity-service/src/main/java/com/pml/identity/service/impl/EventAccessServiceImpl.java,61,3,9,False,False,no,
identity-service,GAP,EventReminderServiceImpl,findByUserId,backend/identity-service/src/main/java/com/pml/identity/service/impl/EventReminderServiceImpl.java,31,9,1,False,False,no,
identity-service,GAP,EventReminderServiceImpl,findByUserIdAndEventId,backend/identity-service/src/main/java/com/pml/identity/service/impl/EventReminderServiceImpl.java,36,6,1,False,False,no,
identity-service,GAP,NotificationPreferencesServiceImpl,findByUserId,backend/identity-service/src/main/java/com/pml/identity/service/impl/NotificationPreferencesServiceImpl.java,24,9,1,False,False,no,
identity-service,GAP,NotificationPreferencesServiceImpl,updatePreferences,backend/identity-service/src/main/java/com/pml/identity/service/impl/NotificationPreferencesServiceImpl.java,30,1,0,False,False,no,
identity-service,GAP,NotificationPreferencesServiceImpl,getOrCreateDefault,backend/identity-service/src/main/java/com/pml/identity/service/impl/NotificationPreferencesServiceImpl.java,62,2,0,False,False,no,
identity-service,GAP,NotificationServiceImpl,countUnread,backend/identity-service/src/main/java/com/pml/identity/service/impl/NotificationServiceImpl.java,103,1,0,False,False,no,
identity-service,GAP,NotificationServiceImpl,findById,backend/identity-service/src/main/java/com/pml/identity/service/impl/NotificationServiceImpl.java,109,114,46,False,False,no,
identity-service,GAP,NotificationServiceImpl,markAsRead,backend/identity-service/src/main/java/com/pml/identity/service/impl/NotificationServiceImpl.java,115,1,0,False,False,no,
identity-service,GAP,NotificationServiceImpl,markAllAsRead,backend/identity-service/src/main/java/com/pml/identity/service/impl/NotificationServiceImpl.java,130,1,0,False,False,no,
identity-service,GAP,NotificationServiceImpl,sendToChannels,backend/identity-service/src/main/java/com/pml/identity/service/impl/NotificationServiceImpl.java,159,1,0,False,False,no,
identity-service,GAP,NotificationServiceImpl,isChannelEnabled,backend/identity-service/src/main/java/com/pml/identity/service/impl/NotificationServiceImpl.java,192,1,0,False,False,no,
identity-service,GAP,NotificationServiceImpl,sendToChannel,backend/identity-service/src/main/java/com/pml/identity/service/impl/NotificationServiceImpl.java,209,1,0,False,False,no,
identity-service,GAP,NotificationServiceImpl,sendPushNotification,backend/identity-service/src/main/java/com/pml/identity/service/impl/NotificationServiceImpl.java,226,1,0,False,False,no,
identity-service,GAP,NotificationServiceImpl,sendSmsNotification,backend/identity-service/src/main/java/com/pml/identity/service/impl/NotificationServiceImpl.java,246,1,0,False,False,no,
identity-service,GAP,NotificationServiceImpl,sendWhatsAppNotification,backend/identity-service/src/main/java/com/pml/identity/service/impl/NotificationServiceImpl.java,261,1,0,False,False,no,
identity-service,GAP,NotificationServiceImpl,sendEmailNotification,backend/identity-service/src/main/java/com/pml/identity/service/impl/NotificationServiceImpl.java,276,1,0,False,False,no,
identity-service,GAP,NotificationServiceImpl,createNotification,backend/identity-service/src/main/java/com/pml/identity/service/impl/NotificationServiceImpl.java,45,2,0,False,False,no,
identity-service,GAP,NotificationServiceImpl,findByUserId,backend/identity-service/src/main/java/com/pml/identity/service/impl/NotificationServiceImpl.java,83,9,1,False,False,no,
identity-service,GAP,NotificationServiceImpl,findByUserId,backend/identity-service/src/main/java/com/pml/identity/service/impl/NotificationServiceImpl.java,97,9,1,False,False,no,
identity-service,GAP,OrganizationMemberServiceImpl,countActiveMembers,backend/identity-service/src/main/java/com/pml/identity/service/impl/OrganizationMemberServiceImpl.java,100,1,0,False,False,no,
identity-service,GAP,OrganizationMemberServiceImpl,createFromInvitation,backend/identity-service/src/main/java/com/pml/identity/service/impl/OrganizationMemberServiceImpl.java,105,1,0,False,False,no,
identity-service,GAP,OrganizationMemberServiceImpl,updateRole,backend/identity-service/src/main/java/com/pml/identity/service/impl/OrganizationMemberServiceImpl.java,142,1,0,False,False,no,
identity-service,GAP,OrganizationMemberServiceImpl,updateStatus,backend/identity-service/src/main/java/com/pml/identity/service/impl/OrganizationMemberServiceImpl.java,177,3,0,False,False,no,
identity-service,GAP,OrganizationMemberServiceImpl,suspend,backend/identity-service/src/main/java/com/pml/identity/service/impl/OrganizationMemberServiceImpl.java,192,2,0,False,False,no,
identity-service,GAP,OrganizationMemberServiceImpl,reactivate,backend/identity-service/src/main/java/com/pml/identity/service/impl/OrganizationMemberServiceImpl.java,198,1,0,False,False,no,
identity-service,GAP,OrganizationMemberServiceImpl,remove,backend/identity-service/src/main/java/com/pml/identity/service/impl/OrganizationMemberServiceImpl.java,204,7,37,False,False,no,
identity-service,GAP,OrganizationMemberServiceImpl,leave,backend/identity-service/src/main/java/com/pml/identity/service/impl/OrganizationMemberServiceImpl.java,219,1,0,False,False,no,
identity-service,GAP,OrganizationMemberServiceImpl,endMembership,backend/identity-service/src/main/java/com/pml/identity/service/impl/OrganizationMemberServiceImpl.java,255,2,7,False,False,no,
identity-service,GAP,OrganizationMemberServiceImpl,revokeEventGrants,backend/identity-service/src/main/java/com/pml/identity/service/impl/OrganizationMemberServiceImpl.java,277,1,0,False,False,no,
identity-service,GAP,OrganizationMemberServiceImpl,hasPermission,backend/identity-service/src/main/java/com/pml/identity/service/impl/OrganizationMemberServiceImpl.java,295,4,9,False,False,no,
identity-service,GAP,OrganizationMemberServiceImpl,requirePermission,backend/identity-service/src/main/java/com/pml/identity/service/impl/OrganizationMemberServiceImpl.java,300,18,5,False,False,no,
identity-service,GAP,OrganizationMemberServiceImpl,canModifyMember,backend/identity-service/src/main/java/com/pml/identity/service/impl/OrganizationMemberServiceImpl.java,305,4,0,False,False,no,
identity-service,GAP,OrganizationMemberServiceImpl,addToKeycloakGroup,backend/identity-service/src/main/java/com/pml/identity/service/impl/OrganizationMemberServiceImpl.java,316,1,0,False,False,no,
identity-service,GAP,OrganizationMemberServiceImpl,removeFromKeycloakGroup,backend/identity-service/src/main/java/com/pml/identity/service/impl/OrganizationMemberServiceImpl.java,325,1,0,False,False,no,
identity-service,GAP,OrganizationMemberServiceImpl,updateKeycloakGroup,backend/identity-service/src/main/java/com/pml/identity/service/impl/OrganizationMemberServiceImpl.java,334,1,0,False,False,no,
identity-service,GAP,OrganizationMemberServiceImpl,markMirrorPending,backend/identity-service/src/main/java/com/pml/identity/service/impl/OrganizationMemberServiceImpl.java,363,5,2,False,False,no,
identity-service,GAP,OrganizationMemberServiceImpl,updateOrganizationMemberCount,backend/identity-service/src/main/java/com/pml/identity/service/impl/OrganizationMemberServiceImpl.java,385,2,0,False,False,no,
identity-service,GAP,OrganizationMemberServiceImpl,findById,backend/identity-service/src/main/java/com/pml/identity/service/impl/OrganizationMemberServiceImpl.java,60,114,46,False,False,no,
identity-service,GAP,OrganizationMemberServiceImpl,findByUserAndOrganization,backend/identity-service/src/main/java/com/pml/identity/service/impl/OrganizationMemberServiceImpl.java,65,5,4,False,False,no,
identity-service,GAP,OrganizationMemberServiceImpl,isActiveMember,backend/identity-service/src/main/java/com/pml/identity/service/impl/OrganizationMemberServiceImpl.java,70,1,0,False,False,no,
identity-service,GAP,OrganizationMemberServiceImpl,findByOrganization,backend/identity-service/src/main/java/com/pml/identity/service/impl/OrganizationMemberServiceImpl.java,75,5,0,False,False,no,
identity-service,GAP,OrganizationMemberServiceImpl,findByOrganization,backend/identity-service/src/main/java/com/pml/identity/service/impl/OrganizationMemberServiceImpl.java,80,5,0,False,False,no,
identity-service,GAP,OrganizationMemberServiceImpl,findOwner,backend/identity-service/src/main/java/com/pml/identity/service/impl/OrganizationMemberServiceImpl.java,85,1,0,False,False,no,
identity-service,GAP,OrganizationMemberServiceImpl,findByUser,backend/identity-service/src/main/java/com/pml/identity/service/impl/OrganizationMemberServiceImpl.java,90,2,0,False,False,no,
identity-service,GAP,OrganizationMemberServiceImpl,findActiveByUser,backend/identity-service/src/main/java/com/pml/identity/service/impl/OrganizationMemberServiceImpl.java,95,2,0,False,False,no,
identity-service,GAP,OrganizationOnboardingServiceImpl,submitForReview,backend/identity-service/src/main/java/com/pml/identity/service/impl/OrganizationOnboardingServiceImpl.java,171,1,0,False,False,no,
identity-service,GAP,OrganizationOnboardingServiceImpl,verifyRequiredDocuments,backend/identity-service/src/main/java/com/pml/identity/service/impl/OrganizationOnboardingServiceImpl.java,231,1,0,False,False,no,
identity-service,GAP,OrganizationOnboardingServiceImpl,getOrCreateOrganization,backend/identity-service/src/main/java/com/pml/identity/service/impl/OrganizationOnboardingServiceImpl.java,248,1,0,False,False,no,
identity-service,GAP,OrganizationOnboardingServiceImpl,createOrganization,backend/identity-service/src/main/java/com/pml/identity/service/impl/OrganizationOnboardingServiceImpl.java,260,1,0,False,False,no,
identity-service,GAP,OrganizationOnboardingServiceImpl,findOrganizationByOwnerId,backend/identity-service/src/main/java/com/pml/identity/service/impl/OrganizationOnboardingServiceImpl.java,319,2,0,False,False,no,
identity-service,GAP,OrganizationOnboardingServiceImpl,createOrganizationFromInput,backend/identity-service/src/main/java/com/pml/identity/service/impl/OrganizationOnboardingServiceImpl.java,327,1,0,False,False,no,
identity-service,GAP,OrganizationOnboardingServiceImpl,buildDefaultPayoutConfig,backend/identity-service/src/main/java/com/pml/identity/service/impl/OrganizationOnboardingServiceImpl.java,410,2,0,False,False,no,
identity-service,GAP,OrganizationOnboardingServiceImpl,convertSocialLinks,backend/identity-service/src/main/java/com/pml/identity/service/impl/OrganizationOnboardingServiceImpl.java,431,2,0,False,False,no,
identity-service,GAP,OrganizationOnboardingServiceImpl,generateOrganizationName,backend/identity-service/src/main/java/com/pml/identity/service/impl/OrganizationOnboardingServiceImpl.java,442,2,0,False,False,no,
identity-service,GAP,OrganizationOnboardingServiceImpl,createOwnerMembership,backend/identity-service/src/main/java/com/pml/identity/service/impl/OrganizationOnboardingServiceImpl.java,460,2,0,False,False,no,
identity-service,GAP,OrganizationOnboardingServiceImpl,generateUniqueSlug,backend/identity-service/src/main/java/com/pml/identity/service/impl/OrganizationOnboardingServiceImpl.java,477,3,0,False,False,no,
identity-service,GAP,OrganizationOnboardingServiceImpl,toSlug,backend/identity-service/src/main/java/com/pml/identity/service/impl/OrganizationOnboardingServiceImpl.java,488,4,0,False,False,no,
identity-service,GAP,OrganizationOnboardingServiceImpl,capitalizeWords,backend/identity-service/src/main/java/com/pml/identity/service/impl/OrganizationOnboardingServiceImpl.java,507,1,0,False,False,no,
identity-service,GAP,OrganizationOnboardingServiceImpl,updateApplication,backend/identity-service/src/main/java/com/pml/identity/service/impl/OrganizationOnboardingServiceImpl.java,88,1,0,False,False,no,
identity-service,GAP,OrganizationServiceImpl,countByStatus,backend/identity-service/src/main/java/com/pml/identity/service/impl/OrganizationServiceImpl.java,106,2,0,False,False,no,
identity-service,GAP,OrganizationServiceImpl,findByStatus,backend/identity-service/src/main/java/com/pml/identity/service/impl/OrganizationServiceImpl.java,111,5,1,False,False,no,
identity-service,GAP,OrganizationServiceImpl,findInApprovalWorkflow,backend/identity-service/src/main/java/com/pml/identity/service/impl/OrganizationServiceImpl.java,116,1,0,False,False,no,
identity-service,GAP,OrganizationServiceImpl,update,backend/identity-service/src/main/java/com/pml/identity/service/impl/OrganizationServiceImpl.java,128,14,7,False,False,no,
identity-service,GAP,OrganizationServiceImpl,updateSettings,backend/identity-service/src/main/java/com/pml/identity/service/impl/OrganizationServiceImpl.java,149,1,4,False,False,no,
identity-service,GAP,OrganizationServiceImpl,updateStatus,backend/identity-service/src/main/java/com/pml/identity/service/impl/OrganizationServiceImpl.java,159,3,0,False,False,no,
identity-service,GAP,OrganizationServiceImpl,suspend,backend/identity-service/src/main/java/com/pml/identity/service/impl/OrganizationServiceImpl.java,169,2,0,False,False,no,
identity-service,GAP,OrganizationServiceImpl,unsuspend,backend/identity-service/src/main/java/com/pml/identity/service/impl/OrganizationServiceImpl.java,194,1,0,False,False,no,
identity-service,GAP,OrganizationServiceImpl,generateUniqueSlug,backend/identity-service/src/main/java/com/pml/identity/service/impl/OrganizationServiceImpl.java,212,3,0,False,False,no,
identity-service,GAP,OrganizationServiceImpl,findAvailableSlug,backend/identity-service/src/main/java/com/pml/identity/service/impl/OrganizationServiceImpl.java,223,2,0,False,False,no,
identity-service,GAP,OrganizationServiceImpl,toSlug,backend/identity-service/src/main/java/com/pml/identity/service/impl/OrganizationServiceImpl.java,245,4,0,False,False,no,
identity-service,GAP,OrganizationServiceImpl,findById,backend/identity-service/src/main/java/com/pml/identity/service/impl/OrganizationServiceImpl.java,64,114,46,False,False,no,
identity-service,GAP,OrganizationServiceImpl,findBySlug,backend/identity-service/src/main/java/com/pml/identity/service/impl/OrganizationServiceImpl.java,69,2,0,False,False,no,
identity-service,GAP,OrganizationServiceImpl,findByOwnerId,backend/identity-service/src/main/java/com/pml/identity/service/impl/OrganizationServiceImpl.java,74,19,0,False,False,no,
identity-service,GAP,OrganizationServiceImpl,findAll,backend/identity-service/src/main/java/com/pml/identity/service/impl/OrganizationServiceImpl.java,79,7,4,False,False,no,
identity-service,GAP,OrganizationServiceImpl,findAll,backend/identity-service/src/main/java/com/pml/identity/service/impl/OrganizationServiceImpl.java,86,7,4,False,False,no,
identity-service,GAP,OrganizationServiceImpl,findByStatus,backend/identity-service/src/main/java/com/pml/identity/service/impl/OrganizationServiceImpl.java,91,5,1,False,False,no,
identity-service,GAP,OrganizationServiceImpl,searchByName,backend/identity-service/src/main/java/com/pml/identity/service/impl/OrganizationServiceImpl.java,96,1,0,False,False,no,
identity-service,GAP,OwnershipTransferServiceImpl,notPending,backend/identity-service/src/main/java/com/pml/identity/service/impl/OwnershipTransferServiceImpl.java,242,2,0,False,False,no,
identity-service,GAP,OwnershipTransferServiceImpl,findByToken,backend/identity-service/src/main/java/com/pml/identity/service/impl/OwnershipTransferServiceImpl.java,73,3,0,False,False,no,
identity-service,GAP,OwnershipTransferServiceImpl,findPendingByOrganization,backend/identity-service/src/main/java/com/pml/identity/service/impl/OwnershipTransferServiceImpl.java,78,4,0,False,False,no,
identity-service,GAP,OwnershipTransferServiceImpl,findByOrganization,backend/identity-service/src/main/java/com/pml/identity/service/impl/OwnershipTransferServiceImpl.java,83,5,0,False,False,no,
identity-service,GAP,OwnershipTransferServiceImpl,findPendingByNewOwner,backend/identity-service/src/main/java/com/pml/identity/service/impl/OwnershipTransferServiceImpl.java,88,1,0,False,False,no,
identity-service,GAP,PayoutConfigAuditServiceImpl,logMobileMoneyAccountChange,backend/identity-service/src/main/java/com/pml/identity/service/impl/PayoutConfigAuditServiceImpl.java,113,1,0,False,False,no,
identity-service,GAP,PayoutConfigAuditServiceImpl,logVerificationChange,backend/identity-service/src/main/java/com/pml/identity/service/impl/PayoutConfigAuditServiceImpl.java,157,1,0,False,False,no,
identity-service,GAP,PayoutConfigAuditServiceImpl,logFailedOperation,backend/identity-service/src/main/java/com/pml/identity/service/impl/PayoutConfigAuditServiceImpl.java,188,3,0,False,False,no,
identity-service,GAP,PayoutConfigAuditServiceImpl,maskBankAccountDetails,backend/identity-service/src/main/java/com/pml/identity/service/impl/PayoutConfigAuditServiceImpl.java,227,2,0,False,False,no,
identity-service,GAP,PayoutConfigAuditServiceImpl,maskMobileMoneyAccountDetails,backend/identity-service/src/main/java/com/pml/identity/service/impl/PayoutConfigAuditServiceImpl.java,255,2,0,False,False,no,
identity-service,GAP,PayoutConfigAuditServiceImpl,logPayoutConfigChange,backend/identity-service/src/main/java/com/pml/identity/service/impl/PayoutConfigAuditServiceImpl.java,36,1,0,False,False,no,
identity-service,GAP,PayoutConfigAuditServiceImpl,logBankAccountChange,backend/identity-service/src/main/java/com/pml/identity/service/impl/PayoutConfigAuditServiceImpl.java,69,1,0,False,False,no,
identity-service,GAP,TeamInvitationServiceImpl,findPendingByEmail,backend/identity-service/src/main/java/com/pml/identity/service/impl/TeamInvitationServiceImpl.java,101,1,0,False,False,no,
identity-service,GAP,TeamInvitationServiceImpl,invite,backend/identity-service/src/main/java/com/pml/identity/service/impl/TeamInvitationServiceImpl.java,110,2,0,False,False,no,
identity-service,GAP,TeamInvitationServiceImpl,bulkInvite,backend/identity-service/src/main/java/com/pml/identity/service/impl/TeamInvitationServiceImpl.java,188,1,0,False,False,no,
identity-service,GAP,TeamInvitationServiceImpl,revokePendingFor,backend/identity-service/src/main/java/com/pml/identity/service/impl/TeamInvitationServiceImpl.java,218,1,0,False,False,no,
identity-service,GAP,TeamInvitationServiceImpl,alreadyAMember,backend/identity-service/src/main/java/com/pml/identity/service/impl/TeamInvitationServiceImpl.java,243,1,0,False,False,no,
identity-service,GAP,TeamInvitationServiceImpl,resend,backend/identity-service/src/main/java/com/pml/identity/service/impl/TeamInvitationServiceImpl.java,251,1,0,False,False,no,
identity-service,GAP,TeamInvitationServiceImpl,acceptAsAddressee,backend/identity-service/src/main/java/com/pml/identity/service/impl/TeamInvitationServiceImpl.java,327,1,0,False,False,no,
identity-service,GAP,TeamInvitationServiceImpl,claimThenCreate,backend/identity-service/src/main/java/com/pml/identity/service/impl/TeamInvitationServiceImpl.java,372,1,0,False,False,no,
identity-service,GAP,TeamInvitationServiceImpl,claimPending,backend/identity-service/src/main/java/com/pml/identity/service/impl/TeamInvitationServiceImpl.java,394,2,0,False,False,no,
identity-service,GAP,TeamInvitationServiceImpl,createMembership,backend/identity-service/src/main/java/com/pml/identity/service/impl/TeamInvitationServiceImpl.java,405,1,0,False,False,no,
identity-service,GAP,TeamInvitationServiceImpl,generateToken,backend/identity-service/src/main/java/com/pml/identity/service/impl/TeamInvitationServiceImpl.java,448,3,0,False,False,no,
identity-service,GAP,TeamInvitationServiceImpl,createEventAccessGrants,backend/identity-service/src/main/java/com/pml/identity/service/impl/TeamInvitationServiceImpl.java,452,1,0,False,False,no,
identity-service,GAP,TeamInvitationServiceImpl,notifyInvitation,backend/identity-service/src/main/java/com/pml/identity/service/impl/TeamInvitationServiceImpl.java,467,2,0,False,False,no,
identity-service,GAP,TeamInvitationServiceImpl,notifyAcceptance,backend/identity-service/src/main/java/com/pml/identity/service/impl/TeamInvitationServiceImpl.java,474,1,0,False,False,no,
identity-service,GAP,TeamInvitationServiceImpl,findById,backend/identity-service/src/main/java/com/pml/identity/service/impl/TeamInvitationServiceImpl.java,76,114,46,False,False,no,
identity-service,GAP,TeamInvitationServiceImpl,findByToken,backend/identity-service/src/main/java/com/pml/identity/service/impl/TeamInvitationServiceImpl.java,81,3,0,False,False,no,
identity-service,GAP,TeamInvitationServiceImpl,findPendingByOrganization,backend/identity-service/src/main/java/com/pml/identity/service/impl/TeamInvitationServiceImpl.java,86,4,0,False,False,no,
identity-service,GAP,TeamInvitationServiceImpl,findPendingByOrganization,backend/identity-service/src/main/java/com/pml/identity/service/impl/TeamInvitationServiceImpl.java,91,4,0,False,False,no,
identity-service,GAP,TeamInvitationServiceImpl,findByOrganization,backend/identity-service/src/main/java/com/pml/identity/service/impl/TeamInvitationServiceImpl.java,96,5,0,False,False,no,
identity-service,GAP,UserDeviceServiceImpl,findByUserId,backend/identity-service/src/main/java/com/pml/identity/service/impl/UserDeviceServiceImpl.java,79,9,1,False,False,no,
identity-service,GAP,UserServiceImpl,updateProfile,backend/identity-service/src/main/java/com/pml/identity/service/impl/UserServiceImpl.java,132,1,2,False,False,no,
identity-service,GAP,UserServiceImpl,deleteUser,backend/identity-service/src/main/java/com/pml/identity/service/impl/UserServiceImpl.java,161,1,0,False,False,no,
identity-service,GAP,UserServiceImpl,updateLastLogin,backend/identity-service/src/main/java/com/pml/identity/service/impl/UserServiceImpl.java,291,2,0,False,False,no,
identity-service,GAP,UserServiceImpl,addRole,backend/identity-service/src/main/java/com/pml/identity/service/impl/UserServiceImpl.java,304,3,0,False,False,no,
identity-service,GAP,UserServiceImpl,removeRole,backend/identity-service/src/main/java/com/pml/identity/service/impl/UserServiceImpl.java,337,3,0,False,False,no,
identity-service,GAP,UserServiceImpl,setRoles,backend/identity-service/src/main/java/com/pml/identity/service/impl/UserServiceImpl.java,375,2,2,False,False,no,
identity-service,GAP,UserServiceImpl,getRoles,backend/identity-service/src/main/java/com/pml/identity/service/impl/UserServiceImpl.java,419,25,0,False,False,no,
identity-service,GAP,UserServiceImpl,syncRolesToKeycloak,backend/identity-service/src/main/java/com/pml/identity/service/impl/UserServiceImpl.java,428,1,0,False,False,no,
identity-service,GAP,UserServiceImpl,findById,backend/identity-service/src/main/java/com/pml/identity/service/impl/UserServiceImpl.java,50,114,46,False,False,no,
identity-service,GAP,UserServiceImpl,findByUsername,backend/identity-service/src/main/java/com/pml/identity/service/impl/UserServiceImpl.java,55,1,0,False,False,no,
identity-service,GAP,UserServiceImpl,findByEmail,backend/identity-service/src/main/java/com/pml/identity/service/impl/UserServiceImpl.java,60,14,0,False,False,no,
identity-service,GAP,UserServiceImpl,findByPhoneNumber,backend/identity-service/src/main/java/com/pml/identity/service/impl/UserServiceImpl.java,65,3,0,False,False,no,
identity-service,GAP,UserServiceImpl,findAll,backend/identity-service/src/main/java/com/pml/identity/service/impl/UserServiceImpl.java,70,7,4,False,False,no,
identity-service,GAP,UserServiceImpl,findByRole,backend/identity-service/src/main/java/com/pml/identity/service/impl/UserServiceImpl.java,75,5,2,False,False,no,
identity-service,GAP,UserServiceImpl,existsByEmail,backend/identity-service/src/main/java/com/pml/identity/service/impl/UserServiceImpl.java,80,1,0,False,False,no,
identity-service,GAP,UserServiceImpl,existsByUsername,backend/identity-service/src/main/java/com/pml/identity/service/impl/UserServiceImpl.java,85,1,0,False,False,no,
identity-service,GAP,UserSyncServiceImpl,syncKeycloakUserToMongo,backend/identity-service/src/main/java/com/pml/identity/service/impl/UserSyncServiceImpl.java,103,1,0,False,False,no,
identity-service,GAP,UserSyncServiceImpl,createUserFromKeycloak,backend/identity-service/src/main/java/com/pml/identity/service/impl/UserSyncServiceImpl.java,126,1,0,False,False,no,
identity-service,GAP,UserSyncServiceImpl,extractRolesFromKeycloak,backend/identity-service/src/main/java/com/pml/identity/service/impl/UserSyncServiceImpl.java,168,2,0,False,False,no,
identity-service,GAP,UserSyncServiceImpl,updateUserFromKeycloak,backend/identity-service/src/main/java/com/pml/identity/service/impl/UserSyncServiceImpl.java,223,1,0,False,False,no,
identity-service,GAP,UserSyncServiceImpl,applyNormalizedPhone,backend/identity-service/src/main/java/com/pml/identity/service/impl/UserSyncServiceImpl.java,259,2,0,False,False,no,
identity-service,GAP,UserSyncServiceImpl,extractAttribute,backend/identity-service/src/main/java/com/pml/identity/service/impl/UserSyncServiceImpl.java,268,4,0,False,False,no,
identity-service,GAP,UserSyncServiceImpl,parseUserType,backend/identity-service/src/main/java/com/pml/identity/service/impl/UserSyncServiceImpl.java,282,3,0,False,False,no,
identity-service,GAP,UserSyncServiceImpl,deleteUserByKeycloakId,backend/identity-service/src/main/java/com/pml/identity/service/impl/UserSyncServiceImpl.java,61,1,0,False,False,no,
identity-service,GAP,UserSyncServiceImpl,updateLastLogin,backend/identity-service/src/main/java/com/pml/identity/service/impl/UserSyncServiceImpl.java,74,2,0,False,False,no,
identity-service,GAP,VerificationDocumentServiceImpl,delete,backend/identity-service/src/main/java/com/pml/identity/service/impl/VerificationDocumentServiceImpl.java,204,13,2,False,False,no,
identity-service,GAP,VerificationDocumentServiceImpl,checkAndUpdateOrganizationStatus,backend/identity-service/src/main/java/com/pml/identity/service/impl/VerificationDocumentServiceImpl.java,217,2,0,False,False,no,
identity-service,GAP,VerificationDocumentServiceImpl,notifyDocument,backend/identity-service/src/main/java/com/pml/identity/service/impl/VerificationDocumentServiceImpl.java,239,2,0,False,False,no,
identity-service,GAP,VerificationDocumentServiceImpl,findById,backend/identity-service/src/main/java/com/pml/identity/service/impl/VerificationDocumentServiceImpl.java,42,114,46,False,False,no,
identity-service,GAP,VerificationDocumentServiceImpl,findByOrganization,backend/identity-service/src/main/java/com/pml/identity/service/impl/VerificationDocumentServiceImpl.java,47,5,0,False,False,no,
identity-service,GAP,VerificationDocumentServiceImpl,findByOrganizationAndStatus,backend/identity-service/src/main/java/com/pml/identity/service/impl/VerificationDocumentServiceImpl.java,52,3,0,False,False,no,
identity-service,GAP,VerificationDocumentServiceImpl,findByOrganizationAndType,backend/identity-service/src/main/java/com/pml/identity/service/impl/VerificationDocumentServiceImpl.java,59,2,0,False,False,no,
identity-service,GAP,VerificationDocumentServiceImpl,existsByOrganizationAndType,backend/identity-service/src/main/java/com/pml/identity/service/impl/VerificationDocumentServiceImpl.java,66,1,0,False,False,no,
identity-service,GAP,VerificationDocumentServiceImpl,countByOrganization,backend/identity-service/src/main/java/com/pml/identity/service/impl/VerificationDocumentServiceImpl.java,71,1,0,False,False,no,
identity-service,GAP,VerificationDocumentServiceImpl,countApprovedByOrganization,backend/identity-service/src/main/java/com/pml/identity/service/impl/VerificationDocumentServiceImpl.java,76,2,0,False,False,no,
identity-service,GAP,VerificationDocumentServiceImpl,findPendingDocuments,backend/identity-service/src/main/java/com/pml/identity/service/impl/VerificationDocumentServiceImpl.java,81,1,0,False,False,no,
identity-service,GAP,VerificationDocumentServiceImpl,upload,backend/identity-service/src/main/java/com/pml/identity/service/impl/VerificationDocumentServiceImpl.java,90,2,0,False,False,no,
identity-service,GAP,FileStorageService,upload,backend/identity-service/src/main/java/com/pml/identity/service/storage/FileStorageService.java,29,2,0,False,False,no,
identity-service,GAP,FileStorageService,generatePresignedUrl,backend/identity-service/src/main/java/com/pml/identity/service/storage/FileStorageService.java,38,3,0,False,False,no,
identity-service,GAP,FileStorageService,delete,backend/identity-service/src/main/java/com/pml/identity/service/storage/FileStorageService.java,46,13,2,False,False,no,
identity-service,GAP,FileStorageService,exists,backend/identity-service/src/main/java/com/pml/identity/service/storage/FileStorageService.java,54,2,9,False,False,no,
identity-service,GAP,LocalFileStorageService,exists,backend/identity-service/src/main/java/com/pml/identity/service/storage/LocalFileStorageService.java,110,2,9,False,False,no,
identity-service,GAP,LocalFileStorageService,generateFileKey,backend/identity-service/src/main/java/com/pml/identity/service/storage/LocalFileStorageService.java,126,3,0,False,False,no,
identity-service,GAP,LocalFileStorageService,sanitizeFilename,backend/identity-service/src/main/java/com/pml/identity/service/storage/LocalFileStorageService.java,141,4,0,False,False,no,
identity-service,GAP,LocalFileStorageService,calculateMD5,backend/identity-service/src/main/java/com/pml/identity/service/storage/LocalFileStorageService.java,150,2,0,False,False,no,
identity-service,GAP,LocalFileStorageService,upload,backend/identity-service/src/main/java/com/pml/identity/service/storage/LocalFileStorageService.java,48,2,0,False,False,no,
identity-service,GAP,LocalFileStorageService,generatePresignedUrl,backend/identity-service/src/main/java/com/pml/identity/service/storage/LocalFileStorageService.java,87,3,0,False,False,no,
identity-service,GAP,LocalFileStorageService,delete,backend/identity-service/src/main/java/com/pml/identity/service/storage/LocalFileStorageService.java,96,13,2,False,False,no,
identity-service,GAP,S3FileStorageService,generatePresignedUrl,backend/identity-service/src/main/java/com/pml/identity/service/storage/S3FileStorageService.java,109,3,0,False,False,no,
identity-service,GAP,S3FileStorageService,delete,backend/identity-service/src/main/java/com/pml/identity/service/storage/S3FileStorageService.java,129,13,2,False,False,no,
identity-service,GAP,S3FileStorageService,exists,backend/identity-service/src/main/java/com/pml/identity/service/storage/S3FileStorageService.java,146,2,9,False,False,no,
identity-service,GAP,S3FileStorageService,uploadToS3,backend/identity-service/src/main/java/com/pml/identity/service/storage/S3FileStorageService.java,168,1,0,False,False,no,
identity-service,GAP,S3FileStorageService,generateFileKey,backend/identity-service/src/main/java/com/pml/identity/service/storage/S3FileStorageService.java,209,3,0,False,False,no,
identity-service,GAP,S3FileStorageService,sanitizeFilename,backend/identity-service/src/main/java/com/pml/identity/service/storage/S3FileStorageService.java,225,4,0,False,False,no,
identity-service,GAP,S3FileStorageService,calculateMD5,backend/identity-service/src/main/java/com/pml/identity/service/storage/S3FileStorageService.java,237,2,0,False,False,no,
identity-service,GAP,S3FileStorageService,upload,backend/identity-service/src/main/java/com/pml/identity/service/storage/S3FileStorageService.java,69,2,0,False,False,no,
identity-service,GAP,FileUploadValidator,validateRawFile,backend/identity-service/src/main/java/com/pml/identity/validation/FileUploadValidator.java,133,2,0,False,False,no,
identity-service,GAP,FileUploadValidator,validateFilename,backend/identity-service/src/main/java/com/pml/identity/validation/FileUploadValidator.java,185,2,0,False,False,no,
identity-service,GAP,FileUploadValidator,validateExtension,backend/identity-service/src/main/java/com/pml/identity/validation/FileUploadValidator.java,215,2,0,False,False,no,
identity-service,GAP,FileUploadValidator,validateMimeType,backend/identity-service/src/main/java/com/pml/identity/validation/FileUploadValidator.java,234,2,0,False,False,no,
identity-service,GAP,FileUploadValidator,validateFileContent,backend/identity-service/src/main/java/com/pml/identity/validation/FileUploadValidator.java,255,1,0,False,False,no,
identity-service,GAP,FileUploadValidator,validateMagicNumberFromPart,backend/identity-service/src/main/java/com/pml/identity/validation/FileUploadValidator.java,278,1,0,False,False,no,
identity-service,GAP,FileUploadValidator,validateMagicNumber,backend/identity-service/src/main/java/com/pml/identity/validation/FileUploadValidator.java,297,2,0,False,False,no,
identity-service,GAP,FileUploadValidator,matchesMagicNumber,backend/identity-service/src/main/java/com/pml/identity/validation/FileUploadValidator.java,323,1,0,False,False,no,
identity-service,GAP,FileUploadValidator,getFileExtension,backend/identity-service/src/main/java/com/pml/identity/validation/FileUploadValidator.java,339,1,0,False,False,no,
identity-service,GAP,ValidationResult,valid,backend/identity-service/src/main/java/com/pml/identity/validation/FileUploadValidator.java,369,5,0,False,True,no,
identity-service,GAP,ValidationResult,invalid,backend/identity-service/src/main/java/com/pml/identity/validation/FileUploadValidator.java,373,22,0,False,False,no,
identity-service,GAP,FinancialDataValidator,isValidZambianMobileNumber,backend/identity-service/src/main/java/com/pml/identity/validation/FinancialDataValidator.java,125,1,0,False,False,no,
identity-service,GAP,FinancialDataValidator,normalizeToE164,backend/identity-service/src/main/java/com/pml/identity/validation/FinancialDataValidator.java,152,1,0,False,False,no,
identity-service,GAP,FinancialDataValidator,isValidAccountHolderName,backend/identity-service/src/main/java/com/pml/identity/validation/FinancialDataValidator.java,197,2,0,False,False,no,
identity-service,GAP,FinancialDataValidator,sanitizeNumeric,backend/identity-service/src/main/java/com/pml/identity/validation/FinancialDataValidator.java,223,1,0,False,False,no,
identity-service,GAP,FinancialDataValidator,sanitizeAlphanumeric,backend/identity-service/src/main/java/com/pml/identity/validation/FinancialDataValidator.java,237,2,0,False,False,no,
identity-service,GAP,FinancialDataValidator,sanitizePhoneNumber,backend/identity-service/src/main/java/com/pml/identity/validation/FinancialDataValidator.java,250,2,0,False,False,no,
identity-service,GAP,FinancialDataValidator,maskAccountNumber,backend/identity-service/src/main/java/com/pml/identity/validation/FinancialDataValidator.java,276,2,0,False,False,no,
identity-service,GAP,FinancialDataValidator,maskPhoneNumber,backend/identity-service/src/main/java/com/pml/identity/validation/FinancialDataValidator.java,289,21,0,False,False,no,
identity-service,GAP,FinancialDataValidator,isValidPayoutAmount,backend/identity-service/src/main/java/com/pml/identity/validation/FinancialDataValidator.java,309,1,0,False,False,no,
identity-service,GAP,FinancialDataValidator,isValidZambianAccountNumber,backend/identity-service/src/main/java/com/pml/identity/validation/FinancialDataValidator.java,45,1,0,False,False,no,
identity-service,GAP,FinancialDataValidator,isValidSwiftCode,backend/identity-service/src/main/java/com/pml/identity/validation/FinancialDataValidator.java,85,1,0,False,False,no,
identity-service,GAP,CursorPaginationInput,defaults,backend/identity-service/src/main/java/com/pml/identity/web/graphql/dto/pagination/CursorPaginationInput.java,44,7,0,False,False,no,
identity-service,GAP,EventAccessGrantOffsetPage,empty,backend/identity-service/src/main/java/com/pml/identity/web/graphql/dto/pagination/EventAccessGrantOffsetPage.java,20,76,28,False,False,no,
identity-service,GAP,NotificationConnection,empty,backend/identity-service/src/main/java/com/pml/identity/web/graphql/dto/pagination/NotificationConnection.java,21,76,28,False,False,no,
identity-service,GAP,NotificationEdge,of,backend/identity-service/src/main/java/com/pml/identity/web/graphql/dto/pagination/NotificationEdge.java,18,194,419,False,False,no,
identity-service,GAP,OffsetPaginationInput,defaults,backend/identity-service/src/main/java/com/pml/identity/web/graphql/dto/pagination/OffsetPaginationInput.java,53,7,0,False,False,no,
identity-service,GAP,OrganizationApplicationOffsetPage,empty,backend/identity-service/src/main/java/com/pml/identity/web/graphql/dto/pagination/OrganizationApplicationOffsetPage.java,20,76,28,False,False,no,
identity-service,GAP,OrganizationMemberOffsetPage,empty,backend/identity-service/src/main/java/com/pml/identity/web/graphql/dto/pagination/OrganizationMemberOffsetPage.java,20,76,28,False,False,no,
identity-service,GAP,OrganizationOffsetPage,empty,backend/identity-service/src/main/java/com/pml/identity/web/graphql/dto/pagination/OrganizationOffsetPage.java,20,76,28,False,False,no,
identity-service,GAP,PageInfo,empty,backend/identity-service/src/main/java/com/pml/identity/web/graphql/dto/pagination/PageInfo.java,35,76,28,False,False,no,
identity-service,GAP,PageInfo,forCursor,backend/identity-service/src/main/java/com/pml/identity/web/graphql/dto/pagination/PageInfo.java,42,1,0,False,False,no,
identity-service,GAP,PageInfo,forOffset,backend/identity-service/src/main/java/com/pml/identity/web/graphql/dto/pagination/PageInfo.java,54,6,0,False,False,no,
identity-service,GAP,TeamInvitationOffsetPage,empty,backend/identity-service/src/main/java/com/pml/identity/web/graphql/dto/pagination/TeamInvitationOffsetPage.java,20,76,28,False,False,no,
identity-service,GAP,UserOffsetPage,empty,backend/identity-service/src/main/java/com/pml/identity/web/graphql/dto/pagination/UserOffsetPage.java,20,76,28,False,False,no,
identity-service,GAP,AuthenticationMutationResolver,isValidUserRole,backend/identity-service/src/main/java/com/pml/identity/web/graphql/mutation/AuthenticationMutationResolver.java,267,1,0,False,False,no,
identity-service,GAP,OrganizationMemberMutationResolver,union,backend/identity-service/src/main/java/com/pml/identity/web/graphql/mutation/OrganizationMemberMutationResolver.java,147,1,6,False,False,no,
identity-service,GAP,PayoutConfigMutationResolver,getUsernameFromAuth,backend/identity-service/src/main/java/com/pml/identity/web/graphql/mutation/PayoutConfigMutationResolver.java,498,4,0,False,False,no,
identity-service,GAP,PayoutConfigMutationResolver,getClientIpAddress,backend/identity-service/src/main/java/com/pml/identity/web/graphql/mutation/PayoutConfigMutationResolver.java,509,4,0,False,False,no,
identity-service,GAP,PayoutConfigMutationResolver,getUserAgent,backend/identity-service/src/main/java/com/pml/identity/web/graphql/mutation/PayoutConfigMutationResolver.java,523,4,0,False,False,no,
identity-service,GAP,PayoutConfigMutationResolver,createMaskedBankAccount,backend/identity-service/src/main/java/com/pml/identity/web/graphql/mutation/PayoutConfigMutationResolver.java,535,1,0,False,False,no,
identity-service,GAP,PhoneOtpMutationResolver,findOrCreateUserByPhone,backend/identity-service/src/main/java/com/pml/identity/web/graphql/mutation/PhoneOtpMutationResolver.java,111,1,0,False,False,no,
identity-service,GAP,PhoneOtpMutationResolver,generateTokensForUser,backend/identity-service/src/main/java/com/pml/identity/web/graphql/mutation/PhoneOtpMutationResolver.java,151,1,0,False,False,no,
identity-service,GAP,PhoneOtpMutationResolver,normalizePhoneNumber,backend/identity-service/src/main/java/com/pml/identity/web/graphql/mutation/PhoneOtpMutationResolver.java,170,10,0,False,False,no,
identity-service,GAP,PhoneOtpMutationResolver,maskPhoneNumber,backend/identity-service/src/main/java/com/pml/identity/web/graphql/mutation/PhoneOtpMutationResolver.java,182,21,0,False,False,no,
identity-service,GAP,UserMutationResolver,setAccountStatus,backend/identity-service/src/main/java/com/pml/identity/web/graphql/mutation/UserMutationResolver.java,209,3,4,False,False,no,
identity-service,GAP,VerificationDocumentMutationResolver,validateFileMetadata,backend/identity-service/src/main/java/com/pml/identity/web/graphql/mutation/VerificationDocumentMutationResolver.java,238,3,0,False,False,no,
identity-service,GAP,VerificationDocumentMutationResolver,handlePreUploadedDocument,backend/identity-service/src/main/java/com/pml/identity/web/graphql/mutation/VerificationDocumentMutationResolver.java,267,1,0,False,False,no,
identity-service,GAP,VerificationDocumentMutationResolver,sanitizeFilename,backend/identity-service/src/main/java/com/pml/identity/web/graphql/mutation/VerificationDocumentMutationResolver.java,295,4,0,False,False,no,
identity-service,GAP,VerificationDocumentMutationResolver,extractFileKeyFromUrl,backend/identity-service/src/main/java/com/pml/identity/web/graphql/mutation/VerificationDocumentMutationResolver.java,304,2,0,False,False,no,
identity-service,GAP,VerificationDocumentMutationResolver,getLong,backend/identity-service/src/main/java/com/pml/identity/web/graphql/mutation/VerificationDocumentMutationResolver.java,318,2,2,False,False,no,
identity-service,GAP,EventAccessQueryResolver,buildOffsetPage,backend/identity-service/src/main/java/com/pml/identity/web/graphql/query/EventAccessQueryResolver.java,138,6,0,False,False,no,
identity-service,GAP,NotificationQueryResolver,buildCursorConnection,backend/identity-service/src/main/java/com/pml/identity/web/graphql/query/NotificationQueryResolver.java,108,1,0,False,False,no,
identity-service,GAP,OrganizationMemberQueryResolver,buildOffsetPage,backend/identity-service/src/main/java/com/pml/identity/web/graphql/query/OrganizationMemberQueryResolver.java,137,6,0,False,False,no,
identity-service,GAP,OrganizationQueryResolver,applyFilters,backend/identity-service/src/main/java/com/pml/identity/web/graphql/query/OrganizationQueryResolver.java,180,2,0,False,False,no,
identity-service,GAP,OrganizationQueryResolver,buildOffsetPage,backend/identity-service/src/main/java/com/pml/identity/web/graphql/query/OrganizationQueryResolver.java,210,6,0,False,False,no,
identity-service,GAP,OrganizationQueryResolver,buildApplicationOffsetPage,backend/identity-service/src/main/java/com/pml/identity/web/graphql/query/OrganizationQueryResolver.java,243,1,0,False,False,no,
identity-service,GAP,OwnershipTransferQueryResolver,isPartyTo,backend/identity-service/src/main/java/com/pml/identity/web/graphql/query/OwnershipTransferQueryResolver.java,64,1,0,False,False,no,
identity-service,GAP,PermissionQueryResolver,callerRoles,backend/identity-service/src/main/java/com/pml/identity/web/graphql/query/PermissionQueryResolver.java,113,2,0,False,False,no,
identity-service,GAP,PermissionQueryResolver,roleNames,backend/identity-service/src/main/java/com/pml/identity/web/graphql/query/PermissionQueryResolver.java,120,1,0,False,False,no,
identity-service,GAP,PermissionQueryResolver,allSwitchesOn,backend/identity-service/src/main/java/com/pml/identity/web/graphql/query/PermissionQueryResolver.java,131,1,0,False,False,no,
identity-service,GAP,PermissionQueryResolver,toGraphQl,backend/identity-service/src/main/java/com/pml/identity/web/graphql/query/PermissionQueryResolver.java,148,5,0,False,False,no,
identity-service,GAP,PermissionQueryResolver,toGraphQl,backend/identity-service/src/main/java/com/pml/identity/web/graphql/query/PermissionQueryResolver.java,157,5,0,False,False,no,
identity-service,GAP,TeamInvitationQueryResolver,buildOffsetPage,backend/identity-service/src/main/java/com/pml/identity/web/graphql/query/TeamInvitationQueryResolver.java,131,6,0,False,False,no,
identity-service,GAP,TeamInvitationQueryResolver,inviterDisplayName,backend/identity-service/src/main/java/com/pml/identity/web/graphql/query/TeamInvitationQueryResolver.java,80,1,0,False,True,no,
identity-service,GAP,UserQueryResolver,applyFilters,backend/identity-service/src/main/java/com/pml/identity/web/graphql/query/UserQueryResolver.java,185,2,0,False,False,no,
identity-service,GAP,UserQueryResolver,buildOffsetPage,backend/identity-service/src/main/java/com/pml/identity/web/graphql/query/UserQueryResolver.java,216,6,0,False,False,no,
identity-service,GAP,OrganizationPrivateFields,forMembers,backend/identity-service/src/main/java/com/pml/identity/web/graphql/resolver/OrganizationPrivateFields.java,73,9,0,False,False,no,
identity-service,GAP,SharedOrganizationResponse,noSharedOrganization,backend/identity-service/src/main/java/com/pml/identity/web/rest/InternalAuthorizationController.java,148,2,0,False,False,no,
identity-service,GAP,OtpVerifyStatus,maskPhoneNumber,backend/identity-service/src/main/java/com/pml/identity/web/rest/InternalOtpController.java,223,21,0,False,False,no,
identity-service,GAP,KeycloakSyncController,accepted,backend/identity-service/src/main/java/com/pml/identity/web/rest/KeycloakSyncController.java,93,4,0,False,False,no,
identity-service,GAP,VerificationDocumentRestController,validateFileMetadata,backend/identity-service/src/main/java/com/pml/identity/web/rest/VerificationDocumentRestController.java,362,3,0,False,False,no,
identity-service,GAP,VerificationDocumentRestController,generateFileKey,backend/identity-service/src/main/java/com/pml/identity/web/rest/VerificationDocumentRestController.java,391,3,0,False,False,no,
identity-service,GAP,VerificationDocumentRestController,sanitizeFilename,backend/identity-service/src/main/java/com/pml/identity/web/rest/VerificationDocumentRestController.java,403,4,0,False,False,no,
identity-service,GAP,VerificationDocumentRestController,extractFileKeyFromUrl,backend/identity-service/src/main/java/com/pml/identity/web/rest/VerificationDocumentRestController.java,412,2,0,False,False,no,
identity-service,GAP,PresignedUploadUrlResponse,error,backend/identity-service/src/main/java/com/pml/identity/web/rest/VerificationDocumentRestController.java,451,254,22,False,False,no,
identity-service,GAP,DocumentResponse,success,backend/identity-service/src/main/java/com/pml/identity/web/rest/VerificationDocumentRestController.java,486,12,0,False,False,no,
identity-service,GAP,DocumentResponse,error,backend/identity-service/src/main/java/com/pml/identity/web/rest/VerificationDocumentRestController.java,495,254,22,False,False,no,
identity-service,GAP,SyncResponse,success,backend/identity-service/src/main/java/com/pml/identity/web/rest/dto/SyncResponse.java,54,12,0,False,False,no,
identity-service,GAP,SyncResponse,error,backend/identity-service/src/main/java/com/pml/identity/web/rest/dto/SyncResponse.java,66,254,22,False,False,no,
identity-service,GAP,SyncResponse,skipped,backend/identity-service/src/main/java/com/pml/identity/web/rest/dto/SyncResponse.java,78,1,0,False,False,no,
identity-service,GAP,GroupMirrorActivities,repairPending,backend/identity-service/src/main/java/com/pml/identity/workflow/mirror/GroupMirrorActivities.java,12,1,1,False,False,no,
identity-service,GAP,GroupMirrorActivitiesImpl,repairPending,backend/identity-service/src/main/java/com/pml/identity/workflow/mirror/GroupMirrorActivitiesImpl.java,61,1,1,False,False,no,
identity-service,GAP,GroupMirrorActivitiesImpl,repair,backend/identity-service/src/main/java/com/pml/identity/workflow/mirror/GroupMirrorActivitiesImpl.java,79,3,8,False,False,no,
identity-service,GAP,GroupMirrorScheduleRunner,ensure,backend/identity-service/src/main/java/com/pml/identity/workflow/mirror/GroupMirrorScheduleRunner.java,54,3,2,False,False,no,
identity-service,GAP,NotificationActivities,record,backend/identity-service/src/main/java/com/pml/identity/workflow/notify/NotificationActivities.java,14,2,10,False,False,no,
identity-service,GAP,NotificationActivities,send,backend/identity-service/src/main/java/com/pml/identity/workflow/notify/NotificationActivities.java,20,3,20,False,False,no,
identity-service,GAP,NotificationActivities,markDelivered,backend/identity-service/src/main/java/com/pml/identity/workflow/notify/NotificationActivities.java,22,1,2,False,False,no,
identity-service,GAP,NotificationActivities,markFailed,backend/identity-service/src/main/java/com/pml/identity/workflow/notify/NotificationActivities.java,24,1,2,False,False,no,
identity-service,GAP,NotificationProcess,request,backend/identity-service/src/main/java/com/pml/identity/workflow/notify/NotificationProcess.java,34,4,10,False,False,no,
identity-service,GAP,NotificationProcess,startNow,backend/identity-service/src/main/java/com/pml/identity/workflow/notify/NotificationProcess.java,43,5,6,False,False,no,
identity-service,GAP,Message,notificationId,backend/identity-service/src/main/java/com/pml/identity/workflow/notify/NotificationRules.java,100,1,3,False,False,no,
identity-service,GAP,Message,render,backend/identity-service/src/main/java/com/pml/identity/workflow/notify/NotificationRules.java,105,1,9,False,False,no,
identity-service,GAP,Message,isFinanceEscalation,backend/identity-service/src/main/java/com/pml/identity/workflow/notify/NotificationRules.java,114,1,2,False,False,no,
identity-service,GAP,Message,isEventReview,backend/identity-service/src/main/java/com/pml/identity/workflow/notify/NotificationRules.java,119,1,3,False,False,no,
identity-service,GAP,Message,registered,backend/identity-service/src/main/java/com/pml/identity/workflow/notify/NotificationRules.java,124,1,3,False,False,no,
identity-service,GAP,Message,channelName,backend/identity-service/src/main/java/com/pml/identity/workflow/notify/NotificationRules.java,129,1,1,False,False,no,
identity-service,GAP,Message,exhausted,backend/identity-service/src/main/java/com/pml/identity/workflow/notify/NotificationRules.java,134,1,3,False,False,no,
identity-service,GAP,Message,sendOptions,backend/identity-service/src/main/java/com/pml/identity/workflow/notify/NotificationRules.java,144,1,1,False,False,no,
identity-service,GAP,Message,recordOptions,backend/identity-service/src/main/java/com/pml/identity/workflow/notify/NotificationRules.java,158,4,1,False,False,no,
identity-service,GAP,Message,requestOptions,backend/identity-service/src/main/java/com/pml/identity/workflow/notify/NotificationRules.java,173,1,0,False,False,no,
identity-service,GAP,Message,key,backend/identity-service/src/main/java/com/pml/identity/workflow/notify/NotificationRules.java,92,10,12,False,False,no,
identity-service,GAP,NotifyActivities,request,backend/identity-service/src/main/java/com/pml/identity/workflow/notify/NotifyActivities.java,12,4,10,False,False,no,
identity-service,GAP,NotifyActivitiesImpl,request,backend/identity-service/src/main/java/com/pml/identity/workflow/notify/NotifyActivitiesImpl.java,22,4,10,False,False,no,
identity-service,GAP,OnboardingActivities,load,backend/identity-service/src/main/java/com/pml/identity/workflow/onboarding/OnboardingActivities.java,18,6,7,False,False,no,
identity-service,GAP,OnboardingActivities,submit,backend/identity-service/src/main/java/com/pml/identity/workflow/onboarding/OnboardingActivities.java,20,2,2,True,False,no,
identity-service,GAP,OnboardingActivities,activate,backend/identity-service/src/main/java/com/pml/identity/workflow/onboarding/OnboardingActivities.java,27,2,7,False,False,no,
identity-service,GAP,OnboardingActivities,revertToPendingReview,backend/identity-service/src/main/java/com/pml/identity/workflow/onboarding/OnboardingActivities.java,30,2,3,False,False,no,
identity-service,GAP,OnboardingActivities,ensureOwnerMembership,backend/identity-service/src/main/java/com/pml/identity/workflow/onboarding/OnboardingActivities.java,33,2,4,False,False,no,
identity-service,GAP,OnboardingActivities,removeOwnerMembership,backend/identity-service/src/main/java/com/pml/identity/workflow/onboarding/OnboardingActivities.java,36,2,3,False,False,no,
identity-service,GAP,OnboardingActivities,promoteOwner,backend/identity-service/src/main/java/com/pml/identity/workflow/onboarding/OnboardingActivities.java,39,2,5,False,False,no,
identity-service,GAP,OnboardingActivities,restoreOwnerUserType,backend/identity-service/src/main/java/com/pml/identity/workflow/onboarding/OnboardingActivities.java,42,2,3,False,False,no,
identity-service,GAP,OnboardingActivities,markApproved,backend/identity-service/src/main/java/com/pml/identity/workflow/onboarding/OnboardingActivities.java,45,2,4,False,False,no,
identity-service,GAP,OnboardingActivitiesImpl,markApproved,backend/identity-service/src/main/java/com/pml/identity/workflow/onboarding/OnboardingActivitiesImpl.java,101,2,4,False,False,no,
identity-service,GAP,OnboardingActivitiesImpl,viewOf,backend/identity-service/src/main/java/com/pml/identity/workflow/onboarding/OnboardingActivitiesImpl.java,105,6,0,False,False,no,
identity-service,GAP,OnboardingActivitiesImpl,view,backend/identity-service/src/main/java/com/pml/identity/workflow/onboarding/OnboardingActivitiesImpl.java,111,13,18,False,False,no,
identity-service,GAP,OnboardingActivitiesImpl,await,backend/identity-service/src/main/java/com/pml/identity/workflow/onboarding/OnboardingActivitiesImpl.java,115,41,2,False,False,no,
identity-service,GAP,OnboardingActivitiesImpl,load,backend/identity-service/src/main/java/com/pml/identity/workflow/onboarding/OnboardingActivitiesImpl.java,47,6,7,False,False,no,
identity-service,GAP,OnboardingActivitiesImpl,submit,backend/identity-service/src/main/java/com/pml/identity/workflow/onboarding/OnboardingActivitiesImpl.java,54,2,2,True,False,no,
identity-service,GAP,OnboardingActivitiesImpl,activate,backend/identity-service/src/main/java/com/pml/identity/workflow/onboarding/OnboardingActivitiesImpl.java,71,2,7,False,False,no,
identity-service,GAP,OnboardingActivitiesImpl,revertToPendingReview,backend/identity-service/src/main/java/com/pml/identity/workflow/onboarding/OnboardingActivitiesImpl.java,76,2,3,False,False,no,
identity-service,GAP,OnboardingActivitiesImpl,ensureOwnerMembership,backend/identity-service/src/main/java/com/pml/identity/workflow/onboarding/OnboardingActivitiesImpl.java,81,2,4,False,False,no,
identity-service,GAP,OnboardingActivitiesImpl,removeOwnerMembership,backend/identity-service/src/main/java/com/pml/identity/workflow/onboarding/OnboardingActivitiesImpl.java,86,2,3,False,False,no,
identity-service,GAP,OnboardingActivitiesImpl,promoteOwner,backend/identity-service/src/main/java/com/pml/identity/workflow/onboarding/OnboardingActivitiesImpl.java,91,2,5,False,False,no,
identity-service,GAP,OnboardingActivitiesImpl,restoreOwnerUserType,backend/identity-service/src/main/java/com/pml/identity/workflow/onboarding/OnboardingActivitiesImpl.java,96,2,3,False,False,no,
identity-service,GAP,OnboardingKeycloakActivities,grantOrganizerRole,backend/identity-service/src/main/java/com/pml/identity/workflow/onboarding/OnboardingKeycloakActivities.java,15,1,1,False,False,no,
identity-service,GAP,OnboardingKeycloakActivities,revokeOrganizerRole,backend/identity-service/src/main/java/com/pml/identity/workflow/onboarding/OnboardingKeycloakActivities.java,18,1,1,False,False,no,
identity-service,GAP,OnboardingKeycloakActivities,ensureGroupTree,backend/identity-service/src/main/java/com/pml/identity/workflow/onboarding/OnboardingKeycloakActivities.java,21,1,1,False,False,no,
identity-service,GAP,OnboardingKeycloakActivities,removeOwnerFromGroups,backend/identity-service/src/main/java/com/pml/identity/workflow/onboarding/OnboardingKeycloakActivities.java,24,1,1,False,False,no,
identity-service,GAP,OnboardingKeycloakActivitiesImpl,grantOrganizerRole,backend/identity-service/src/main/java/com/pml/identity/workflow/onboarding/OnboardingKeycloakActivitiesImpl.java,39,1,1,False,False,no,
identity-service,GAP,OnboardingKeycloakActivitiesImpl,revokeOrganizerRole,backend/identity-service/src/main/java/com/pml/identity/workflow/onboarding/OnboardingKeycloakActivitiesImpl.java,47,1,1,False,False,no,
identity-service,GAP,OnboardingKeycloakActivitiesImpl,ensureGroupTree,backend/identity-service/src/main/java/com/pml/identity/workflow/onboarding/OnboardingKeycloakActivitiesImpl.java,55,1,1,False,False,no,
identity-service,GAP,OnboardingKeycloakActivitiesImpl,removeOwnerFromGroups,backend/identity-service/src/main/java/com/pml/identity/workflow/onboarding/OnboardingKeycloakActivitiesImpl.java,65,1,1,False,False,no,
identity-service,GAP,OnboardingKeycloakActivitiesImpl,await,backend/identity-service/src/main/java/com/pml/identity/workflow/onboarding/OnboardingKeycloakActivitiesImpl.java,78,41,2,False,False,no,
identity-service,GAP,OrganizerOnboardingProcess,submit,backend/identity-service/src/main/java/com/pml/identity/workflow/onboarding/OrganizerOnboardingProcess.java,44,2,2,True,False,no,
identity-service,GAP,OrganizerOnboardingProcess,command,backend/identity-service/src/main/java/com/pml/identity/workflow/onboarding/OrganizerOnboardingProcess.java,68,15,0,False,False,no,
identity-service,GAP,OrganizerOnboardingProcess,completed,backend/identity-service/src/main/java/com/pml/identity/workflow/onboarding/OrganizerOnboardingProcess.java,78,10,0,False,False,no,
identity-service,GAP,OwnershipMirrorActivities,mirror,backend/identity-service/src/main/java/com/pml/identity/workflow/ownership/OwnershipMirrorActivities.java,14,1,1,False,False,no,
identity-service,GAP,OwnershipMirrorActivitiesImpl,mirror,backend/identity-service/src/main/java/com/pml/identity/workflow/ownership/OwnershipMirrorActivitiesImpl.java,38,1,1,False,False,no,
identity-service,GAP,OwnershipMirrorActivitiesImpl,await,backend/identity-service/src/main/java/com/pml/identity/workflow/ownership/OwnershipMirrorActivitiesImpl.java,54,41,2,False,False,no,
identity-service,GAP,OwnershipTransferActivities,load,backend/identity-service/src/main/java/com/pml/identity/workflow/ownership/OwnershipTransferActivities.java,13,6,7,False,False,no,
identity-service,GAP,OwnershipTransferActivities,complete,backend/identity-service/src/main/java/com/pml/identity/workflow/ownership/OwnershipTransferActivities.java,19,3,7,False,False,no,
identity-service,GAP,OwnershipTransferActivities,expire,backend/identity-service/src/main/java/com/pml/identity/workflow/ownership/OwnershipTransferActivities.java,26,4,2,False,False,no,
identity-service,GAP,OwnershipTransferActivities,markMirrorPending,backend/identity-service/src/main/java/com/pml/identity/workflow/ownership/OwnershipTransferActivities.java,29,5,2,False,False,no,
identity-service,GAP,OwnershipTransferActivitiesImpl,load,backend/identity-service/src/main/java/com/pml/identity/workflow/ownership/OwnershipTransferActivitiesImpl.java,31,6,7,False,False,no,
identity-service,GAP,OwnershipTransferActivitiesImpl,complete,backend/identity-service/src/main/java/com/pml/identity/workflow/ownership/OwnershipTransferActivitiesImpl.java,44,3,7,False,False,no,
identity-service,GAP,OwnershipTransferActivitiesImpl,expire,backend/identity-service/src/main/java/com/pml/identity/workflow/ownership/OwnershipTransferActivitiesImpl.java,59,4,2,False,False,no,
identity-service,GAP,OwnershipTransferActivitiesImpl,markMirrorPending,backend/identity-service/src/main/java/com/pml/identity/workflow/ownership/OwnershipTransferActivitiesImpl.java,64,5,2,False,False,no,
identity-service,GAP,OwnershipTransferActivitiesImpl,viewOf,backend/identity-service/src/main/java/com/pml/identity/workflow/ownership/OwnershipTransferActivitiesImpl.java,68,6,0,False,False,no,
identity-service,GAP,OwnershipTransferActivitiesImpl,view,backend/identity-service/src/main/java/com/pml/identity/workflow/ownership/OwnershipTransferActivitiesImpl.java,74,13,18,False,False,no,
identity-service,GAP,OwnershipTransferActivitiesImpl,await,backend/identity-service/src/main/java/com/pml/identity/workflow/ownership/OwnershipTransferActivitiesImpl.java,78,41,2,False,False,no,
identity-service,GAP,Command,completed,backend/identity-service/src/main/java/com/pml/identity/workflow/ownership/OwnershipTransferProcess.java,106,10,0,False,False,no,
identity-service,GAP,OwnershipTransferProcess,initiate,backend/identity-service/src/main/java/com/pml/identity/workflow/ownership/OwnershipTransferProcess.java,48,2,8,False,False,no,
identity-service,GAP,OwnershipTransferProcess,requestConfirmationCode,backend/identity-service/src/main/java/com/pml/identity/workflow/ownership/OwnershipTransferProcess.java,63,1,0,False,False,no,
identity-service,GAP,Command,respond,backend/identity-service/src/main/java/com/pml/identity/workflow/ownership/OwnershipTransferProcess.java,79,3,0,False,False,no,
identity-service,GAP,Command,byToken,backend/identity-service/src/main/java/com/pml/identity/workflow/ownership/OwnershipTransferProcess.java,91,3,0,False,False,no,
identity-service,GAP,Command,command,backend/identity-service/src/main/java/com/pml/identity/workflow/ownership/OwnershipTransferProcess.java,96,15,0,False,False,no,
identity-service,GAP,ReminderActivities,load,backend/identity-service/src/main/java/com/pml/identity/workflow/reminder/ReminderActivities.java,14,6,7,False,False,no,
identity-service,GAP,ReminderActivities,save,backend/identity-service/src/main/java/com/pml/identity/workflow/reminder/ReminderActivities.java,17,83,57,False,False,no,
identity-service,GAP,ReminderActivities,complete,backend/identity-service/src/main/java/com/pml/identity/workflow/reminder/ReminderActivities.java,22,3,7,False,False,no,
identity-service,GAP,ReminderActivities,dispatch,backend/identity-service/src/main/java/com/pml/identity/workflow/reminder/ReminderActivities.java,25,1,12,False,False,no,
identity-service,GAP,ReminderActivitiesImpl,complete,backend/identity-service/src/main/java/com/pml/identity/workflow/reminder/ReminderActivitiesImpl.java,64,3,7,False,False,no,
identity-service,GAP,ReminderActivitiesImpl,dispatch,backend/identity-service/src/main/java/com/pml/identity/workflow/reminder/ReminderActivitiesImpl.java,69,1,12,False,False,no,
identity-service,GAP,Offset,waiting,backend/identity-service/src/main/java/com/pml/identity/workflow/reminder/ReminderRules.java,106,2,0,False,False,no,
identity-service,GAP,Offset,blank,backend/identity-service/src/main/java/com/pml/identity/workflow/reminder/ReminderRules.java,110,7,0,False,False,no,
identity-service,GAP,Offset,recordOptions,backend/identity-service/src/main/java/com/pml/identity/workflow/reminder/ReminderRules.java,114,4,1,False,False,no,
identity-service,GAP,Offset,patientOptions,backend/identity-service/src/main/java/com/pml/identity/workflow/reminder/ReminderRules.java,126,4,1,False,False,no,
identity-service,GAP,Offset,fireAt,backend/identity-service/src/main/java/com/pml/identity/workflow/reminder/ReminderRules.java,49,4,3,False,False,no,
identity-service,GAP,Offset,next,backend/identity-service/src/main/java/com/pml/identity/workflow/reminder/ReminderRules.java,59,6,9,False,False,no,
identity-service,GAP,Offset,impliedEventStart,backend/identity-service/src/main/java/com/pml/identity/workflow/reminder/ReminderRules.java,75,1,1,False,False,no,
identity-service,GAP,Offset,deduplicationKey,backend/identity-service/src/main/java/com/pml/identity/workflow/reminder/ReminderRules.java,80,6,8,False,False,no,
identity-service,GAP,Offset,rescheduleRefusal,backend/identity-service/src/main/java/com/pml/identity/workflow/reminder/ReminderRules.java,84,2,3,False,False,no,
identity-service,GAP,Offset,cancelRefusal,backend/identity-service/src/main/java/com/pml/identity/workflow/reminder/ReminderRules.java,96,4,5,False,False,no,
identity-service,GAP,UserBackfillActivities,page,backend/identity-service/src/main/java/com/pml/identity/workflow/usersync/UserBackfillActivities.java,14,13,1,False,True,no,
identity-service,GAP,UserBackfillActivities,enqueue,backend/identity-service/src/main/java/com/pml/identity/workflow/usersync/UserBackfillActivities.java,17,1,1,False,False,no,
identity-service,GAP,UserBackfillActivitiesImpl,page,backend/identity-service/src/main/java/com/pml/identity/workflow/usersync/UserBackfillActivitiesImpl.java,39,13,1,False,True,no,
identity-service,GAP,UserBackfillActivitiesImpl,enqueue,backend/identity-service/src/main/java/com/pml/identity/workflow/usersync/UserBackfillActivitiesImpl.java,44,1,1,False,False,no,
identity-service,GAP,UserBackfillActivitiesImpl,await,backend/identity-service/src/main/java/com/pml/identity/workflow/usersync/UserBackfillActivitiesImpl.java,52,41,2,False,False,no,
identity-service,GAP,UserBackfillProcess,start,backend/identity-service/src/main/java/com/pml/identity/workflow/usersync/UserBackfillProcess.java,32,5,53,False,False,no,
identity-service,GAP,UserSyncActivities,sync,backend/identity-service/src/main/java/com/pml/identity/workflow/usersync/UserSyncActivities.java,13,1,1,False,False,no,
identity-service,GAP,UserSyncActivities,recordLogin,backend/identity-service/src/main/java/com/pml/identity/workflow/usersync/UserSyncActivities.java,15,1,1,False,False,no,
identity-service,GAP,UserSyncActivities,delete,backend/identity-service/src/main/java/com/pml/identity/workflow/usersync/UserSyncActivities.java,17,13,2,False,False,no,
identity-service,GAP,UserSyncActivitiesImpl,sync,backend/identity-service/src/main/java/com/pml/identity/workflow/usersync/UserSyncActivitiesImpl.java,33,1,1,False,False,no,
identity-service,GAP,UserSyncActivitiesImpl,recordLogin,backend/identity-service/src/main/java/com/pml/identity/workflow/usersync/UserSyncActivitiesImpl.java,38,1,1,False,False,no,
identity-service,GAP,UserSyncActivitiesImpl,delete,backend/identity-service/src/main/java/com/pml/identity/workflow/usersync/UserSyncActivitiesImpl.java,43,13,2,False,False,no,
identity-service,GAP,UserSyncActivitiesImpl,await,backend/identity-service/src/main/java/com/pml/identity/workflow/usersync/UserSyncActivitiesImpl.java,47,41,2,False,False,no,
identity-service,KEEP_ACCESSOR,KeycloakProperties,getIssuerUri,backend/identity-service/src/main/java/com/pml/identity/config/KeycloakProperties.java,60,0,0,False,False,no,
identity-service,KEEP_ACCESSOR,KeycloakProperties,getJwkSetUri,backend/identity-service/src/main/java/com/pml/identity/config/KeycloakProperties.java,67,0,0,False,False,no,
identity-service,KEEP_ACCESSOR,KeycloakProperties,getAdminApiUrl,backend/identity-service/src/main/java/com/pml/identity/config/KeycloakProperties.java,74,0,0,False,False,no,
identity-service,KEEP_ACCESSOR,Organization,isFullyVerified,backend/identity-service/src/main/java/com/pml/identity/domain/model/Organization.java,434,0,0,False,False,no,
identity-service,KEEP_ACCESSOR,Organization,isIndividual,backend/identity-service/src/main/java/com/pml/identity/domain/model/Organization.java,455,0,0,False,False,no,
identity-service,KEEP_ACCESSOR,Organization,isBusiness,backend/identity-service/src/main/java/com/pml/identity/domain/model/Organization.java,462,0,0,False,False,no,
identity-service,KEEP_ACCESSOR,Organization,getDisplayName,backend/identity-service/src/main/java/com/pml/identity/domain/model/Organization.java,469,0,0,False,False,no,
identity-service,KEEP_ACCESSOR,OrganizationMember,isOwner,backend/identity-service/src/main/java/com/pml/identity/domain/model/OrganizationMember.java,151,0,0,False,False,no,
identity-service,KEEP_ACCESSOR,User,getFullName,backend/identity-service/src/main/java/com/pml/identity/domain/model/User.java,233,0,0,False,False,no,
identity-service,KEEP_ACCESSOR,User,getMemberSince,backend/identity-service/src/main/java/com/pml/identity/domain/model/User.java,251,0,0,False,False,no,
identity-service,KEEP_ACCESSOR,User,isAdministrator,backend/identity-service/src/main/java/com/pml/identity/domain/model/User.java,340,0,0,False,False,no,
identity-service,KEEP_ACCESSOR,User,isEventOrganizer,backend/identity-service/src/main/java/com/pml/identity/domain/model/User.java,349,0,0,False,False,no,
identity-service,KEEP_ACCESSOR,VerificationDocument,isPending,backend/identity-service/src/main/java/com/pml/identity/domain/model/VerificationDocument.java,116,0,0,False,False,no,
identity-service,KEEP_ACCESSOR,BusinessAddress,getFormattedAddress,backend/identity-service/src/main/java/com/pml/identity/domain/valueobject/BusinessAddress.java,58,0,0,False,False,no,
identity-service,KEEP_ACCESSOR,MobileMoneyAccount,getMaskedPhoneNumber,backend/identity-service/src/main/java/com/pml/identity/domain/valueobject/MobileMoneyAccount.java,44,0,0,False,False,no,
identity-service,KEEP_ACCESSOR,PayoutBankDetails,getMaskedAccountNumber,backend/identity-service/src/main/java/com/pml/identity/domain/valueobject/PayoutBankDetails.java,64,0,0,False,False,no,
identity-service,KEEP_ACCESSOR,MissingRequiredDocumentsException,getMissingDocumentTypes,backend/identity-service/src/main/java/com/pml/identity/exception/MissingRequiredDocumentsException.java,45,0,0,False,False,no,
identity-service,KEEP_ACCESSOR,MissingRequiredDocumentsException,getErrorCode,backend/identity-service/src/main/java/com/pml/identity/exception/MissingRequiredDocumentsException.java,49,0,0,False,False,no,
identity-service,KEEP_ACCESSOR,KeycloakEventDto,isSyncEvent,backend/identity-service/src/main/java/com/pml/identity/web/rest/dto/KeycloakEventDto.java,51,0,0,False,False,no,
identity-service,KEEP_ACCESSOR,KeycloakEventDto,isDeleteEvent,backend/identity-service/src/main/java/com/pml/identity/web/rest/dto/KeycloakEventDto.java,65,0,0,False,False,no,
identity-service,KEEP_ACCESSOR,KeycloakEventDto,isLoginEvent,backend/identity-service/src/main/java/com/pml/identity/web/rest/dto/KeycloakEventDto.java,74,0,0,False,False,no,
identity-service,KEEP_ENTRY,IdentityServiceApplication,main,backend/identity-service/src/main/java/com/pml/identity/IdentityServiceApplication.java,35,0,0,False,False,no,framework-name
identity-service,KEEP_ENTRY,GraphQLConfig,dgsRuntimeWiringConfigurer,backend/identity-service/src/main/java/com/pml/identity/config/GraphQLConfig.java,33,0,0,False,False,no,entry:Bean
identity-service,KEEP_ENTRY,IdentityIndexInitializer,ensureIndexes,backend/identity-service/src/main/java/com/pml/identity/config/IdentityIndexInitializer.java,290,0,0,False,False,no,entry:EventListener
identity-service,KEEP_ENTRY,EventAccessGrant,permissions,backend/identity-service/src/main/java/com/pml/identity/domain/model/EventAccessGrant.java,170,16,24,False,True,yes,entry:inherited
identity-service,KEEP_ENTRY,OrganizationMember,permissions,backend/identity-service/src/main/java/com/pml/identity/domain/model/OrganizationMember.java,161,16,24,False,True,yes,entry:inherited
identity-service,KEEP_ENTRY,EventRole,permissions,backend/identity-service/src/main/java/com/pml/identity/domain/valueobject/EventRole.java,52,16,24,False,True,yes,entry:inherited
identity-service,KEEP_ENTRY,OrganizationRole,permissions,backend/identity-service/src/main/java/com/pml/identity/domain/valueobject/OrganizationRole.java,79,16,24,False,True,yes,entry:inherited
identity-service,KEEP_ENTRY,OrganizationRole,permissions,backend/identity-service/src/main/java/com/pml/identity/domain/valueobject/OrganizationRole.java,84,16,24,False,True,yes,entry:inherited
identity-service,KEEP_ENTRY,KeycloakAuthService,logout,backend/identity-service/src/main/java/com/pml/identity/infrastructure/keycloak/KeycloakAuthService.java,192,0,0,False,True,no,entry:inherited
identity-service,KEEP_ENTRY,KeycloakAuthService,authenticate,backend/identity-service/src/main/java/com/pml/identity/infrastructure/keycloak/KeycloakAuthService.java,37,1,0,False,False,no,framework-name
identity-service,KEEP_ENTRY,KeycloakAuthService,refreshToken,backend/identity-service/src/main/java/com/pml/identity/infrastructure/keycloak/KeycloakAuthService.java,74,1,0,False,True,no,entry:inherited
identity-service,KEEP_ENTRY,KeycloakService,updateUser,backend/identity-service/src/main/java/com/pml/identity/infrastructure/keycloak/KeycloakService.java,153,6,1,True,True,no,entry:inherited
identity-service,KEEP_ENTRY,KeycloakService,init,backend/identity-service/src/main/java/com/pml/identity/infrastructure/keycloak/KeycloakService.java,42,2,0,False,False,no,entry:PostConstruct
identity-service,KEEP_ENTRY,KeycloakService,createUser,backend/identity-service/src/main/java/com/pml/identity/infrastructure/keycloak/KeycloakService.java,61,8,0,False,True,no,entry:inherited
identity-service,KEEP_ENTRY,MessagingService,sendNotification,backend/identity-service/src/main/java/com/pml/identity/infrastructure/messaging/MessagingService.java,165,1,6,False,True,no,entry:inherited
identity-service,KEEP_ENTRY,WorkflowIds,ownershipTransfer,backend/identity-service/src/main/java/com/pml/identity/infrastructure/temporal/WorkflowIds.java,18,2,4,False,True,yes,entry:inherited
identity-service,KEEP_ENTRY,SecurityConfig,corsConfigurationSource,backend/identity-service/src/main/java/com/pml/identity/security/SecurityConfig.java,122,1,0,False,False,yes,entry:Bean
identity-service,KEEP_ENTRY,SecurityConfig,passwordEncoder,backend/identity-service/src/main/java/com/pml/identity/security/SecurityConfig.java,153,0,0,False,False,no,entry:Bean
identity-service,KEEP_ENTRY,SecurityConfig,reactiveJwtDecoder,backend/identity-service/src/main/java/com/pml/identity/security/SecurityConfig.java,74,1,0,False,False,no,entry:Bean
identity-service,KEEP_ENTRY,SecurityConfig,securityWebFilterChain,backend/identity-service/src/main/java/com/pml/identity/security/SecurityConfig.java,79,1,2,False,False,yes,entry:Bean
identity-service,KEEP_ENTRY,IdentityRevocationConfiguration,mongoRevocationStore,backend/identity-service/src/main/java/com/pml/identity/security/revocation/IdentityRevocationConfiguration.java,37,0,0,False,False,no,entry:Bean
identity-service,KEEP_ENTRY,IdentityRevocationConfiguration,revocationCacheWarmer,backend/identity-service/src/main/java/com/pml/identity/security/revocation/IdentityRevocationConfiguration.java,54,0,0,False,False,no,entry:Bean
identity-service,KEEP_ENTRY,IdentityRevocationConfiguration,revocationMetrics,backend/identity-service/src/main/java/com/pml/identity/security/revocation/IdentityRevocationConfiguration.java,70,0,0,False,False,no,entry:Bean
identity-service,KEEP_ENTRY,CheckResponse,revoke,backend/identity-service/src/main/java/com/pml/identity/security/revocation/InternalRevocationController.java,105,4,0,False,False,no,entry:PostMapping
identity-service,KEEP_ENTRY,CheckResponse,logout,backend/identity-service/src/main/java/com/pml/identity/security/revocation/InternalRevocationController.java,120,0,0,False,True,no,entry:PostMapping
identity-service,KEEP_ENTRY,CheckResponse,check,backend/identity-service/src/main/java/com/pml/identity/security/revocation/InternalRevocationController.java,152,7,19,False,False,no,entry:PostMapping
identity-service,KEEP_ENTRY,CheckResponse,health,backend/identity-service/src/main/java/com/pml/identity/security/revocation/InternalRevocationController.java,164,0,0,False,False,no,entry:GetMapping
identity-service,KEEP_ENTRY,MongoRevocationStore,check,backend/identity-service/src/main/java/com/pml/identity/security/revocation/MongoRevocationStore.java,55,7,19,False,False,no,entry:inherited
identity-service,KEEP_ENTRY,MongoRevocationStore,revoke,backend/identity-service/src/main/java/com/pml/identity/security/revocation/MongoRevocationStore.java,87,4,0,False,False,no,entry:inherited
identity-service,KEEP_ENTRY,RevocationCacheWarmer,startWarming,backend/identity-service/src/main/java/com/pml/identity/security/revocation/RevocationCacheWarmer.java,55,0,0,False,False,no,entry:EventListener
identity-service,KEEP_ENTRY,RevocationCacheWarmer,stopWarming,backend/identity-service/src/main/java/com/pml/identity/security/revocation/RevocationCacheWarmer.java,75,0,0,False,False,no,entry:PreDestroy
identity-service,KEEP_ENTRY,AuthorizationService,checkSameOrganization,backend/identity-service/src/main/java/com/pml/identity/service/AuthorizationService.java,102,1,0,False,False,no,entry:inherited
identity-service,KEEP_ENTRY,AuthorizationService,getUserOrganizations,backend/identity-service/src/main/java/com/pml/identity/service/AuthorizationService.java,110,2,0,False,False,no,entry:inherited
identity-service,KEEP_ENTRY,AuthorizationService,checkAuthorization,backend/identity-service/src/main/java/com/pml/identity/service/AuthorizationService.java,45,2,3,False,False,no,entry:inherited
identity-service,KEEP_ENTRY,AuthorizationService,checkEventAccess,backend/identity-service/src/main/java/com/pml/identity/service/AuthorizationService.java,68,2,3,False,False,no,entry:inherited
identity-service,KEEP_ENTRY,EventAccessService,revoke,backend/identity-service/src/main/java/com/pml/identity/service/EventAccessService.java,80,4,0,False,False,no,entry:inherited
identity-service,KEEP_ENTRY,EventReminderService,cancel,backend/identity-service/src/main/java/com/pml/identity/service/EventReminderService.java,29,8,10,True,False,no,entry:inherited
identity-service,KEEP_ENTRY,Contact,contacts,backend/identity-service/src/main/java/com/pml/identity/service/FinanceLeadNotifier.java,38,1,1,False,False,no,entry:inherited
identity-service,KEEP_ENTRY,Contact,notifyLeads,backend/identity-service/src/main/java/com/pml/identity/service/FinanceLeadNotifier.java,45,1,2,False,False,no,entry:inherited
identity-service,KEEP_ENTRY,NotificationService,sendBulkNotification,backend/identity-service/src/main/java/com/pml/identity/service/NotificationService.java,31,1,0,False,True,no,entry:inherited
identity-service,KEEP_ENTRY,NotificationService,deleteNotification,backend/identity-service/src/main/java/com/pml/identity/service/NotificationService.java,90,1,0,False,True,no,entry:inherited
identity-service,KEEP_ENTRY,OrganizationApprovalService,step,backend/identity-service/src/main/java/com/pml/identity/service/OrganizationApprovalService.java,246,3,2,False,False,yes,entry:inherited
identity-service,KEEP_ENTRY,OrganizationOnboardingService,applyToBeOrganizer,backend/identity-service/src/main/java/com/pml/identity/service/OrganizationOnboardingService.java,38,1,0,True,True,no,entry:inherited
identity-service,KEEP_ENTRY,OrganizationOnboardingService,upgradeToBusinessOrganization,backend/identity-service/src/main/java/com/pml/identity/service/OrganizationOnboardingService.java,83,1,0,False,True,no,entry:inherited
identity-service,KEEP_ENTRY,OrganizationService,isSlugAvailable,backend/identity-service/src/main/java/com/pml/identity/service/OrganizationService.java,119,4,0,False,True,no,entry:inherited
identity-service,KEEP_ENTRY,OtpService,invalidateOtp,backend/identity-service/src/main/java/com/pml/identity/service/OtpService.java,157,1,0,False,False,no,entry:inherited
identity-service,KEEP_ENTRY,OtpService,verifyOtp,backend/identity-service/src/main/java/com/pml/identity/service/OtpService.java,67,3,0,False,False,no,entry:inherited
identity-service,KEEP_ENTRY,OwnershipConfirmationCodes,matches,backend/identity-service/src/main/java/com/pml/identity/service/OwnershipConfirmationCodes.java,148,8,15,False,False,no,framework-name
identity-service,KEEP_ENTRY,OwnershipTransferService,decline,backend/identity-service/src/main/java/com/pml/identity/service/OwnershipTransferService.java,43,5,6,False,False,no,entry:inherited
identity-service,KEEP_ENTRY,OwnershipTransferService,cancel,backend/identity-service/src/main/java/com/pml/identity/service/OwnershipTransferService.java,45,8,10,True,False,no,entry:inherited
identity-service,KEEP_ENTRY,TeamInvitationService,revoke,backend/identity-service/src/main/java/com/pml/identity/service/TeamInvitationService.java,88,4,0,False,False,no,entry:inherited
identity-service,KEEP_ENTRY,TeamInvitationService,accept,backend/identity-service/src/main/java/com/pml/identity/service/TeamInvitationService.java,93,8,8,False,False,no,entry:inherited
identity-service,KEEP_ENTRY,TeamInvitationService,decline,backend/identity-service/src/main/java/com/pml/identity/service/TeamInvitationService.java,98,5,6,False,False,no,entry:inherited
identity-service,KEEP_ENTRY,UserDeviceService,registerDevice,backend/identity-service/src/main/java/com/pml/identity/service/UserDeviceService.java,20,1,0,True,True,no,entry:inherited
identity-service,KEEP_ENTRY,UserDeviceService,unregisterDevice,backend/identity-service/src/main/java/com/pml/identity/service/UserDeviceService.java,28,1,0,False,True,no,entry:inherited
identity-service,KEEP_ENTRY,UserService,verifyPhone,backend/identity-service/src/main/java/com/pml/identity/service/UserService.java,100,3,0,False,True,no,entry:inherited
identity-service,KEEP_ENTRY,UserService,sendEmailVerification,backend/identity-service/src/main/java/com/pml/identity/service/UserService.java,105,0,0,False,True,no,entry:inherited
identity-service,KEEP_ENTRY,UserService,sendPhoneVerification,backend/identity-service/src/main/java/com/pml/identity/service/UserService.java,110,0,0,False,True,no,entry:inherited
identity-service,KEEP_ENTRY,UserService,createUser,backend/identity-service/src/main/java/com/pml/identity/service/UserService.java,70,8,0,False,True,no,entry:inherited
identity-service,KEEP_ENTRY,UserService,updateUser,backend/identity-service/src/main/java/com/pml/identity/service/UserService.java,72,6,1,True,True,no,entry:inherited
identity-service,KEEP_ENTRY,UserService,deactivateUser,backend/identity-service/src/main/java/com/pml/identity/service/UserService.java,78,1,0,False,True,no,entry:inherited
identity-service,KEEP_ENTRY,UserService,activateUser,backend/identity-service/src/main/java/com/pml/identity/service/UserService.java,80,1,0,False,True,no,entry:inherited
identity-service,KEEP_ENTRY,UserService,verifyEmail,backend/identity-service/src/main/java/com/pml/identity/service/UserService.java,89,2,0,False,True,no,entry:inherited
identity-service,KEEP_ENTRY,UserService,verifyPhone,backend/identity-service/src/main/java/com/pml/identity/service/UserService.java,95,3,0,False,True,no,entry:inherited
identity-service,KEEP_ENTRY,UserSyncService,syncUserFromKeycloak,backend/identity-service/src/main/java/com/pml/identity/service/UserSyncService.java,31,2,0,False,True,no,entry:inherited
identity-service,KEEP_ENTRY,VerificationDocumentService,approve,backend/identity-service/src/main/java/com/pml/identity/service/VerificationDocumentService.java,84,3,11,True,False,no,entry:inherited
identity-service,KEEP_ENTRY,VerificationDocumentService,reject,backend/identity-service/src/main/java/com/pml/identity/service/VerificationDocumentService.java,89,4,3,True,False,no,entry:inherited
identity-service,KEEP_ENTRY,AuthorizationServiceImpl,checkEventAccess,backend/identity-service/src/main/java/com/pml/identity/service/impl/AuthorizationServiceImpl.java,103,2,3,False,False,yes,entry:inherited
identity-service,KEEP_ENTRY,AuthorizationServiceImpl,checkSameOrganization,backend/identity-service/src/main/java/com/pml/identity/service/impl/AuthorizationServiceImpl.java,143,1,0,False,False,no,entry:inherited
identity-service,KEEP_ENTRY,AuthorizationServiceImpl,getUserOrganizations,backend/identity-service/src/main/java/com/pml/identity/service/impl/AuthorizationServiceImpl.java,178,2,0,False,False,no,entry:inherited
identity-service,KEEP_ENTRY,AuthorizationServiceImpl,checkAuthorization,backend/identity-service/src/main/java/com/pml/identity/service/impl/AuthorizationServiceImpl.java,41,2,3,False,False,yes,entry:inherited
identity-service,KEEP_ENTRY,EventAccessServiceImpl,revoke,backend/identity-service/src/main/java/com/pml/identity/service/impl/EventAccessServiceImpl.java,157,4,0,False,False,no,entry:inherited
identity-service,KEEP_ENTRY,EventReminderServiceImpl,cancel,backend/identity-service/src/main/java/com/pml/identity/service/impl/EventReminderServiceImpl.java,75,8,10,True,False,yes,entry:inherited
identity-service,KEEP_ENTRY,NotificationServiceImpl,deleteNotification,backend/identity-service/src/main/java/com/pml/identity/service/impl/NotificationServiceImpl.java,145,1,0,False,True,no,entry:inherited
identity-service,KEEP_ENTRY,NotificationServiceImpl,sendBulkNotification,backend/identity-service/src/main/java/com/pml/identity/service/impl/NotificationServiceImpl.java,63,1,0,False,True,no,entry:inherited
identity-service,KEEP_ENTRY,OrganizationOnboardingServiceImpl,upgradeToBusinessOrganization,backend/identity-service/src/main/java/com/pml/identity/service/impl/OrganizationOnboardingServiceImpl.java,292,1,0,False,True,no,entry:inherited
identity-service,KEEP_ENTRY,OrganizationOnboardingServiceImpl,applyToBeOrganizer,backend/identity-service/src/main/java/com/pml/identity/service/impl/OrganizationOnboardingServiceImpl.java,71,1,0,True,True,no,entry:inherited
identity-service,KEEP_ENTRY,OrganizationServiceImpl,isSlugAvailable,backend/identity-service/src/main/java/com/pml/identity/service/impl/OrganizationServiceImpl.java,238,4,0,False,True,no,entry:inherited
identity-service,KEEP_ENTRY,OwnershipTransferServiceImpl,create,backend/identity-service/src/main/java/com/pml/identity/service/impl/OwnershipTransferServiceImpl.java,117,8,49,False,False,yes,framework-name
identity-service,KEEP_ENTRY,OwnershipTransferServiceImpl,decline,backend/identity-service/src/main/java/com/pml/identity/service/impl/OwnershipTransferServiceImpl.java,188,5,6,False,False,yes,entry:inherited
identity-service,KEEP_ENTRY,OwnershipTransferServiceImpl,cancel,backend/identity-service/src/main/java/com/pml/identity/service/impl/OwnershipTransferServiceImpl.java,193,8,10,True,False,no,entry:inherited
identity-service,KEEP_ENTRY,OwnershipTransferServiceImpl,close,backend/identity-service/src/main/java/com/pml/identity/service/impl/OwnershipTransferServiceImpl.java,248,2,52,False,False,yes,framework-name
identity-service,KEEP_ENTRY,TeamInvitationServiceImpl,revoke,backend/identity-service/src/main/java/com/pml/identity/service/impl/TeamInvitationServiceImpl.java,272,4,0,False,False,no,entry:inherited
identity-service,KEEP_ENTRY,TeamInvitationServiceImpl,accept,backend/identity-service/src/main/java/com/pml/identity/service/impl/TeamInvitationServiceImpl.java,290,8,8,False,False,no,entry:inherited
identity-service,KEEP_ENTRY,TeamInvitationServiceImpl,decline,backend/identity-service/src/main/java/com/pml/identity/service/impl/TeamInvitationServiceImpl.java,427,5,6,False,False,no,entry:inherited
identity-service,KEEP_ENTRY,UserDeviceServiceImpl,registerDevice,backend/identity-service/src/main/java/com/pml/identity/service/impl/UserDeviceServiceImpl.java,34,1,0,True,True,no,entry:inherited
identity-service,KEEP_ENTRY,UserDeviceServiceImpl,unregisterDevice,backend/identity-service/src/main/java/com/pml/identity/service/impl/UserDeviceServiceImpl.java,66,1,0,False,True,no,entry:inherited
identity-service,KEEP_ENTRY,UserServiceImpl,updateUser,backend/identity-service/src/main/java/com/pml/identity/service/impl/UserServiceImpl.java,105,6,1,True,True,no,entry:inherited
identity-service,KEEP_ENTRY,UserServiceImpl,deactivateUser,backend/identity-service/src/main/java/com/pml/identity/service/impl/UserServiceImpl.java,176,1,0,False,True,no,entry:inherited
identity-service,KEEP_ENTRY,UserServiceImpl,activateUser,backend/identity-service/src/main/java/com/pml/identity/service/impl/UserServiceImpl.java,196,1,0,False,True,no,entry:inherited
identity-service,KEEP_ENTRY,UserServiceImpl,verifyEmail,backend/identity-service/src/main/java/com/pml/identity/service/impl/UserServiceImpl.java,220,2,0,False,True,no,entry:inherited
identity-service,KEEP_ENTRY,UserServiceImpl,verifyPhone,backend/identity-service/src/main/java/com/pml/identity/service/impl/UserServiceImpl.java,240,3,0,False,True,no,entry:inherited
identity-service,KEEP_ENTRY,UserServiceImpl,verifyPhone,backend/identity-service/src/main/java/com/pml/identity/service/impl/UserServiceImpl.java,248,3,0,False,True,no,entry:inherited
identity-service,KEEP_ENTRY,UserServiceImpl,sendEmailVerification,backend/identity-service/src/main/java/com/pml/identity/service/impl/UserServiceImpl.java,268,0,0,False,True,no,entry:inherited
identity-service,KEEP_ENTRY,UserServiceImpl,sendPhoneVerification,backend/identity-service/src/main/java/com/pml/identity/service/impl/UserServiceImpl.java,279,0,0,False,True,no,entry:inherited
identity-service,KEEP_ENTRY,UserServiceImpl,createUser,backend/identity-service/src/main/java/com/pml/identity/service/impl/UserServiceImpl.java,94,8,0,False,True,no,entry:inherited
identity-service,KEEP_ENTRY,UserSyncServiceImpl,syncUserFromKeycloak,backend/identity-service/src/main/java/com/pml/identity/service/impl/UserSyncServiceImpl.java,45,2,0,False,True,no,entry:inherited
identity-service,KEEP_ENTRY,VerificationDocumentServiceImpl,approve,backend/identity-service/src/main/java/com/pml/identity/service/impl/VerificationDocumentServiceImpl.java,159,3,11,True,False,no,entry:inherited
identity-service,KEEP_ENTRY,VerificationDocumentServiceImpl,reject,backend/identity-service/src/main/java/com/pml/identity/service/impl/VerificationDocumentServiceImpl.java,182,4,3,True,False,no,entry:inherited
identity-service,KEEP_ENTRY,OrganizationStatusSemanticStamper,onBeforeConvert,backend/identity-service/src/main/java/com/pml/identity/service/referencedata/OrganizationStatusSemanticStamper.java,33,0,0,False,False,no,framework-override
identity-service,KEEP_ENTRY,FileUploadValidator,validate,backend/identity-service/src/main/java/com/pml/identity/validation/FileUploadValidator.java,95,0,1,False,False,no,framework-name
identity-service,KEEP_ENTRY,EventAccessGrantEntityFetcher,fetchEventAccessGrant,backend/identity-service/src/main/java/com/pml/identity/web/graphql/federation/EventAccessGrantEntityFetcher.java,45,0,0,False,False,no,entry:DgsEntityFetcher
identity-service,KEEP_ENTRY,OrganizationEntityFetcher,fetchOrganization,backend/identity-service/src/main/java/com/pml/identity/web/graphql/federation/OrganizationEntityFetcher.java,47,0,0,False,False,no,entry:DgsEntityFetcher
identity-service,KEEP_ENTRY,UserEntityFetcher,fullName,backend/identity-service/src/main/java/com/pml/identity/web/graphql/federation/UserEntityFetcher.java,106,0,0,False,True,no,entry:DgsData
identity-service,KEEP_ENTRY,UserEntityFetcher,fetchUser,backend/identity-service/src/main/java/com/pml/identity/web/graphql/federation/UserEntityFetcher.java,94,0,0,False,False,no,entry:DgsEntityFetcher
identity-service,KEEP_ENTRY,AuthenticationMutationResolver,register,backend/identity-service/src/main/java/com/pml/identity/web/graphql/mutation/AuthenticationMutationResolver.java,113,7,0,False,True,no,entry:DgsMutation
identity-service,KEEP_ENTRY,AuthenticationMutationResolver,refreshToken,backend/identity-service/src/main/java/com/pml/identity/web/graphql/mutation/AuthenticationMutationResolver.java,164,1,0,False,True,no,entry:DgsMutation
identity-service,KEEP_ENTRY,AuthenticationMutationResolver,logout,backend/identity-service/src/main/java/com/pml/identity/web/graphql/mutation/AuthenticationMutationResolver.java,196,0,0,False,True,no,entry:DgsMutation
identity-service,KEEP_ENTRY,AuthenticationMutationResolver,validateToken,backend/identity-service/src/main/java/com/pml/identity/web/graphql/mutation/AuthenticationMutationResolver.java,228,0,0,False,True,no,entry:DgsMutation
identity-service,KEEP_ENTRY,AuthenticationMutationResolver,login,backend/identity-service/src/main/java/com/pml/identity/web/graphql/mutation/AuthenticationMutationResolver.java,56,0,0,False,True,no,entry:DgsMutation
identity-service,KEEP_ENTRY,EventAccessMutationResolver,updateEventAccess,backend/identity-service/src/main/java/com/pml/identity/web/graphql/mutation/EventAccessMutationResolver.java,100,0,0,True,True,no,entry:DgsMutation
identity-service,KEEP_ENTRY,EventAccessMutationResolver,revokeEventAccess,backend/identity-service/src/main/java/com/pml/identity/web/graphql/mutation/EventAccessMutationResolver.java,118,0,0,True,True,no,entry:DgsMutation
identity-service,KEEP_ENTRY,EventAccessMutationResolver,grantEventAccess,backend/identity-service/src/main/java/com/pml/identity/web/graphql/mutation/EventAccessMutationResolver.java,48,0,0,True,True,no,entry:DgsMutation
identity-service,KEEP_ENTRY,EventAccessMutationResolver,bulkGrantEventAccess,backend/identity-service/src/main/java/com/pml/identity/web/graphql/mutation/EventAccessMutationResolver.java,69,0,0,False,True,no,entry:DgsMutation
identity-service,KEEP_ENTRY,EventReminderMutationResolver,setEventReminder,backend/identity-service/src/main/java/com/pml/identity/web/graphql/mutation/EventReminderMutationResolver.java,40,0,0,False,True,no,entry:DgsMutation
identity-service,KEEP_ENTRY,EventReminderMutationResolver,cancelEventReminder,backend/identity-service/src/main/java/com/pml/identity/web/graphql/mutation/EventReminderMutationResolver.java,56,0,0,False,True,no,entry:DgsMutation
identity-service,KEEP_ENTRY,NotificationMutationResolver,sendNotification,backend/identity-service/src/main/java/com/pml/identity/web/graphql/mutation/NotificationMutationResolver.java,100,1,6,False,True,no,entry:DgsMutation
identity-service,KEEP_ENTRY,NotificationMutationResolver,sendBulkNotification,backend/identity-service/src/main/java/com/pml/identity/web/graphql/mutation/NotificationMutationResolver.java,114,1,0,False,True,no,entry:DgsMutation
identity-service,KEEP_ENTRY,NotificationMutationResolver,markNotificationRead,backend/identity-service/src/main/java/com/pml/identity/web/graphql/mutation/NotificationMutationResolver.java,45,0,0,True,True,no,entry:DgsMutation
identity-service,KEEP_ENTRY,NotificationMutationResolver,markAllNotificationsRead,backend/identity-service/src/main/java/com/pml/identity/web/graphql/mutation/NotificationMutationResolver.java,57,0,0,True,True,no,entry:DgsMutation
identity-service,KEEP_ENTRY,NotificationMutationResolver,deleteNotification,backend/identity-service/src/main/java/com/pml/identity/web/graphql/mutation/NotificationMutationResolver.java,71,1,0,False,True,no,entry:DgsMutation
identity-service,KEEP_ENTRY,NotificationMutationResolver,updateNotificationPreferences,backend/identity-service/src/main/java/com/pml/identity/web/graphql/mutation/NotificationMutationResolver.java,84,0,0,True,True,no,entry:DgsMutation
identity-service,KEEP_ENTRY,OrganizationMemberMutationResolver,removeMember,backend/identity-service/src/main/java/com/pml/identity/web/graphql/mutation/OrganizationMemberMutationResolver.java,112,0,0,True,True,no,entry:DgsMutation
identity-service,KEEP_ENTRY,OrganizationMemberMutationResolver,leaveOrganization,backend/identity-service/src/main/java/com/pml/identity/web/graphql/mutation/OrganizationMemberMutationResolver.java,136,0,0,True,True,no,entry:DgsMutation
identity-service,KEEP_ENTRY,OrganizationMemberMutationResolver,updateMemberRole,backend/identity-service/src/main/java/com/pml/identity/web/graphql/mutation/OrganizationMemberMutationResolver.java,42,0,0,True,True,no,entry:DgsMutation
identity-service,KEEP_ENTRY,OrganizationMemberMutationResolver,suspendMember,backend/identity-service/src/main/java/com/pml/identity/web/graphql/mutation/OrganizationMemberMutationResolver.java,73,0,0,True,True,no,entry:DgsMutation
identity-service,KEEP_ENTRY,OrganizationMemberMutationResolver,reactivateMember,backend/identity-service/src/main/java/com/pml/identity/web/graphql/mutation/OrganizationMemberMutationResolver.java,97,0,0,True,True,no,entry:DgsMutation
identity-service,KEEP_ENTRY,OrganizationMutationResolver,getOrCreateMyOrganization,backend/identity-service/src/main/java/com/pml/identity/web/graphql/mutation/OrganizationMutationResolver.java,117,0,0,False,True,no,entry:DgsMutation
identity-service,KEEP_ENTRY,OrganizationMutationResolver,upgradeToBusinessOrganization,backend/identity-service/src/main/java/com/pml/identity/web/graphql/mutation/OrganizationMutationResolver.java,129,1,0,False,True,no,entry:DgsMutation
identity-service,KEEP_ENTRY,OrganizationMutationResolver,approveOrganization,backend/identity-service/src/main/java/com/pml/identity/web/graphql/mutation/OrganizationMutationResolver.java,153,0,0,True,True,no,entry:DgsMutation
identity-service,KEEP_ENTRY,OrganizationMutationResolver,requestOrganizationChanges,backend/identity-service/src/main/java/com/pml/identity/web/graphql/mutation/OrganizationMutationResolver.java,167,0,0,True,True,no,entry:DgsMutation
identity-service,KEEP_ENTRY,OrganizationMutationResolver,rejectOrganization,backend/identity-service/src/main/java/com/pml/identity/web/graphql/mutation/OrganizationMutationResolver.java,182,0,0,True,True,no,entry:DgsMutation
identity-service,KEEP_ENTRY,OrganizationMutationResolver,updateOrganization,backend/identity-service/src/main/java/com/pml/identity/web/graphql/mutation/OrganizationMutationResolver.java,201,0,0,True,True,no,entry:DgsMutation
identity-service,KEEP_ENTRY,OrganizationMutationResolver,updateOrganizationSettings,backend/identity-service/src/main/java/com/pml/identity/web/graphql/mutation/OrganizationMutationResolver.java,224,0,3,False,True,yes,entry:DgsMutation
identity-service,KEEP_ENTRY,OrganizationMutationResolver,suspendOrganization,backend/identity-service/src/main/java/com/pml/identity/web/graphql/mutation/OrganizationMutationResolver.java,260,0,0,True,True,no,entry:DgsMutation
identity-service,KEEP_ENTRY,OrganizationMutationResolver,unsuspendOrganization,backend/identity-service/src/main/java/com/pml/identity/web/graphql/mutation/OrganizationMutationResolver.java,279,0,0,False,True,no,entry:DgsMutation
identity-service,KEEP_ENTRY,OrganizationMutationResolver,updateOrganizationStatus,backend/identity-service/src/main/java/com/pml/identity/web/graphql/mutation/OrganizationMutationResolver.java,293,0,0,False,True,no,entry:DgsMutation
identity-service,KEEP_ENTRY,OrganizationMutationResolver,applyToBeOrganizer,backend/identity-service/src/main/java/com/pml/identity/web/graphql/mutation/OrganizationMutationResolver.java,62,1,0,True,True,no,entry:DgsMutation
identity-service,KEEP_ENTRY,OrganizationMutationResolver,updateOrganizationApplication,backend/identity-service/src/main/java/com/pml/identity/web/graphql/mutation/OrganizationMutationResolver.java,76,0,0,False,True,no,entry:DgsMutation
identity-service,KEEP_ENTRY,OrganizationMutationResolver,submitOrganizationForReview,backend/identity-service/src/main/java/com/pml/identity/web/graphql/mutation/OrganizationMutationResolver.java,97,0,0,True,True,no,entry:DgsMutation
identity-service,KEEP_ENTRY,OwnershipTransferMutationResolver,declineOwnershipTransfer,backend/identity-service/src/main/java/com/pml/identity/web/graphql/mutation/OwnershipTransferMutationResolver.java,100,0,0,False,True,no,entry:DgsMutation
identity-service,KEEP_ENTRY,OwnershipTransferMutationResolver,initiateOwnershipTransfer,backend/identity-service/src/main/java/com/pml/identity/web/graphql/mutation/OwnershipTransferMutationResolver.java,38,0,0,True,True,no,entry:DgsMutation
identity-service,KEEP_ENTRY,OwnershipTransferMutationResolver,cancelOwnershipTransfer,backend/identity-service/src/main/java/com/pml/identity/web/graphql/mutation/OwnershipTransferMutationResolver.java,62,0,0,True,True,no,entry:DgsMutation
identity-service,KEEP_ENTRY,OwnershipTransferMutationResolver,requestOwnershipTransferCode,backend/identity-service/src/main/java/com/pml/identity/web/graphql/mutation/OwnershipTransferMutationResolver.java,74,0,0,True,True,no,entry:DgsMutation
identity-service,KEEP_ENTRY,OwnershipTransferMutationResolver,acceptOwnershipTransfer,backend/identity-service/src/main/java/com/pml/identity/web/graphql/mutation/OwnershipTransferMutationResolver.java,86,0,0,False,True,no,entry:DgsMutation
identity-service,KEEP_ENTRY,PayoutConfigMutationResolver,setBankAccount,backend/identity-service/src/main/java/com/pml/identity/web/graphql/mutation/PayoutConfigMutationResolver.java,201,1,0,False,True,no,entry:DgsMutation
identity-service,KEEP_ENTRY,PayoutConfigMutationResolver,setMobileMoneyAccount,backend/identity-service/src/main/java/com/pml/identity/web/graphql/mutation/PayoutConfigMutationResolver.java,329,1,0,False,True,no,entry:DgsMutation
identity-service,KEEP_ENTRY,PayoutConfigMutationResolver,verifyPayoutAccount,backend/identity-service/src/main/java/com/pml/identity/web/graphql/mutation/PayoutConfigMutationResolver.java,443,0,0,False,True,no,entry:DgsMutation
identity-service,KEEP_ENTRY,PayoutConfigMutationResolver,updatePayoutConfig,backend/identity-service/src/main/java/com/pml/identity/web/graphql/mutation/PayoutConfigMutationResolver.java,76,0,0,False,True,no,entry:DgsMutation
identity-service,KEEP_ENTRY,PhoneOtpMutationResolver,requestPhoneOtp,backend/identity-service/src/main/java/com/pml/identity/web/graphql/mutation/PhoneOtpMutationResolver.java,43,0,0,False,True,no,entry:DgsMutation
identity-service,KEEP_ENTRY,PhoneOtpMutationResolver,verifyPhoneOtp,backend/identity-service/src/main/java/com/pml/identity/web/graphql/mutation/PhoneOtpMutationResolver.java,81,0,0,False,True,no,entry:DgsMutation
identity-service,KEEP_ENTRY,TeamInvitationMutationResolver,resendInvitation,backend/identity-service/src/main/java/com/pml/identity/web/graphql/mutation/TeamInvitationMutationResolver.java,120,0,0,True,True,no,entry:DgsMutation
identity-service,KEEP_ENTRY,TeamInvitationMutationResolver,revokeInvitation,backend/identity-service/src/main/java/com/pml/identity/web/graphql/mutation/TeamInvitationMutationResolver.java,135,0,0,True,True,no,entry:DgsMutation
identity-service,KEEP_ENTRY,TeamInvitationMutationResolver,acceptInvitation,backend/identity-service/src/main/java/com/pml/identity/web/graphql/mutation/TeamInvitationMutationResolver.java,150,0,0,True,True,no,entry:DgsMutation
identity-service,KEEP_ENTRY,TeamInvitationMutationResolver,declineInvitation,backend/identity-service/src/main/java/com/pml/identity/web/graphql/mutation/TeamInvitationMutationResolver.java,160,0,0,True,True,no,entry:DgsMutation
identity-service,KEEP_ENTRY,TeamInvitationMutationResolver,inviteTeamMember,backend/identity-service/src/main/java/com/pml/identity/web/graphql/mutation/TeamInvitationMutationResolver.java,45,0,0,True,True,no,entry:DgsMutation
identity-service,KEEP_ENTRY,TeamInvitationMutationResolver,bulkInviteTeamMembers,backend/identity-service/src/main/java/com/pml/identity/web/graphql/mutation/TeamInvitationMutationResolver.java,81,0,0,False,True,no,entry:DgsMutation
identity-service,KEEP_ENTRY,UserDeviceMutationResolver,registerDevice,backend/identity-service/src/main/java/com/pml/identity/web/graphql/mutation/UserDeviceMutationResolver.java,39,1,0,True,True,no,entry:DgsMutation
identity-service,KEEP_ENTRY,UserDeviceMutationResolver,unregisterDevice,backend/identity-service/src/main/java/com/pml/identity/web/graphql/mutation/UserDeviceMutationResolver.java,53,1,0,False,True,no,entry:DgsMutation
identity-service,KEEP_ENTRY,UserMutationResolver,syncEmailVerificationStatus,backend/identity-service/src/main/java/com/pml/identity/web/graphql/mutation/UserMutationResolver.java,121,0,0,False,True,no,entry:DgsMutation
identity-service,KEEP_ENTRY,UserMutationResolver,updateMyProfile,backend/identity-service/src/main/java/com/pml/identity/web/graphql/mutation/UserMutationResolver.java,162,0,2,True,True,no,entry:DgsMutation
identity-service,KEEP_ENTRY,UserMutationResolver,suspendUser,backend/identity-service/src/main/java/com/pml/identity/web/graphql/mutation/UserMutationResolver.java,185,0,0,True,True,no,entry:DgsMutation
identity-service,KEEP_ENTRY,UserMutationResolver,unsuspendUser,backend/identity-service/src/main/java/com/pml/identity/web/graphql/mutation/UserMutationResolver.java,197,0,0,True,True,no,entry:DgsMutation
identity-service,KEEP_ENTRY,UserMutationResolver,changePassword,backend/identity-service/src/main/java/com/pml/identity/web/graphql/mutation/UserMutationResolver.java,234,0,0,False,True,no,entry:DgsMutation
identity-service,KEEP_ENTRY,UserMutationResolver,resetPassword,backend/identity-service/src/main/java/com/pml/identity/web/graphql/mutation/UserMutationResolver.java,253,1,0,False,True,no,entry:DgsMutation
identity-service,KEEP_ENTRY,UserMutationResolver,createUser,backend/identity-service/src/main/java/com/pml/identity/web/graphql/mutation/UserMutationResolver.java,287,8,0,False,True,no,entry:DgsMutation
identity-service,KEEP_ENTRY,UserMutationResolver,updateUser,backend/identity-service/src/main/java/com/pml/identity/web/graphql/mutation/UserMutationResolver.java,323,6,1,True,True,no,entry:DgsMutation
identity-service,KEEP_ENTRY,UserMutationResolver,deactivateUser,backend/identity-service/src/main/java/com/pml/identity/web/graphql/mutation/UserMutationResolver.java,348,1,0,False,True,no,entry:DgsMutation
identity-service,KEEP_ENTRY,UserMutationResolver,activateUser,backend/identity-service/src/main/java/com/pml/identity/web/graphql/mutation/UserMutationResolver.java,367,1,0,False,True,no,entry:DgsMutation
identity-service,KEEP_ENTRY,UserMutationResolver,lockUser,backend/identity-service/src/main/java/com/pml/identity/web/graphql/mutation/UserMutationResolver.java,389,0,0,False,True,no,entry:DgsMutation
identity-service,KEEP_ENTRY,UserMutationResolver,unlockUser,backend/identity-service/src/main/java/com/pml/identity/web/graphql/mutation/UserMutationResolver.java,411,0,0,False,True,no,entry:DgsMutation
identity-service,KEEP_ENTRY,UserMutationResolver,addUserRole,backend/identity-service/src/main/java/com/pml/identity/web/graphql/mutation/UserMutationResolver.java,443,0,0,False,True,no,entry:DgsMutation
identity-service,KEEP_ENTRY,UserMutationResolver,removeUserRole,backend/identity-service/src/main/java/com/pml/identity/web/graphql/mutation/UserMutationResolver.java,496,0,0,False,True,no,entry:DgsMutation
identity-service,KEEP_ENTRY,UserMutationResolver,setUserRoles,backend/identity-service/src/main/java/com/pml/identity/web/graphql/mutation/UserMutationResolver.java,549,0,0,False,True,no,entry:DgsMutation
identity-service,KEEP_ENTRY,UserMutationResolver,sendEmailVerification,backend/identity-service/src/main/java/com/pml/identity/web/graphql/mutation/UserMutationResolver.java,60,0,0,False,True,no,entry:DgsMutation
identity-service,KEEP_ENTRY,UserMutationResolver,sendPhoneVerification,backend/identity-service/src/main/java/com/pml/identity/web/graphql/mutation/UserMutationResolver.java,607,0,0,False,True,no,entry:DgsMutation
identity-service,KEEP_ENTRY,UserMutationResolver,verifyPhone,backend/identity-service/src/main/java/com/pml/identity/web/graphql/mutation/UserMutationResolver.java,663,3,0,False,True,no,entry:DgsMutation
identity-service,KEEP_ENTRY,UserMutationResolver,syncUserFromKeycloak,backend/identity-service/src/main/java/com/pml/identity/web/graphql/mutation/UserMutationResolver.java,721,2,0,False,True,no,entry:DgsMutation
identity-service,KEEP_ENTRY,UserMutationResolver,syncAllUsersFromKeycloak,backend/identity-service/src/main/java/com/pml/identity/web/graphql/mutation/UserMutationResolver.java,742,0,0,False,True,no,entry:DgsMutation
identity-service,KEEP_ENTRY,UserMutationResolver,verifyEmail,backend/identity-service/src/main/java/com/pml/identity/web/graphql/mutation/UserMutationResolver.java,81,2,0,False,True,no,entry:DgsMutation
identity-service,KEEP_ENTRY,VerificationDocumentMutationResolver,requestDocumentUploadUrl,backend/identity-service/src/main/java/com/pml/identity/web/graphql/mutation/VerificationDocumentMutationResolver.java,128,0,0,False,True,no,entry:DgsMutation
identity-service,KEEP_ENTRY,VerificationDocumentMutationResolver,approveVerificationDocument,backend/identity-service/src/main/java/com/pml/identity/web/graphql/mutation/VerificationDocumentMutationResolver.java,179,0,0,False,True,no,entry:DgsMutation
identity-service,KEEP_ENTRY,VerificationDocumentMutationResolver,rejectVerificationDocument,backend/identity-service/src/main/java/com/pml/identity/web/graphql/mutation/VerificationDocumentMutationResolver.java,192,0,0,False,True,no,entry:DgsMutation
identity-service,KEEP_ENTRY,VerificationDocumentMutationResolver,deleteVerificationDocument,backend/identity-service/src/main/java/com/pml/identity/web/graphql/mutation/VerificationDocumentMutationResolver.java,210,0,0,False,True,no,entry:DgsMutation
identity-service,KEEP_ENTRY,VerificationDocumentMutationResolver,uploadVerificationDocument,backend/identity-service/src/main/java/com/pml/identity/web/graphql/mutation/VerificationDocumentMutationResolver.java,69,0,0,False,True,no,entry:DgsMutation
identity-service,KEEP_ENTRY,EventAccessQueryResolver,eventAccessGrants,backend/identity-service/src/main/java/com/pml/identity/web/graphql/query/EventAccessQueryResolver.java,109,7,0,True,True,no,entry:DgsQuery
identity-service,KEEP_ENTRY,EventAccessQueryResolver,eventAccessGrant,backend/identity-service/src/main/java/com/pml/identity/web/graphql/query/EventAccessQueryResolver.java,50,1,0,False,True,no,entry:DgsQuery
identity-service,KEEP_ENTRY,EventAccessQueryResolver,userEventAccess,backend/identity-service/src/main/java/com/pml/identity/web/graphql/query/EventAccessQueryResolver.java,62,1,0,True,True,no,entry:DgsQuery
identity-service,KEEP_ENTRY,EventAccessQueryResolver,myEventAccess,backend/identity-service/src/main/java/com/pml/identity/web/graphql/query/EventAccessQueryResolver.java,78,1,0,True,True,no,entry:DgsQuery
identity-service,KEEP_ENTRY,EventAccessQueryResolver,myEventAccessGrants,backend/identity-service/src/main/java/com/pml/identity/web/graphql/query/EventAccessQueryResolver.java,93,1,0,True,True,no,entry:DgsQuery
identity-service,KEEP_ENTRY,EventReminderQueryResolver,myEventReminders,backend/identity-service/src/main/java/com/pml/identity/web/graphql/query/EventReminderQueryResolver.java,31,1,0,False,True,no,entry:DgsQuery
identity-service,KEEP_ENTRY,NotificationQueryResolver,myNotifications,backend/identity-service/src/main/java/com/pml/identity/web/graphql/query/NotificationQueryResolver.java,48,1,0,True,True,no,entry:DgsQuery
identity-service,KEEP_ENTRY,NotificationQueryResolver,unreadNotificationCount,backend/identity-service/src/main/java/com/pml/identity/web/graphql/query/NotificationQueryResolver.java,82,1,0,True,True,no,entry:DgsQuery
identity-service,KEEP_ENTRY,NotificationQueryResolver,myNotificationPreferences,backend/identity-service/src/main/java/com/pml/identity/web/graphql/query/NotificationQueryResolver.java,99,1,0,True,True,no,entry:DgsQuery
identity-service,KEEP_ENTRY,OrganizationMemberQueryResolver,organizationMembers,backend/identity-service/src/main/java/com/pml/identity/web/graphql/query/OrganizationMemberQueryResolver.java,102,1,0,True,True,no,entry:DgsQuery
identity-service,KEEP_ENTRY,OrganizationMemberQueryResolver,organizationMember,backend/identity-service/src/main/java/com/pml/identity/web/graphql/query/OrganizationMemberQueryResolver.java,64,1,0,False,True,no,entry:DgsQuery
identity-service,KEEP_ENTRY,OrganizationMemberQueryResolver,myOrganizationMembership,backend/identity-service/src/main/java/com/pml/identity/web/graphql/query/OrganizationMemberQueryResolver.java,85,1,0,True,True,no,entry:DgsQuery
identity-service,KEEP_ENTRY,OrganizationQueryResolver,organizationApplications,backend/identity-service/src/main/java/com/pml/identity/web/graphql/query/OrganizationQueryResolver.java,109,1,0,False,True,no,entry:DgsQuery
identity-service,KEEP_ENTRY,OrganizationQueryResolver,organizations,backend/identity-service/src/main/java/com/pml/identity/web/graphql/query/OrganizationQueryResolver.java,133,1,0,True,True,no,entry:DgsQuery
identity-service,KEEP_ENTRY,OrganizationQueryResolver,isSlugAvailable,backend/identity-service/src/main/java/com/pml/identity/web/graphql/query/OrganizationQueryResolver.java,156,4,0,False,True,no,entry:DgsQuery
identity-service,KEEP_ENTRY,OrganizationQueryResolver,organizationCount,backend/identity-service/src/main/java/com/pml/identity/web/graphql/query/OrganizationQueryResolver.java,168,1,0,False,True,no,entry:DgsQuery
identity-service,KEEP_ENTRY,OrganizationQueryResolver,organization,backend/identity-service/src/main/java/com/pml/identity/web/graphql/query/OrganizationQueryResolver.java,43,7,11,True,True,no,entry:DgsQuery
identity-service,KEEP_ENTRY,OrganizationQueryResolver,organizationBySlug,backend/identity-service/src/main/java/com/pml/identity/web/graphql/query/OrganizationQueryResolver.java,55,1,0,True,True,no,entry:DgsQuery
identity-service,KEEP_ENTRY,OrganizationQueryResolver,organizationByOwnerId,backend/identity-service/src/main/java/com/pml/identity/web/graphql/query/OrganizationQueryResolver.java,67,1,0,False,True,no,entry:DgsQuery
identity-service,KEEP_ENTRY,OrganizationQueryResolver,myOrganizations,backend/identity-service/src/main/java/com/pml/identity/web/graphql/query/OrganizationQueryResolver.java,79,1,0,True,True,no,entry:DgsQuery
identity-service,KEEP_ENTRY,OrganizationQueryResolver,myOwnedOrganization,backend/identity-service/src/main/java/com/pml/identity/web/graphql/query/OrganizationQueryResolver.java,92,1,0,True,True,no,entry:DgsQuery
identity-service,KEEP_ENTRY,OwnershipTransferQueryResolver,ownershipTransfers,backend/identity-service/src/main/java/com/pml/identity/web/graphql/query/OwnershipTransferQueryResolver.java,118,1,0,False,True,no,entry:DgsQuery
identity-service,KEEP_ENTRY,OwnershipTransferQueryResolver,myPendingOwnershipTransfers,backend/identity-service/src/main/java/com/pml/identity/web/graphql/query/OwnershipTransferQueryResolver.java,132,1,0,False,True,no,entry:DgsQuery
identity-service,KEEP_ENTRY,OwnershipTransferQueryResolver,hasPendingOwnershipTransfer,backend/identity-service/src/main/java/com/pml/identity/web/graphql/query/OwnershipTransferQueryResolver.java,143,1,0,False,True,no,entry:DgsQuery
identity-service,KEEP_ENTRY,OwnershipTransferQueryResolver,ownershipTransfer,backend/identity-service/src/main/java/com/pml/identity/web/graphql/query/OwnershipTransferQueryResolver.java,55,2,4,False,True,no,entry:DgsQuery
identity-service,KEEP_ENTRY,OwnershipTransferQueryResolver,ownershipTransferByToken,backend/identity-service/src/main/java/com/pml/identity/web/graphql/query/OwnershipTransferQueryResolver.java,89,0,0,True,True,no,entry:DgsQuery
identity-service,KEEP_ENTRY,OwnershipTransferQueryResolver,pendingOwnershipTransfer,backend/identity-service/src/main/java/com/pml/identity/web/graphql/query/OwnershipTransferQueryResolver.java,99,1,0,True,True,no,entry:DgsQuery
identity-service,KEEP_ENTRY,PermissionQueryResolver,myEffectivePermissions,backend/identity-service/src/main/java/com/pml/identity/web/graphql/query/PermissionQueryResolver.java,100,0,0,True,True,no,entry:DgsQuery
identity-service,KEEP_ENTRY,PermissionQueryResolver,rolePermissions,backend/identity-service/src/main/java/com/pml/identity/web/graphql/query/PermissionQueryResolver.java,138,3,0,True,True,no,entry:inherited
identity-service,KEEP_ENTRY,PermissionQueryResolver,permissions,backend/identity-service/src/main/java/com/pml/identity/web/graphql/query/PermissionQueryResolver.java,46,16,24,False,True,no,entry:DgsQuery
identity-service,KEEP_ENTRY,PermissionQueryResolver,permission,backend/identity-service/src/main/java/com/pml/identity/web/graphql/query/PermissionQueryResolver.java,52,0,0,False,True,no,entry:DgsQuery
identity-service,KEEP_ENTRY,PermissionQueryResolver,rolePermissions,backend/identity-service/src/main/java/com/pml/identity/web/graphql/query/PermissionQueryResolver.java,59,3,0,True,True,no,entry:DgsQuery
identity-service,KEEP_ENTRY,PermissionQueryResolver,currentUserPermissions,backend/identity-service/src/main/java/com/pml/identity/web/graphql/query/PermissionQueryResolver.java,83,0,0,True,True,no,entry:DgsQuery
identity-service,KEEP_ENTRY,PermissionQueryResolver,myPermissions,backend/identity-service/src/main/java/com/pml/identity/web/graphql/query/PermissionQueryResolver.java,89,0,0,False,True,no,entry:DgsQuery
identity-service,KEEP_ENTRY,TeamInvitationQueryResolver,pendingInvitations,backend/identity-service/src/main/java/com/pml/identity/web/graphql/query/TeamInvitationQueryResolver.java,110,1,0,True,True,no,entry:DgsQuery
identity-service,KEEP_ENTRY,TeamInvitationQueryResolver,invitationByToken,backend/identity-service/src/main/java/com/pml/identity/web/graphql/query/TeamInvitationQueryResolver.java,59,0,0,True,True,no,entry:DgsQuery
identity-service,KEEP_ENTRY,TeamInvitationQueryResolver,myPendingInvitations,backend/identity-service/src/main/java/com/pml/identity/web/graphql/query/TeamInvitationQueryResolver.java,92,1,0,True,True,no,entry:DgsQuery
identity-service,KEEP_ENTRY,UserDeviceQueryResolver,myDevices,backend/identity-service/src/main/java/com/pml/identity/web/graphql/query/UserDeviceQueryResolver.java,31,0,0,True,True,no,entry:DgsQuery
identity-service,KEEP_ENTRY,UserQueryResolver,users,backend/identity-service/src/main/java/com/pml/identity/web/graphql/query/UserQueryResolver.java,101,22,6,True,True,no,entry:DgsQuery
identity-service,KEEP_ENTRY,UserQueryResolver,usersByRole,backend/identity-service/src/main/java/com/pml/identity/web/graphql/query/UserQueryResolver.java,128,2,0,False,True,no,entry:DgsQuery
identity-service,KEEP_ENTRY,UserQueryResolver,userStats,backend/identity-service/src/main/java/com/pml/identity/web/graphql/query/UserQueryResolver.java,156,0,0,False,True,no,entry:DgsQuery
identity-service,KEEP_ENTRY,UserQueryResolver,identityPendingCounts,backend/identity-service/src/main/java/com/pml/identity/web/graphql/query/UserQueryResolver.java,170,0,0,False,True,no,entry:DgsQuery
identity-service,KEEP_ENTRY,UserQueryResolver,me,backend/identity-service/src/main/java/com/pml/identity/web/graphql/query/UserQueryResolver.java,49,1,0,True,True,no,entry:DgsQuery
identity-service,KEEP_ENTRY,UserQueryResolver,user,backend/identity-service/src/main/java/com/pml/identity/web/graphql/query/UserQueryResolver.java,61,2,18,True,True,no,entry:DgsQuery
identity-service,KEEP_ENTRY,UserQueryResolver,userByEmail,backend/identity-service/src/main/java/com/pml/identity/web/graphql/query/UserQueryResolver.java,73,1,0,False,True,no,entry:DgsQuery
identity-service,KEEP_ENTRY,UserQueryResolver,userByPhone,backend/identity-service/src/main/java/com/pml/identity/web/graphql/query/UserQueryResolver.java,85,1,0,False,True,no,entry:DgsQuery
identity-service,KEEP_ENTRY,VerificationDocumentQueryResolver,myVerificationDocumentByType,backend/identity-service/src/main/java/com/pml/identity/web/graphql/query/VerificationDocumentQueryResolver.java,109,1,0,False,True,no,entry:DgsQuery
identity-service,KEEP_ENTRY,VerificationDocumentQueryResolver,myVerificationDocumentCount,backend/identity-service/src/main/java/com/pml/identity/web/graphql/query/VerificationDocumentQueryResolver.java,122,1,0,False,True,no,entry:DgsQuery
identity-service,KEEP_ENTRY,VerificationDocumentQueryResolver,myApprovedDocumentCount,backend/identity-service/src/main/java/com/pml/identity/web/graphql/query/VerificationDocumentQueryResolver.java,135,1,0,False,True,no,entry:DgsQuery
identity-service,KEEP_ENTRY,VerificationDocumentQueryResolver,verificationDocument,backend/identity-service/src/main/java/com/pml/identity/web/graphql/query/VerificationDocumentQueryResolver.java,53,1,0,False,True,no,entry:DgsQuery
identity-service,KEEP_ENTRY,VerificationDocumentQueryResolver,myVerificationDocuments,backend/identity-service/src/main/java/com/pml/identity/web/graphql/query/VerificationDocumentQueryResolver.java,65,1,0,False,True,no,entry:DgsQuery
identity-service,KEEP_ENTRY,VerificationDocumentQueryResolver,verificationDocuments,backend/identity-service/src/main/java/com/pml/identity/web/graphql/query/VerificationDocumentQueryResolver.java,83,1,0,True,True,no,entry:DgsQuery
identity-service,KEEP_ENTRY,VerificationDocumentQueryResolver,pendingVerificationDocuments,backend/identity-service/src/main/java/com/pml/identity/web/graphql/query/VerificationDocumentQueryResolver.java,99,0,0,False,True,no,entry:DgsQuery
identity-service,KEEP_ENTRY,OrganizationPrivateFields,taxId,backend/identity-service/src/main/java/com/pml/identity/web/graphql/resolver/OrganizationPrivateFields.java,28,5,0,False,True,no,entry:DgsData
identity-service,KEEP_ENTRY,OrganizationPrivateFields,businessRegistrationNumber,backend/identity-service/src/main/java/com/pml/identity/web/graphql/resolver/OrganizationPrivateFields.java,33,5,0,False,True,no,entry:DgsData
identity-service,KEEP_ENTRY,OrganizationPrivateFields,businessPhone,backend/identity-service/src/main/java/com/pml/identity/web/graphql/resolver/OrganizationPrivateFields.java,38,6,0,False,True,no,entry:DgsData
identity-service,KEEP_ENTRY,OrganizationPrivateFields,businessEmail,backend/identity-service/src/main/java/com/pml/identity/web/graphql/resolver/OrganizationPrivateFields.java,43,6,0,False,True,no,entry:DgsData
identity-service,KEEP_ENTRY,OrganizationPrivateFields,businessAddress,backend/identity-service/src/main/java/com/pml/identity/web/graphql/resolver/OrganizationPrivateFields.java,48,1,0,False,True,no,entry:DgsData
identity-service,KEEP_ENTRY,OrganizationPrivateFields,payoutConfig,backend/identity-service/src/main/java/com/pml/identity/web/graphql/resolver/OrganizationPrivateFields.java,53,2,0,False,True,no,entry:DgsData
identity-service,KEEP_ENTRY,OrganizationPrivateFields,settings,backend/identity-service/src/main/java/com/pml/identity/web/graphql/resolver/OrganizationPrivateFields.java,58,0,0,False,True,no,entry:DgsData
identity-service,KEEP_ENTRY,OrganizationPrivateFields,keycloakGroupId,backend/identity-service/src/main/java/com/pml/identity/web/graphql/resolver/OrganizationPrivateFields.java,63,0,0,False,True,no,entry:DgsData
identity-service,KEEP_ENTRY,OrganizationPrivateFields,rejectionReason,backend/identity-service/src/main/java/com/pml/identity/web/graphql/resolver/OrganizationPrivateFields.java,68,0,0,False,True,no,entry:DgsData
identity-service,KEEP_ENTRY,InternalApprovalNotificationController,notifyApproval,backend/identity-service/src/main/java/com/pml/identity/web/rest/InternalApprovalNotificationController.java,34,0,0,False,False,no,entry:PostMapping
identity-service,KEEP_ENTRY,InternalAuthorizationController,checkSameOrganization,backend/identity-service/src/main/java/com/pml/identity/web/rest/InternalAuthorizationController.java,110,1,0,False,False,no,entry:GetMapping
identity-service,KEEP_ENTRY,InternalAuthorizationController,getUserOrganizations,backend/identity-service/src/main/java/com/pml/identity/web/rest/InternalAuthorizationController.java,131,2,0,False,False,no,entry:GetMapping
identity-service,KEEP_ENTRY,InternalAuthorizationController,checkAuthorization,backend/identity-service/src/main/java/com/pml/identity/web/rest/InternalAuthorizationController.java,51,2,3,False,False,no,entry:PostMapping
identity-service,KEEP_ENTRY,InternalAuthorizationController,checkEventAccess,backend/identity-service/src/main/java/com/pml/identity/web/rest/InternalAuthorizationController.java,84,2,3,False,False,no,entry:GetMapping
identity-service,KEEP_ENTRY,InternalFinanceLeadController,contacts,backend/identity-service/src/main/java/com/pml/identity/web/rest/InternalFinanceLeadController.java,35,1,1,False,False,no,entry:GetMapping
identity-service,KEEP_ENTRY,InternalFinanceLeadController,notifyLeads,backend/identity-service/src/main/java/com/pml/identity/web/rest/InternalFinanceLeadController.java,42,1,2,False,False,no,entry:PostMapping
identity-service,KEEP_ENTRY,InternalOtpController,getOtpStatus,backend/identity-service/src/main/java/com/pml/identity/web/rest/InternalOtpController.java,123,0,0,False,False,no,entry:GetMapping
identity-service,KEEP_ENTRY,InternalOtpController,invalidateOtp,backend/identity-service/src/main/java/com/pml/identity/web/rest/InternalOtpController.java,148,1,0,False,False,no,entry:DeleteMapping
identity-service,KEEP_ENTRY,InternalOtpController,requestOtp,backend/identity-service/src/main/java/com/pml/identity/web/rest/InternalOtpController.java,46,0,0,False,False,no,entry:PostMapping
identity-service,KEEP_ENTRY,InternalOtpController,verifyOtp,backend/identity-service/src/main/java/com/pml/identity/web/rest/InternalOtpController.java,92,3,0,False,False,no,entry:PostMapping
identity-service,KEEP_ENTRY,KeycloakSyncController,syncAllUsers,backend/identity-service/src/main/java/com/pml/identity/web/rest/KeycloakSyncController.java,115,0,0,False,False,no,entry:PostMapping
identity-service,KEEP_ENTRY,KeycloakSyncController,health,backend/identity-service/src/main/java/com/pml/identity/web/rest/KeycloakSyncController.java,142,0,0,False,False,no,entry:GetMapping
identity-service,KEEP_ENTRY,KeycloakSyncController,syncUserWithData,backend/identity-service/src/main/java/com/pml/identity/web/rest/KeycloakSyncController.java,57,0,0,False,False,no,entry:PostMapping
identity-service,KEEP_ENTRY,KeycloakSyncController,handleEvent,backend/identity-service/src/main/java/com/pml/identity/web/rest/KeycloakSyncController.java,79,0,0,False,False,no,entry:PostMapping
identity-service,KEEP_ENTRY,VerificationDocumentRestController,requestUploadUrl,backend/identity-service/src/main/java/com/pml/identity/web/rest/VerificationDocumentRestController.java,101,0,0,False,False,no,entry:PostMapping
identity-service,KEEP_ENTRY,VerificationDocumentRestController,registerDocument,backend/identity-service/src/main/java/com/pml/identity/web/rest/VerificationDocumentRestController.java,185,0,0,False,False,no,entry:PostMapping
identity-service,KEEP_ENTRY,VerificationDocumentRestController,listDocuments,backend/identity-service/src/main/java/com/pml/identity/web/rest/VerificationDocumentRestController.java,244,0,0,False,False,no,entry:GetMapping
identity-service,KEEP_ENTRY,VerificationDocumentRestController,getDocument,backend/identity-service/src/main/java/com/pml/identity/web/rest/VerificationDocumentRestController.java,283,0,0,False,False,no,entry:GetMapping
identity-service,KEEP_ENTRY,VerificationDocumentRestController,deleteDocument,backend/identity-service/src/main/java/com/pml/identity/web/rest/VerificationDocumentRestController.java,320,0,0,False,False,no,entry:DeleteMapping
identity-service,KEEP_ENTRY,GroupMirrorActivitiesImpl,apply,backend/identity-service/src/main/java/com/pml/identity/workflow/mirror/GroupMirrorActivitiesImpl.java,93,12,4,False,False,no,framework-name
identity-service,KEEP_ENTRY,GroupMirrorRepairWorkflowImpl,execute,backend/identity-service/src/main/java/com/pml/identity/workflow/mirror/GroupMirrorRepairWorkflowImpl.java,27,0,2,False,False,yes,framework-override
identity-service,KEEP_ENTRY,GroupMirrorScheduleRunner,run,backend/identity-service/src/main/java/com/pml/identity/workflow/mirror/GroupMirrorScheduleRunner.java,42,17,60,False,False,no,entry:inherited
identity-service,KEEP_ENTRY,NotificationWorkflow,run,backend/identity-service/src/main/java/com/pml/identity/workflow/notify/NotificationWorkflow.java,25,17,60,False,False,no,entry:WorkflowMethod
identity-service,KEEP_ENTRY,NotificationWorkflow,delivery,backend/identity-service/src/main/java/com/pml/identity/workflow/notify/NotificationWorkflow.java,28,0,1,False,False,no,entry:QueryMethod
identity-service,KEEP_ENTRY,NotificationWorkflowImpl,run,backend/identity-service/src/main/java/com/pml/identity/workflow/notify/NotificationWorkflowImpl.java,34,17,60,False,False,yes,entry:inherited
identity-service,KEEP_ENTRY,NotificationWorkflowImpl,delivery,backend/identity-service/src/main/java/com/pml/identity/workflow/notify/NotificationWorkflowImpl.java,53,0,1,False,False,yes,entry:inherited
identity-service,KEEP_ENTRY,OnboardingActivities,reject,backend/identity-service/src/main/java/com/pml/identity/workflow/onboarding/OnboardingActivities.java,22,4,3,True,False,no,entry:inherited
identity-service,KEEP_ENTRY,OnboardingActivities,requestChanges,backend/identity-service/src/main/java/com/pml/identity/workflow/onboarding/OnboardingActivities.java,24,3,2,True,False,no,entry:inherited
identity-service,KEEP_ENTRY,OnboardingActivitiesImpl,reject,backend/identity-service/src/main/java/com/pml/identity/workflow/onboarding/OnboardingActivitiesImpl.java,59,4,3,True,False,no,entry:inherited
identity-service,KEEP_ENTRY,OnboardingActivitiesImpl,requestChanges,backend/identity-service/src/main/java/com/pml/identity/workflow/onboarding/OnboardingActivitiesImpl.java,65,3,2,True,False,no,entry:inherited
identity-service,KEEP_ENTRY,OnboardingKeycloakActivitiesImpl,organization,backend/identity-service/src/main/java/com/pml/identity/workflow/onboarding/OnboardingKeycloakActivitiesImpl.java,72,7,11,True,True,no,entry:inherited
identity-service,KEEP_ENTRY,OrganizerOnboardingProcess,approve,backend/identity-service/src/main/java/com/pml/identity/workflow/onboarding/OrganizerOnboardingProcess.java,50,3,11,True,False,no,entry:inherited
identity-service,KEEP_ENTRY,OrganizerOnboardingProcess,reject,backend/identity-service/src/main/java/com/pml/identity/workflow/onboarding/OrganizerOnboardingProcess.java,56,4,3,True,False,no,entry:inherited
identity-service,KEEP_ENTRY,OrganizerOnboardingProcess,requestChanges,backend/identity-service/src/main/java/com/pml/identity/workflow/onboarding/OrganizerOnboardingProcess.java,62,3,2,True,False,no,entry:inherited
identity-service,KEEP_ENTRY,OrganizerOnboardingWorkflow,run,backend/identity-service/src/main/java/com/pml/identity/workflow/onboarding/OrganizerOnboardingWorkflow.java,23,17,60,False,False,no,entry:WorkflowMethod
identity-service,KEEP_ENTRY,OrganizerOnboardingWorkflow,resubmit,backend/identity-service/src/main/java/com/pml/identity/workflow/onboarding/OrganizerOnboardingWorkflow.java,27,1,1,False,False,no,entry:UpdateMethod
identity-service,KEEP_ENTRY,OrganizerOnboardingWorkflow,validateResubmit,backend/identity-service/src/main/java/com/pml/identity/workflow/onboarding/OrganizerOnboardingWorkflow.java,30,0,0,False,False,no,entry:UpdateValidatorMethod
identity-service,KEEP_ENTRY,OrganizerOnboardingWorkflow,approve,backend/identity-service/src/main/java/com/pml/identity/workflow/onboarding/OrganizerOnboardingWorkflow.java,34,3,11,True,False,no,entry:UpdateMethod
identity-service,KEEP_ENTRY,OrganizerOnboardingWorkflow,validateApprove,backend/identity-service/src/main/java/com/pml/identity/workflow/onboarding/OrganizerOnboardingWorkflow.java,37,0,0,False,False,no,entry:UpdateValidatorMethod
identity-service,KEEP_ENTRY,OrganizerOnboardingWorkflow,reject,backend/identity-service/src/main/java/com/pml/identity/workflow/onboarding/OrganizerOnboardingWorkflow.java,40,4,3,True,False,no,entry:UpdateMethod
identity-service,KEEP_ENTRY,OrganizerOnboardingWorkflow,validateReject,backend/identity-service/src/main/java/com/pml/identity/workflow/onboarding/OrganizerOnboardingWorkflow.java,43,0,0,False,False,no,entry:UpdateValidatorMethod
identity-service,KEEP_ENTRY,OrganizerOnboardingWorkflow,requestChanges,backend/identity-service/src/main/java/com/pml/identity/workflow/onboarding/OrganizerOnboardingWorkflow.java,46,3,2,True,False,no,entry:UpdateMethod
identity-service,KEEP_ENTRY,OrganizerOnboardingWorkflow,validateRequestChanges,backend/identity-service/src/main/java/com/pml/identity/workflow/onboarding/OrganizerOnboardingWorkflow.java,49,0,0,False,False,no,entry:UpdateValidatorMethod
identity-service,KEEP_ENTRY,OrganizerOnboardingWorkflow,step,backend/identity-service/src/main/java/com/pml/identity/workflow/onboarding/OrganizerOnboardingWorkflow.java,53,3,2,False,False,no,entry:QueryMethod
identity-service,KEEP_ENTRY,OrganizerOnboardingWorkflowImpl,requestChanges,backend/identity-service/src/main/java/com/pml/identity/workflow/onboarding/OrganizerOnboardingWorkflowImpl.java,100,3,2,True,False,yes,entry:inherited
identity-service,KEEP_ENTRY,OrganizerOnboardingWorkflowImpl,validateApprove,backend/identity-service/src/main/java/com/pml/identity/workflow/onboarding/OrganizerOnboardingWorkflowImpl.java,108,0,0,False,False,yes,entry:inherited
identity-service,KEEP_ENTRY,OrganizerOnboardingWorkflowImpl,approve,backend/identity-service/src/main/java/com/pml/identity/workflow/onboarding/OrganizerOnboardingWorkflowImpl.java,119,3,11,True,False,yes,entry:inherited
identity-service,KEEP_ENTRY,OrganizerOnboardingWorkflowImpl,step,backend/identity-service/src/main/java/com/pml/identity/workflow/onboarding/OrganizerOnboardingWorkflowImpl.java,171,3,2,False,False,yes,entry:inherited
identity-service,KEEP_ENTRY,OrganizerOnboardingWorkflowImpl,run,backend/identity-service/src/main/java/com/pml/identity/workflow/onboarding/OrganizerOnboardingWorkflowImpl.java,52,17,60,False,False,yes,entry:inherited
identity-service,KEEP_ENTRY,OrganizerOnboardingWorkflowImpl,validateResubmit,backend/identity-service/src/main/java/com/pml/identity/workflow/onboarding/OrganizerOnboardingWorkflowImpl.java,64,0,0,False,False,yes,entry:inherited
identity-service,KEEP_ENTRY,OrganizerOnboardingWorkflowImpl,resubmit,backend/identity-service/src/main/java/com/pml/identity/workflow/onboarding/OrganizerOnboardingWorkflowImpl.java,72,1,1,False,False,yes,entry:inherited
identity-service,KEEP_ENTRY,OrganizerOnboardingWorkflowImpl,validateReject,backend/identity-service/src/main/java/com/pml/identity/workflow/onboarding/OrganizerOnboardingWorkflowImpl.java,82,0,0,False,False,yes,entry:inherited
identity-service,KEEP_ENTRY,OrganizerOnboardingWorkflowImpl,reject,backend/identity-service/src/main/java/com/pml/identity/workflow/onboarding/OrganizerOnboardingWorkflowImpl.java,87,4,3,True,False,yes,entry:inherited
identity-service,KEEP_ENTRY,OrganizerOnboardingWorkflowImpl,validateRequestChanges,backend/identity-service/src/main/java/com/pml/identity/workflow/onboarding/OrganizerOnboardingWorkflowImpl.java,95,0,0,False,False,yes,entry:inherited
identity-service,KEEP_ENTRY,OwnershipTransferActivities,open,backend/identity-service/src/main/java/com/pml/identity/workflow/ownership/OwnershipTransferActivities.java,16,2,24,False,False,no,entry:inherited
identity-service,KEEP_ENTRY,OwnershipTransferActivities,decline,backend/identity-service/src/main/java/com/pml/identity/workflow/ownership/OwnershipTransferActivities.java,21,5,6,False,False,no,entry:inherited
identity-service,KEEP_ENTRY,OwnershipTransferActivities,cancel,backend/identity-service/src/main/java/com/pml/identity/workflow/ownership/OwnershipTransferActivities.java,23,8,10,True,False,no,entry:inherited
identity-service,KEEP_ENTRY,OwnershipTransferActivitiesImpl,open,backend/identity-service/src/main/java/com/pml/identity/workflow/ownership/OwnershipTransferActivitiesImpl.java,38,2,24,False,False,no,entry:inherited
identity-service,KEEP_ENTRY,OwnershipTransferActivitiesImpl,decline,backend/identity-service/src/main/java/com/pml/identity/workflow/ownership/OwnershipTransferActivitiesImpl.java,49,5,6,False,False,no,entry:inherited
identity-service,KEEP_ENTRY,OwnershipTransferActivitiesImpl,cancel,backend/identity-service/src/main/java/com/pml/identity/workflow/ownership/OwnershipTransferActivitiesImpl.java,54,8,10,True,False,no,entry:inherited
identity-service,KEEP_ENTRY,OwnershipTransferProcess,cancel,backend/identity-service/src/main/java/com/pml/identity/workflow/ownership/OwnershipTransferProcess.java,55,8,10,True,False,no,entry:inherited
identity-service,KEEP_ENTRY,OwnershipTransferProcess,accept,backend/identity-service/src/main/java/com/pml/identity/workflow/ownership/OwnershipTransferProcess.java,67,8,8,False,False,no,entry:inherited
identity-service,KEEP_ENTRY,OwnershipTransferProcess,decline,backend/identity-service/src/main/java/com/pml/identity/workflow/ownership/OwnershipTransferProcess.java,73,5,6,False,False,no,entry:inherited
identity-service,KEEP_ENTRY,OwnershipTransferWorkflow,run,backend/identity-service/src/main/java/com/pml/identity/workflow/ownership/OwnershipTransferWorkflow.java,21,17,60,False,False,no,entry:WorkflowMethod
identity-service,KEEP_ENTRY,OwnershipTransferWorkflow,open,backend/identity-service/src/main/java/com/pml/identity/workflow/ownership/OwnershipTransferWorkflow.java,25,2,24,False,False,no,entry:UpdateMethod
identity-service,KEEP_ENTRY,OwnershipTransferWorkflow,validateOpen,backend/identity-service/src/main/java/com/pml/identity/workflow/ownership/OwnershipTransferWorkflow.java,28,0,0,False,False,no,entry:UpdateValidatorMethod
identity-service,KEEP_ENTRY,OwnershipTransferWorkflow,accept,backend/identity-service/src/main/java/com/pml/identity/workflow/ownership/OwnershipTransferWorkflow.java,32,8,8,False,False,no,entry:UpdateMethod
identity-service,KEEP_ENTRY,OwnershipTransferWorkflow,validateAccept,backend/identity-service/src/main/java/com/pml/identity/workflow/ownership/OwnershipTransferWorkflow.java,35,0,0,False,False,no,entry:UpdateValidatorMethod
identity-service,KEEP_ENTRY,OwnershipTransferWorkflow,decline,backend/identity-service/src/main/java/com/pml/identity/workflow/ownership/OwnershipTransferWorkflow.java,38,5,6,False,False,no,entry:UpdateMethod
identity-service,KEEP_ENTRY,OwnershipTransferWorkflow,validateDecline,backend/identity-service/src/main/java/com/pml/identity/workflow/ownership/OwnershipTransferWorkflow.java,41,0,0,False,False,no,entry:UpdateValidatorMethod
identity-service,KEEP_ENTRY,OwnershipTransferWorkflow,cancel,backend/identity-service/src/main/java/com/pml/identity/workflow/ownership/OwnershipTransferWorkflow.java,44,8,10,True,False,no,entry:UpdateMethod
identity-service,KEEP_ENTRY,OwnershipTransferWorkflow,validateCancel,backend/identity-service/src/main/java/com/pml/identity/workflow/ownership/OwnershipTransferWorkflow.java,47,0,0,False,False,no,entry:UpdateValidatorMethod
identity-service,KEEP_ENTRY,OwnershipTransferWorkflow,current,backend/identity-service/src/main/java/com/pml/identity/workflow/ownership/OwnershipTransferWorkflow.java,50,0,2,True,False,no,entry:QueryMethod
identity-service,KEEP_ENTRY,OwnershipTransferWorkflowImpl,open,backend/identity-service/src/main/java/com/pml/identity/workflow/ownership/OwnershipTransferWorkflowImpl.java,100,2,24,False,False,yes,entry:inherited
identity-service,KEEP_ENTRY,OwnershipTransferWorkflowImpl,validateAccept,backend/identity-service/src/main/java/com/pml/identity/workflow/ownership/OwnershipTransferWorkflowImpl.java,112,0,0,False,False,yes,entry:inherited
identity-service,KEEP_ENTRY,OwnershipTransferWorkflowImpl,accept,backend/identity-service/src/main/java/com/pml/identity/workflow/ownership/OwnershipTransferWorkflowImpl.java,120,8,8,False,False,yes,entry:inherited
identity-service,KEEP_ENTRY,OwnershipTransferWorkflowImpl,validateDecline,backend/identity-service/src/main/java/com/pml/identity/workflow/ownership/OwnershipTransferWorkflowImpl.java,129,0,0,False,False,yes,entry:inherited
identity-service,KEEP_ENTRY,OwnershipTransferWorkflowImpl,decline,backend/identity-service/src/main/java/com/pml/identity/workflow/ownership/OwnershipTransferWorkflowImpl.java,137,5,6,False,False,yes,entry:inherited
identity-service,KEEP_ENTRY,OwnershipTransferWorkflowImpl,validateCancel,backend/identity-service/src/main/java/com/pml/identity/workflow/ownership/OwnershipTransferWorkflowImpl.java,145,0,0,False,False,yes,entry:inherited
identity-service,KEEP_ENTRY,OwnershipTransferWorkflowImpl,cancel,backend/identity-service/src/main/java/com/pml/identity/workflow/ownership/OwnershipTransferWorkflowImpl.java,153,8,10,True,False,yes,entry:inherited
identity-service,KEEP_ENTRY,OwnershipTransferWorkflowImpl,current,backend/identity-service/src/main/java/com/pml/identity/workflow/ownership/OwnershipTransferWorkflowImpl.java,161,0,2,True,False,yes,entry:inherited
identity-service,KEEP_ENTRY,OwnershipTransferWorkflowImpl,resolve,backend/identity-service/src/main/java/com/pml/identity/workflow/ownership/OwnershipTransferWorkflowImpl.java,168,8,104,False,False,yes,framework-name
identity-service,KEEP_ENTRY,OwnershipTransferWorkflowImpl,run,backend/identity-service/src/main/java/com/pml/identity/workflow/ownership/OwnershipTransferWorkflowImpl.java,55,17,60,False,False,yes,entry:inherited
identity-service,KEEP_ENTRY,OwnershipTransferWorkflowImpl,validateOpen,backend/identity-service/src/main/java/com/pml/identity/workflow/ownership/OwnershipTransferWorkflowImpl.java,94,0,0,False,False,yes,entry:inherited
identity-service,KEEP_ENTRY,ReminderActivities,cancel,backend/identity-service/src/main/java/com/pml/identity/workflow/reminder/ReminderActivities.java,19,8,10,True,False,no,entry:inherited
identity-service,KEEP_ENTRY,ReminderActivitiesImpl,cancel,backend/identity-service/src/main/java/com/pml/identity/workflow/reminder/ReminderActivitiesImpl.java,59,8,10,True,False,no,entry:inherited
identity-service,KEEP_ENTRY,ReminderAdoptionRunner,run,backend/identity-service/src/main/java/com/pml/identity/workflow/reminder/ReminderAdoptionRunner.java,41,17,60,False,False,no,entry:inherited
identity-service,KEEP_ENTRY,ReminderProcess,cancel,backend/identity-service/src/main/java/com/pml/identity/workflow/reminder/ReminderProcess.java,63,8,10,True,False,no,entry:inherited
identity-service,KEEP_ENTRY,ReminderWorkflow,run,backend/identity-service/src/main/java/com/pml/identity/workflow/reminder/ReminderWorkflow.java,24,17,60,False,False,no,entry:WorkflowMethod
identity-service,KEEP_ENTRY,ReminderWorkflow,reschedule,backend/identity-service/src/main/java/com/pml/identity/workflow/reminder/ReminderWorkflow.java,28,1,4,False,False,no,entry:UpdateMethod
identity-service,KEEP_ENTRY,ReminderWorkflow,validateReschedule,backend/identity-service/src/main/java/com/pml/identity/workflow/reminder/ReminderWorkflow.java,31,0,0,False,False,no,entry:UpdateValidatorMethod
identity-service,KEEP_ENTRY,ReminderWorkflow,cancel,backend/identity-service/src/main/java/com/pml/identity/workflow/reminder/ReminderWorkflow.java,34,8,10,True,False,no,entry:UpdateMethod
identity-service,KEEP_ENTRY,ReminderWorkflow,validateCancel,backend/identity-service/src/main/java/com/pml/identity/workflow/reminder/ReminderWorkflow.java,37,0,0,False,False,no,entry:UpdateValidatorMethod
identity-service,KEEP_ENTRY,ReminderWorkflow,current,backend/identity-service/src/main/java/com/pml/identity/workflow/reminder/ReminderWorkflow.java,40,0,2,True,False,no,entry:QueryMethod
identity-service,KEEP_ENTRY,ReminderWorkflow,sent,backend/identity-service/src/main/java/com/pml/identity/workflow/reminder/ReminderWorkflow.java,43,0,0,False,False,no,entry:QueryMethod
identity-service,KEEP_ENTRY,ReminderWorkflowImpl,current,backend/identity-service/src/main/java/com/pml/identity/workflow/reminder/ReminderWorkflowImpl.java,109,0,2,True,False,no,entry:inherited
identity-service,KEEP_ENTRY,ReminderWorkflowImpl,sent,backend/identity-service/src/main/java/com/pml/identity/workflow/reminder/ReminderWorkflowImpl.java,114,0,0,False,False,no,entry:inherited
identity-service,KEEP_ENTRY,ReminderWorkflowImpl,run,backend/identity-service/src/main/java/com/pml/identity/workflow/reminder/ReminderWorkflowImpl.java,41,17,60,False,False,yes,entry:inherited
identity-service,KEEP_ENTRY,ReminderWorkflowImpl,validateReschedule,backend/identity-service/src/main/java/com/pml/identity/workflow/reminder/ReminderWorkflowImpl.java,75,0,0,False,False,yes,entry:inherited
identity-service,KEEP_ENTRY,ReminderWorkflowImpl,reschedule,backend/identity-service/src/main/java/com/pml/identity/workflow/reminder/ReminderWorkflowImpl.java,81,1,4,False,False,yes,entry:inherited
identity-service,KEEP_ENTRY,ReminderWorkflowImpl,validateCancel,backend/identity-service/src/main/java/com/pml/identity/workflow/reminder/ReminderWorkflowImpl.java,90,0,0,False,False,yes,entry:inherited
identity-service,KEEP_ENTRY,ReminderWorkflowImpl,cancel,backend/identity-service/src/main/java/com/pml/identity/workflow/reminder/ReminderWorkflowImpl.java,98,8,10,True,False,yes,entry:inherited
identity-service,KEEP_ENTRY,UserBackfillWorkflow,run,backend/identity-service/src/main/java/com/pml/identity/workflow/usersync/UserBackfillWorkflow.java,18,17,60,False,False,no,entry:WorkflowMethod
identity-service,KEEP_ENTRY,UserBackfillWorkflow,progress,backend/identity-service/src/main/java/com/pml/identity/workflow/usersync/UserBackfillWorkflow.java,21,0,4,False,False,no,entry:QueryMethod
identity-service,KEEP_ENTRY,UserBackfillWorkflowImpl,run,backend/identity-service/src/main/java/com/pml/identity/workflow/usersync/UserBackfillWorkflowImpl.java,33,17,60,False,False,yes,entry:inherited
identity-service,KEEP_ENTRY,UserBackfillWorkflowImpl,progress,backend/identity-service/src/main/java/com/pml/identity/workflow/usersync/UserBackfillWorkflowImpl.java,53,0,4,False,False,no,entry:inherited
identity-service,KEEP_ENTRY,UserReconciliationScheduleRunner,run,backend/identity-service/src/main/java/com/pml/identity/workflow/usersync/UserReconciliationScheduleRunner.java,38,17,60,False,False,yes,entry:inherited
identity-service,KEEP_ENTRY,UserSyncProcess,accept,backend/identity-service/src/main/java/com/pml/identity/workflow/usersync/UserSyncProcess.java,30,8,8,False,False,no,entry:inherited
identity-service,KEEP_ENTRY,UserSyncWorkflow,run,backend/identity-service/src/main/java/com/pml/identity/workflow/usersync/UserSyncWorkflow.java,22,17,60,False,False,no,entry:WorkflowMethod
identity-service,KEEP_ENTRY,UserSyncWorkflow,keycloakEvent,backend/identity-service/src/main/java/com/pml/identity/workflow/usersync/UserSyncWorkflow.java,25,1,11,False,False,no,entry:SignalMethod
identity-service,KEEP_ENTRY,UserSyncWorkflow,progress,backend/identity-service/src/main/java/com/pml/identity/workflow/usersync/UserSyncWorkflow.java,28,0,4,False,False,no,entry:QueryMethod
identity-service,KEEP_ENTRY,UserSyncWorkflowImpl,run,backend/identity-service/src/main/java/com/pml/identity/workflow/usersync/UserSyncWorkflowImpl.java,33,17,60,False,False,yes,entry:inherited
identity-service,KEEP_ENTRY,UserSyncWorkflowImpl,apply,backend/identity-service/src/main/java/com/pml/identity/workflow/usersync/UserSyncWorkflowImpl.java,60,12,4,False,False,yes,framework-name
identity-service,KEEP_ENTRY,UserSyncWorkflowImpl,keycloakEvent,backend/identity-service/src/main/java/com/pml/identity/workflow/usersync/UserSyncWorkflowImpl.java,74,1,11,False,False,yes,entry:inherited
identity-service,KEEP_ENTRY,UserSyncWorkflowImpl,progress,backend/identity-service/src/main/java/com/pml/identity/workflow/usersync/UserSyncWorkflowImpl.java,83,0,4,False,False,yes,entry:inherited
identity-service,KEEP_MANUAL,PermissionResolutionService,hasOrganizationPermission,backend/identity-service/src/main/java/com/pml/identity/service/PermissionResolutionService.java,25,2,4,False,False,no,
identity-service,KEEP_MANUAL,PermissionResolutionService,requireOrganizationPermission,backend/identity-service/src/main/java/com/pml/identity/service/PermissionResolutionService.java,28,1,2,False,False,no,
identity-service,KEEP_MANUAL,PermissionResolutionService,hasEventPermission,backend/identity-service/src/main/java/com/pml/identity/service/PermissionResolutionService.java,30,0,4,False,False,no,
identity-service,KEEP_MANUAL,PermissionResolutionService,requireDelegable,backend/identity-service/src/main/java/com/pml/identity/service/PermissionResolutionService.java,37,4,5,False,False,no,
identity-service,KEEP_MANUAL,PermissionResolutionService,getOrganizationRole,backend/identity-service/src/main/java/com/pml/identity/service/PermissionResolutionService.java,39,1,0,False,False,no,
identity-service,KEEP_MANUAL,PermissionResolutionService,getEventRole,backend/identity-service/src/main/java/com/pml/identity/service/PermissionResolutionService.java,41,6,0,False,False,no,
identity-service,KEEP_MANUAL,PermissionResolutionService,getEffectivePermissions,backend/identity-service/src/main/java/com/pml/identity/service/PermissionResolutionService.java,43,1,3,False,False,no,
identity-service,KEEP_MANUAL,PermissionResolutionServiceImpl,getOrganizationRole,backend/identity-service/src/main/java/com/pml/identity/service/impl/PermissionResolutionServiceImpl.java,115,1,0,False,False,yes,
identity-service,KEEP_MANUAL,PermissionResolutionServiceImpl,getEventRole,backend/identity-service/src/main/java/com/pml/identity/service/impl/PermissionResolutionServiceImpl.java,122,6,0,False,False,no,
identity-service,KEEP_MANUAL,PermissionResolutionServiceImpl,getEffectivePermissions,backend/identity-service/src/main/java/com/pml/identity/service/impl/PermissionResolutionServiceImpl.java,127,1,3,False,False,yes,
identity-service,KEEP_MANUAL,PermissionResolutionServiceImpl,platformPermissions,backend/identity-service/src/main/java/com/pml/identity/service/impl/PermissionResolutionServiceImpl.java,153,4,0,False,False,yes,
identity-service,KEEP_MANUAL,PermissionResolutionServiceImpl,memberPermissions,backend/identity-service/src/main/java/com/pml/identity/service/impl/PermissionResolutionServiceImpl.java,164,3,0,False,False,yes,
identity-service,KEEP_MANUAL,PermissionResolutionServiceImpl,activeMember,backend/identity-service/src/main/java/com/pml/identity/service/impl/PermissionResolutionServiceImpl.java,172,2,0,False,False,yes,
identity-service,KEEP_MANUAL,PermissionResolutionServiceImpl,settingsOf,backend/identity-service/src/main/java/com/pml/identity/service/impl/PermissionResolutionServiceImpl.java,178,2,0,False,False,yes,
identity-service,KEEP_MANUAL,PermissionResolutionServiceImpl,activeGrant,backend/identity-service/src/main/java/com/pml/identity/service/impl/PermissionResolutionServiceImpl.java,184,3,0,False,False,yes,
identity-service,KEEP_MANUAL,PermissionResolutionServiceImpl,notPermitted,backend/identity-service/src/main/java/com/pml/identity/service/impl/PermissionResolutionServiceImpl.java,192,1,0,False,False,yes,
identity-service,KEEP_MANUAL,PermissionResolutionServiceImpl,hasOrganizationPermission,backend/identity-service/src/main/java/com/pml/identity/service/impl/PermissionResolutionServiceImpl.java,47,2,4,False,False,yes,
identity-service,KEEP_MANUAL,PermissionResolutionServiceImpl,requireOrganizationPermission,backend/identity-service/src/main/java/com/pml/identity/service/impl/PermissionResolutionServiceImpl.java,57,1,2,False,False,yes,
identity-service,KEEP_MANUAL,PermissionResolutionServiceImpl,hasEventPermission,backend/identity-service/src/main/java/com/pml/identity/service/impl/PermissionResolutionServiceImpl.java,63,0,4,False,False,yes,
identity-service,KEEP_MANUAL,PermissionResolutionServiceImpl,requireDelegable,backend/identity-service/src/main/java/com/pml/identity/service/impl/PermissionResolutionServiceImpl.java,82,4,5,False,False,yes,
identity-service,KEEP_SPEC,KybStatus,canReceivePayouts,backend/identity-service/src/main/java/com/pml/identity/domain/enums/KybStatus.java,61,0,0,False,True,no,
identity-service,KEEP_SPEC,Organization,canReceivePayouts,backend/identity-service/src/main/java/com/pml/identity/domain/model/Organization.java,395,0,0,False,True,no,
identity-service,KEEP_SPEC,User,canProcessPayouts,backend/identity-service/src/main/java/com/pml/identity/domain/model/User.java,358,0,0,False,True,no,
identity-service,KEEP_SPEC,PayoutConfig,canProcessPayouts,backend/identity-service/src/main/java/com/pml/identity/domain/valueobject/PayoutConfig.java,82,0,0,False,True,no,
identity-service,KEEP_SPEC,KeycloakAuthService,revokeToken,backend/identity-service/src/main/java/com/pml/identity/infrastructure/keycloak/KeycloakAuthService.java,163,0,0,True,False,no,
identity-service,LIVE,IdentityIndexInitializer,specifications,backend/identity-service/src/main/java/com/pml/identity/config/IdentityIndexInitializer.java,43,3,6,False,False,yes,
identity-service,LIVE,KeycloakProperties,getTokenUri,backend/identity-service/src/main/java/com/pml/identity/config/KeycloakProperties.java,53,3,0,False,False,no,
identity-service,LIVE,MongoSchemaValidationConfig,getSchemaDefinitions,backend/identity-service/src/main/java/com/pml/identity/config/MongoSchemaValidationConfig.java,64,1,1,False,False,yes,
identity-service,LIVE,OnboardingStep,marker,backend/identity-service/src/main/java/com/pml/identity/domain/enums/OnboardingStep.java,26,7,5,False,False,yes,
identity-service,LIVE,OnboardingStep,description,backend/identity-service/src/main/java/com/pml/identity/domain/enums/OnboardingStep.java,30,16,2,False,True,yes,
identity-service,LIVE,OnboardingStep,ownerMembershipId,backend/identity-service/src/main/java/com/pml/identity/domain/enums/OnboardingStep.java,40,2,5,False,False,yes,
identity-service,LIVE,AuditAction,getCode,backend/identity-service/src/main/java/com/pml/identity/domain/model/AuditLog.java,141,2,0,False,False,no,
identity-service,LIVE,EventAccessGrant,isValid,backend/identity-service/src/main/java/com/pml/identity/domain/model/EventAccessGrant.java,137,15,6,False,False,yes,
identity-service,LIVE,EventAccessGrant,hasPermission,backend/identity-service/src/main/java/com/pml/identity/domain/model/EventAccessGrant.java,159,4,9,False,False,yes,
identity-service,LIVE,Organization,isActive,backend/identity-service/src/main/java/com/pml/identity/domain/model/Organization.java,357,16,8,False,True,no,
identity-service,LIVE,Organization,isInApprovalWorkflow,backend/identity-service/src/main/java/com/pml/identity/domain/model/Organization.java,364,1,0,False,True,no,
identity-service,LIVE,Organization,isApproved,backend/identity-service/src/main/java/com/pml/identity/domain/model/Organization.java,371,2,0,False,True,yes,
identity-service,LIVE,Organization,canCreateDraftEvents,backend/identity-service/src/main/java/com/pml/identity/domain/model/Organization.java,379,2,0,False,True,yes,
identity-service,LIVE,Organization,canPerform,backend/identity-service/src/main/java/com/pml/identity/domain/model/Organization.java,415,1,0,False,False,yes,
identity-service,LIVE,OrganizationMember,isActive,backend/identity-service/src/main/java/com/pml/identity/domain/model/OrganizationMember.java,144,16,8,False,True,yes,
identity-service,LIVE,OrganizationMember,hasPermission,backend/identity-service/src/main/java/com/pml/identity/domain/model/OrganizationMember.java,171,4,9,False,False,yes,
identity-service,LIVE,OrganizationMember,known,backend/identity-service/src/main/java/com/pml/identity/domain/model/OrganizationMember.java,175,2,0,False,False,yes,
identity-service,LIVE,OwnershipTransferRequest,isValid,backend/identity-service/src/main/java/com/pml/identity/domain/model/OwnershipTransferRequest.java,116,15,6,False,False,yes,
identity-service,LIVE,TeamInvitation,isValid,backend/identity-service/src/main/java/com/pml/identity/domain/model/TeamInvitation.java,134,15,6,False,False,yes,
identity-service,LIVE,TeamInvitation,isExpired,backend/identity-service/src/main/java/com/pml/identity/domain/model/TeamInvitation.java,143,1,3,False,False,yes,
identity-service,LIVE,TeamInvitation,addressedTo,backend/identity-service/src/main/java/com/pml/identity/domain/model/TeamInvitation.java,162,1,8,False,False,yes,
identity-service,LIVE,User,hasRole,backend/identity-service/src/main/java/com/pml/identity/domain/model/User.java,265,22,3,False,False,yes,
identity-service,LIVE,User,addRole,backend/identity-service/src/main/java/com/pml/identity/domain/model/User.java,288,3,0,False,False,yes,
identity-service,LIVE,User,removeRole,backend/identity-service/src/main/java/com/pml/identity/domain/model/User.java,312,3,0,False,False,yes,
identity-service,LIVE,User,getHighestPrivilegeRole,backend/identity-service/src/main/java/com/pml/identity/domain/model/User.java,327,1,0,False,False,no,
identity-service,LIVE,User,isPhoneVerified,backend/identity-service/src/main/java/com/pml/identity/domain/model/User.java,367,5,0,False,False,no,
identity-service,LIVE,User,isEmailVerified,backend/identity-service/src/main/java/com/pml/identity/domain/model/User.java,376,9,0,False,False,no,
identity-service,LIVE,User,isActive,backend/identity-service/src/main/java/com/pml/identity/domain/model/User.java,385,16,8,False,True,yes,
identity-service,LIVE,VerificationDocument,isApproved,backend/identity-service/src/main/java/com/pml/identity/domain/model/VerificationDocument.java,109,2,0,False,True,no,
identity-service,LIVE,EventRole,grants,backend/identity-service/src/main/java/com/pml/identity/domain/valueobject/EventRole.java,56,1,11,False,True,yes,
identity-service,LIVE,OrganizationGroups,of,backend/identity-service/src/main/java/com/pml/identity/domain/valueobject/OrganizationGroups.java,26,194,419,False,False,yes,
identity-service,LIVE,OrganizationRole,switchedOn,backend/identity-service/src/main/java/com/pml/identity/domain/valueobject/OrganizationRole.java,104,1,0,False,False,yes,
identity-service,LIVE,Closure,build,backend/identity-service/src/main/java/com/pml/identity/domain/valueobject/OrganizationRole.java,118,216,88,False,False,yes,
identity-service,LIVE,OrganizationRole,grants,backend/identity-service/src/main/java/com/pml/identity/domain/valueobject/OrganizationRole.java,94,1,11,False,True,yes,
identity-service,LIVE,PayoutConfig,isConfigured,backend/identity-service/src/main/java/com/pml/identity/domain/valueobject/PayoutConfig.java,70,3,0,False,True,no,
identity-service,LIVE,IdentityRefusalTranslator,translate,backend/identity-service/src/main/java/com/pml/identity/error/IdentityRefusalTranslator.java,31,4,5,False,False,yes,
identity-service,LIVE,MissingRequiredDocumentsException,getBusinessType,backend/identity-service/src/main/java/com/pml/identity/exception/MissingRequiredDocumentsException.java,40,4,0,False,False,no,
identity-service,LIVE,UserNotFoundException,getUserId,backend/identity-service/src/main/java/com/pml/identity/exception/UserNotFoundException.java,20,41,4,False,False,no,
identity-service,LIVE,WorkflowIds,organizerOnboarding,backend/identity-service/src/main/java/com/pml/identity/infrastructure/temporal/WorkflowIds.java,14,1,5,False,False,yes,
identity-service,LIVE,WorkflowIds,userSync,backend/identity-service/src/main/java/com/pml/identity/infrastructure/temporal/WorkflowIds.java,22,1,5,False,False,yes,
identity-service,LIVE,WorkflowIds,userBackfill,backend/identity-service/src/main/java/com/pml/identity/infrastructure/temporal/WorkflowIds.java,30,2,5,False,False,yes,
identity-service,LIVE,WorkflowIds,reminder,backend/identity-service/src/main/java/com/pml/identity/infrastructure/temporal/WorkflowIds.java,34,3,5,False,False,yes,
identity-service,LIVE,WorkflowIds,notification,backend/identity-service/src/main/java/com/pml/identity/infrastructure/temporal/WorkflowIds.java,38,1,4,False,False,yes,
identity-service,LIVE,WorkflowIds,groupMirrorRepair,backend/identity-service/src/main/java/com/pml/identity/infrastructure/temporal/WorkflowIds.java,46,1,3,False,False,yes,
identity-service,LIVE,WorkflowIds,require,backend/identity-service/src/main/java/com/pml/identity/infrastructure/temporal/WorkflowIds.java,50,9,14,False,False,yes,
identity-service,LIVE,IdentityMigrationRunner,isEnabled,backend/identity-service/src/main/java/com/pml/identity/migration/IdentityMigrationRunner.java,70,5,0,False,False,no,
identity-service,LIVE,IdentityMigrationRunner,isFailFast,backend/identity-service/src/main/java/com/pml/identity/migration/IdentityMigrationRunner.java,75,2,0,False,False,no,
identity-service,LIVE,PermissionModelMigrationService,dropRetired,backend/identity-service/src/main/java/com/pml/identity/migration/PermissionModelMigrationService.java,111,1,0,False,False,yes,
identity-service,LIVE,PermissionModelMigrationService,switchOnForExistingOrganizations,backend/identity-service/src/main/java/com/pml/identity/migration/PermissionModelMigrationService.java,118,1,0,False,False,yes,
identity-service,LIVE,PermissionModelMigrationService,rewrite,backend/identity-service/src/main/java/com/pml/identity/migration/PermissionModelMigrationService.java,148,2,0,False,False,yes,
identity-service,LIVE,PermissionModelMigrationService,migrate,backend/identity-service/src/main/java/com/pml/identity/migration/PermissionModelMigrationService.java,86,7,14,False,False,yes,
identity-service,LIVE,PermissionModelMigrationService,translate,backend/identity-service/src/main/java/com/pml/identity/migration/PermissionModelMigrationService.java,99,4,5,False,False,yes,
identity-service,LIVE,PlatformConfigurationRepository,getConfiguration,backend/identity-service/src/main/java/com/pml/identity/repository/PlatformConfigurationRepository.java,19,1,0,False,False,no,
identity-service,LIVE,UserRepository,findByRole,backend/identity-service/src/main/java/com/pml/identity/repository/UserRepository.java,41,5,2,False,False,yes,
identity-service,LIVE,UserRepository,findByRole,backend/identity-service/src/main/java/com/pml/identity/repository/UserRepository.java,49,5,2,False,False,yes,
identity-service,LIVE,IdentityTenantReads,grantForCaller,backend/identity-service/src/main/java/com/pml/identity/security/IdentityTenantReads.java,45,4,4,False,False,yes,
identity-service,LIVE,IdentityTenantReads,grantsForEvent,backend/identity-service/src/main/java/com/pml/identity/security/IdentityTenantReads.java,57,1,3,False,False,yes,
identity-service,LIVE,IdentityTenantReads,userGrantForCaller,backend/identity-service/src/main/java/com/pml/identity/security/IdentityTenantReads.java,67,1,4,False,False,yes,
identity-service,LIVE,IdentityTenantReads,memberForCaller,backend/identity-service/src/main/java/com/pml/identity/security/IdentityTenantReads.java,75,4,4,False,False,yes,
identity-service,LIVE,IdentityTenantReads,invitationForCaller,backend/identity-service/src/main/java/com/pml/identity/security/IdentityTenantReads.java,84,2,3,False,False,yes,
identity-service,LIVE,IdentityTenantReads,documentForCaller,backend/identity-service/src/main/java/com/pml/identity/security/IdentityTenantReads.java,93,4,3,False,False,yes,
identity-service,LIVE,ApprovalNotifier,notify,backend/identity-service/src/main/java/com/pml/identity/service/ApprovalNotifier.java,43,1,5,False,False,yes,
identity-service,LIVE,ApprovalNotifier,organizer,backend/identity-service/src/main/java/com/pml/identity/service/ApprovalNotifier.java,65,1,0,False,False,yes,
identity-service,LIVE,OrganizationApprovalService,revertToPendingReview,backend/identity-service/src/main/java/com/pml/identity/service/OrganizationApprovalService.java,110,2,3,False,False,yes,
identity-service,LIVE,OrganizationApprovalService,ensureOwnerMembership,backend/identity-service/src/main/java/com/pml/identity/service/OrganizationApprovalService.java,132,2,4,False,False,yes,
identity-service,LIVE,OrganizationApprovalService,removeOwnerMembership,backend/identity-service/src/main/java/com/pml/identity/service/OrganizationApprovalService.java,161,2,3,False,False,yes,
identity-service,LIVE,OrganizationApprovalService,promoteOwner,backend/identity-service/src/main/java/com/pml/identity/service/OrganizationApprovalService.java,167,2,5,False,False,yes,
identity-service,LIVE,OrganizationApprovalService,restoreOwnerUserType,backend/identity-service/src/main/java/com/pml/identity/service/OrganizationApprovalService.java,185,2,3,False,False,yes,
identity-service,LIVE,OrganizationApprovalService,markStep,backend/identity-service/src/main/java/com/pml/identity/service/OrganizationApprovalService.java,202,3,2,False,False,yes,
identity-service,LIVE,OrganizationApprovalService,markApproved,backend/identity-service/src/main/java/com/pml/identity/service/OrganizationApprovalService.java,208,2,4,False,False,yes,
identity-service,LIVE,OrganizationApprovalService,existing,backend/identity-service/src/main/java/com/pml/identity/service/OrganizationApprovalService.java,230,13,0,False,False,yes,
identity-service,LIVE,OrganizationApprovalService,owner,backend/identity-service/src/main/java/com/pml/identity/service/OrganizationApprovalService.java,236,2,6,False,True,yes,
identity-service,LIVE,OrganizationApprovalService,reached,backend/identity-service/src/main/java/com/pml/identity/service/OrganizationApprovalService.java,242,2,7,False,False,yes,
identity-service,LIVE,OrganizationApprovalService,stateInvalid,backend/identity-service/src/main/java/com/pml/identity/service/OrganizationApprovalService.java,250,3,0,False,False,yes,
identity-service,LIVE,OrganizationApprovalService,decide,backend/identity-service/src/main/java/com/pml/identity/service/OrganizationApprovalService.java,58,3,3,False,False,yes,
identity-service,LIVE,OrganizationApprovalService,activate,backend/identity-service/src/main/java/com/pml/identity/service/OrganizationApprovalService.java,80,2,7,False,False,yes,
identity-service,LIVE,OtpService,setCooldown,backend/identity-service/src/main/java/com/pml/identity/service/OtpService.java,127,3,0,False,False,no,
identity-service,LIVE,PendingApprovalStatsService,getPendingCounts,backend/identity-service/src/main/java/com/pml/identity/service/PendingApprovalStatsService.java,42,1,0,False,False,no,
identity-service,LIVE,PendingApprovalStatsService,getPendingOrganizerApplicationsCount,backend/identity-service/src/main/java/com/pml/identity/service/PendingApprovalStatsService.java,55,1,0,False,False,no,
identity-service,LIVE,PendingApprovalStatsService,getPendingDocumentVerificationsCount,backend/identity-service/src/main/java/com/pml/identity/service/PendingApprovalStatsService.java,70,1,0,False,False,no,
identity-service,LIVE,UserStatsService,getUserTypeCountsAggregation,backend/identity-service/src/main/java/com/pml/identity/service/UserStatsService.java,112,1,0,False,False,no,
identity-service,LIVE,UserStatsService,getUserStatusCountsAggregation,backend/identity-service/src/main/java/com/pml/identity/service/UserStatsService.java,148,1,0,False,False,no,
identity-service,LIVE,UserStatsService,getVerifiedUsersCount,backend/identity-service/src/main/java/com/pml/identity/service/UserStatsService.java,183,1,0,False,False,no,
identity-service,LIVE,UserStatsService,getActiveUsersCount,backend/identity-service/src/main/java/com/pml/identity/service/UserStatsService.java,199,1,0,False,False,no,
identity-service,LIVE,UserStatsService,getNewUsersThisMonthCount,backend/identity-service/src/main/java/com/pml/identity/service/UserStatsService.java,214,1,0,False,False,no,
identity-service,LIVE,UserStatsService,getNewUsersThisWeekCount,backend/identity-service/src/main/java/com/pml/identity/service/UserStatsService.java,233,1,0,False,False,no,
identity-service,LIVE,UserStatsService,getLastMonthUsersCount,backend/identity-service/src/main/java/com/pml/identity/service/UserStatsService.java,252,1,0,False,False,no,
identity-service,LIVE,UserStatsService,getUserStats,backend/identity-service/src/main/java/com/pml/identity/service/UserStatsService.java,47,1,0,False,False,no,
identity-service,LIVE,AuthorizationServiceImpl,checkEventPermission,backend/identity-service/src/main/java/com/pml/identity/service/impl/AuthorizationServiceImpl.java,74,3,6,False,False,yes,
identity-service,LIVE,AuthorizationServiceImpl,decide,backend/identity-service/src/main/java/com/pml/identity/service/impl/AuthorizationServiceImpl.java,92,3,3,False,False,yes,
identity-service,LIVE,EventReminderServiceImpl,findById,backend/identity-service/src/main/java/com/pml/identity/service/impl/EventReminderServiceImpl.java,41,114,46,False,False,yes,
identity-service,LIVE,EventReminderServiceImpl,findByUserIdAndTicketId,backend/identity-service/src/main/java/com/pml/identity/service/impl/EventReminderServiceImpl.java,46,2,2,False,False,yes,
identity-service,LIVE,EventReminderServiceImpl,schedule,backend/identity-service/src/main/java/com/pml/identity/service/impl/EventReminderServiceImpl.java,51,6,21,False,True,yes,
identity-service,LIVE,EventReminderServiceImpl,markSent,backend/identity-service/src/main/java/com/pml/identity/service/impl/EventReminderServiceImpl.java,87,2,4,False,False,yes,
identity-service,LIVE,OwnershipTransferServiceImpl,initiate,backend/identity-service/src/main/java/com/pml/identity/service/impl/OwnershipTransferServiceImpl.java,102,2,8,False,False,yes,
identity-service,LIVE,OwnershipTransferServiceImpl,complete,backend/identity-service/src/main/java/com/pml/identity/service/impl/OwnershipTransferServiceImpl.java,170,3,7,False,False,yes,
identity-service,LIVE,OwnershipTransferServiceImpl,expire,backend/identity-service/src/main/java/com/pml/identity/service/impl/OwnershipTransferServiceImpl.java,198,4,2,False,False,yes,
identity-service,LIVE,OwnershipTransferServiceImpl,markMirrorPending,backend/identity-service/src/main/java/com/pml/identity/service/impl/OwnershipTransferServiceImpl.java,207,5,2,False,False,yes,
identity-service,LIVE,OwnershipTransferServiceImpl,generateToken,backend/identity-service/src/main/java/com/pml/identity/service/impl/OwnershipTransferServiceImpl.java,221,3,0,False,False,yes,
identity-service,LIVE,OwnershipTransferServiceImpl,existing,backend/identity-service/src/main/java/com/pml/identity/service/impl/OwnershipTransferServiceImpl.java,225,13,0,False,False,yes,
identity-service,LIVE,OwnershipTransferServiceImpl,eligible,backend/identity-service/src/main/java/com/pml/identity/service/impl/OwnershipTransferServiceImpl.java,231,2,5,False,False,yes,
identity-service,LIVE,OwnershipTransferServiceImpl,ineligible,backend/identity-service/src/main/java/com/pml/identity/service/impl/OwnershipTransferServiceImpl.java,235,2,0,False,False,yes,
identity-service,LIVE,OwnershipTransferServiceImpl,claimPending,backend/identity-service/src/main/java/com/pml/identity/service/impl/OwnershipTransferServiceImpl.java,277,2,0,False,False,yes,
identity-service,LIVE,OwnershipTransferServiceImpl,executeTransfer,backend/identity-service/src/main/java/com/pml/identity/service/impl/OwnershipTransferServiceImpl.java,292,1,0,False,False,yes,
identity-service,LIVE,OwnershipTransferServiceImpl,findById,backend/identity-service/src/main/java/com/pml/identity/service/impl/OwnershipTransferServiceImpl.java,68,114,46,False,False,yes,
identity-service,LIVE,OwnershipTransferServiceImpl,hasPendingTransfer,backend/identity-service/src/main/java/com/pml/identity/service/impl/OwnershipTransferServiceImpl.java,93,2,0,False,False,yes,
identity-service,LIVE,ValidationResult,isValid,backend/identity-service/src/main/java/com/pml/identity/validation/FileUploadValidator.java,377,15,6,False,False,no,
identity-service,LIVE,ValidationResult,getErrorMessage,backend/identity-service/src/main/java/com/pml/identity/validation/FileUploadValidator.java,381,3,0,False,False,no,
identity-service,LIVE,CursorPaginationInput,getLimit,backend/identity-service/src/main/java/com/pml/identity/web/graphql/dto/pagination/CursorPaginationInput.java,37,7,0,False,False,no,
identity-service,LIVE,OffsetPaginationInput,getOffset,backend/identity-service/src/main/java/com/pml/identity/web/graphql/dto/pagination/OffsetPaginationInput.java,39,8,0,False,False,no,
identity-service,LIVE,OffsetPaginationInput,getLimit,backend/identity-service/src/main/java/com/pml/identity/web/graphql/dto/pagination/OffsetPaginationInput.java,46,7,0,False,False,no,
identity-service,LIVE,OrganizationMutationResolver,applied,backend/identity-service/src/main/java/com/pml/identity/web/graphql/mutation/OrganizationMutationResolver.java,239,1,6,False,False,yes,
identity-service,LIVE,OrganizationPrivateFields,visibleTo,backend/identity-service/src/main/java/com/pml/identity/web/graphql/resolver/OrganizationPrivateFields.java,78,1,10,False,False,yes,
identity-service,LIVE,KeycloakUserDataDto,isRegistrationEvent,backend/identity-service/src/main/java/com/pml/identity/web/rest/dto/KeycloakUserDataDto.java,104,1,0,False,False,no,
identity-service,LIVE,GroupMirrorSchedule,schedule,backend/identity-service/src/main/java/com/pml/identity/workflow/mirror/GroupMirrorSchedule.java,41,6,21,False,True,yes,
identity-service,LIVE,GroupMirrorSchedule,repairOptions,backend/identity-service/src/main/java/com/pml/identity/workflow/mirror/GroupMirrorSchedule.java,61,1,0,False,False,yes,
identity-service,LIVE,NotificationActivitiesImpl,markDelivered,backend/identity-service/src/main/java/com/pml/identity/workflow/notify/NotificationActivitiesImpl.java,103,1,2,False,False,yes,
identity-service,LIVE,NotificationActivitiesImpl,markFailed,backend/identity-service/src/main/java/com/pml/identity/workflow/notify/NotificationActivitiesImpl.java,114,1,2,False,False,yes,
identity-service,LIVE,NotificationActivitiesImpl,destination,backend/identity-service/src/main/java/com/pml/identity/workflow/notify/NotificationActivitiesImpl.java,122,1,0,False,False,yes,
identity-service,LIVE,NotificationActivitiesImpl,phoneOf,backend/identity-service/src/main/java/com/pml/identity/workflow/notify/NotificationActivitiesImpl.java,138,2,0,False,False,yes,
identity-service,LIVE,NotificationActivitiesImpl,await,backend/identity-service/src/main/java/com/pml/identity/workflow/notify/NotificationActivitiesImpl.java,142,41,2,False,False,yes,
identity-service,LIVE,NotificationActivitiesImpl,record,backend/identity-service/src/main/java/com/pml/identity/workflow/notify/NotificationActivitiesImpl.java,54,2,10,False,False,yes,
identity-service,LIVE,NotificationActivitiesImpl,insert,backend/identity-service/src/main/java/com/pml/identity/workflow/notify/NotificationActivitiesImpl.java,61,4,45,False,False,yes,
identity-service,LIVE,NotificationActivitiesImpl,send,backend/identity-service/src/main/java/com/pml/identity/workflow/notify/NotificationActivitiesImpl.java,87,3,20,False,False,yes,
identity-service,LIVE,OnboardingRules,patientOptions,backend/identity-service/src/main/java/com/pml/identity/workflow/onboarding/OnboardingRules.java,114,4,1,False,False,yes,
identity-service,LIVE,OnboardingRules,awaitingPerson,backend/identity-service/src/main/java/com/pml/identity/workflow/onboarding/OnboardingRules.java,39,1,3,False,False,yes,
identity-service,LIVE,OnboardingRules,approvalRefusal,backend/identity-service/src/main/java/com/pml/identity/workflow/onboarding/OnboardingRules.java,44,3,4,False,False,yes,
identity-service,LIVE,OnboardingRules,decisionRefusal,backend/identity-service/src/main/java/com/pml/identity/workflow/onboarding/OnboardingRules.java,59,3,4,False,False,yes,
identity-service,LIVE,OnboardingRules,submissionRefusal,backend/identity-service/src/main/java/com/pml/identity/workflow/onboarding/OnboardingRules.java,67,2,1,False,False,yes,
identity-service,LIVE,OnboardingRules,compensationReason,backend/identity-service/src/main/java/com/pml/identity/workflow/onboarding/OnboardingRules.java,79,1,2,False,False,yes,
identity-service,LIVE,OnboardingRules,recordOptions,backend/identity-service/src/main/java/com/pml/identity/workflow/onboarding/OnboardingRules.java,85,4,1,False,False,yes,
identity-service,LIVE,OnboardingRules,keycloakOptions,backend/identity-service/src/main/java/com/pml/identity/workflow/onboarding/OnboardingRules.java,98,1,1,False,False,yes,
identity-service,LIVE,OrganizerOnboardingWorkflowImpl,approveInSixSteps,backend/identity-service/src/main/java/com/pml/identity/workflow/onboarding/OrganizerOnboardingWorkflowImpl.java,130,1,0,False,False,yes,
identity-service,LIVE,OrganizerOnboardingWorkflowImpl,validateDecision,backend/identity-service/src/main/java/com/pml/identity/workflow/onboarding/OrganizerOnboardingWorkflowImpl.java,177,2,0,False,False,yes,
identity-service,LIVE,OrganizerOnboardingWorkflowImpl,begin,backend/identity-service/src/main/java/com/pml/identity/workflow/onboarding/OrganizerOnboardingWorkflowImpl.java,187,10,0,False,False,yes,
identity-service,LIVE,OrganizerOnboardingWorkflowImpl,requireOrganization,backend/identity-service/src/main/java/com/pml/identity/workflow/onboarding/OrganizerOnboardingWorkflowImpl.java,196,4,0,False,False,yes,
identity-service,LIVE,OrganizerOnboardingWorkflowImpl,ensureLoaded,backend/identity-service/src/main/java/com/pml/identity/workflow/onboarding/OrganizerOnboardingWorkflowImpl.java,205,6,0,False,False,yes,
identity-service,LIVE,OrganizerOnboardingWorkflowImpl,command,backend/identity-service/src/main/java/com/pml/identity/workflow/onboarding/OrganizerOnboardingWorkflowImpl.java,221,15,0,False,False,yes,
identity-service,LIVE,OrganizerOnboardingWorkflowImpl,refuseIf,backend/identity-service/src/main/java/com/pml/identity/workflow/onboarding/OrganizerOnboardingWorkflowImpl.java,229,19,0,False,False,yes,
identity-service,LIVE,OwnershipTransferRules,mirrorOptions,backend/identity-service/src/main/java/com/pml/identity/workflow/ownership/OwnershipTransferRules.java,106,1,1,False,False,yes,
identity-service,LIVE,OwnershipTransferRules,patientOptions,backend/identity-service/src/main/java/com/pml/identity/workflow/ownership/OwnershipTransferRules.java,119,4,1,False,False,yes,
identity-service,LIVE,OwnershipTransferRules,expired,backend/identity-service/src/main/java/com/pml/identity/workflow/ownership/OwnershipTransferRules.java,35,2,4,False,False,yes,
identity-service,LIVE,OwnershipTransferRules,remaining,backend/identity-service/src/main/java/com/pml/identity/workflow/ownership/OwnershipTransferRules.java,39,1,2,False,False,yes,
identity-service,LIVE,OwnershipTransferRules,nominationRefusal,backend/identity-service/src/main/java/com/pml/identity/workflow/ownership/OwnershipTransferRules.java,43,2,3,False,False,yes,
identity-service,LIVE,OwnershipTransferRules,acceptRefusal,backend/identity-service/src/main/java/com/pml/identity/workflow/ownership/OwnershipTransferRules.java,56,2,5,False,False,yes,
identity-service,LIVE,OwnershipTransferRules,declineRefusal,backend/identity-service/src/main/java/com/pml/identity/workflow/ownership/OwnershipTransferRules.java,67,2,2,False,False,yes,
identity-service,LIVE,OwnershipTransferRules,cancelRefusal,backend/identity-service/src/main/java/com/pml/identity/workflow/ownership/OwnershipTransferRules.java,72,4,5,False,False,yes,
identity-service,LIVE,OwnershipTransferRules,partyRefusal,backend/identity-service/src/main/java/com/pml/identity/workflow/ownership/OwnershipTransferRules.java,76,3,0,False,False,yes,
identity-service,LIVE,OwnershipTransferRules,blank,backend/identity-service/src/main/java/com/pml/identity/workflow/ownership/OwnershipTransferRules.java,89,7,0,False,False,yes,
identity-service,LIVE,OwnershipTransferRules,recordOptions,backend/identity-service/src/main/java/com/pml/identity/workflow/ownership/OwnershipTransferRules.java,93,4,1,False,False,yes,
identity-service,LIVE,OwnershipTransferWorkflowImpl,requestQuietly,backend/identity-service/src/main/java/com/pml/identity/workflow/ownership/OwnershipTransferWorkflowImpl.java,177,3,0,False,False,yes,
identity-service,LIVE,OwnershipTransferWorkflowImpl,begin,backend/identity-service/src/main/java/com/pml/identity/workflow/ownership/OwnershipTransferWorkflowImpl.java,186,10,0,False,False,yes,
identity-service,LIVE,OwnershipTransferWorkflowImpl,requireTransfer,backend/identity-service/src/main/java/com/pml/identity/workflow/ownership/OwnershipTransferWorkflowImpl.java,195,5,0,False,False,yes,
identity-service,LIVE,OwnershipTransferWorkflowImpl,ensureLoaded,backend/identity-service/src/main/java/com/pml/identity/workflow/ownership/OwnershipTransferWorkflowImpl.java,204,6,0,False,False,yes,
identity-service,LIVE,OwnershipTransferWorkflowImpl,command,backend/identity-service/src/main/java/com/pml/identity/workflow/ownership/OwnershipTransferWorkflowImpl.java,220,15,0,False,False,yes,
identity-service,LIVE,OwnershipTransferWorkflowImpl,refuseIf,backend/identity-service/src/main/java/com/pml/identity/workflow/ownership/OwnershipTransferWorkflowImpl.java,228,19,0,False,False,yes,
identity-service,LIVE,OwnershipTransferWorkflowImpl,mirrorGroups,backend/identity-service/src/main/java/com/pml/identity/workflow/ownership/OwnershipTransferWorkflowImpl.java,83,1,0,False,False,yes,
identity-service,LIVE,ReminderActivitiesImpl,load,backend/identity-service/src/main/java/com/pml/identity/workflow/reminder/ReminderActivitiesImpl.java,42,6,7,False,False,yes,
identity-service,LIVE,ReminderActivitiesImpl,save,backend/identity-service/src/main/java/com/pml/identity/workflow/reminder/ReminderActivitiesImpl.java,49,83,57,False,False,yes,
identity-service,LIVE,ReminderActivitiesImpl,viewOf,backend/identity-service/src/main/java/com/pml/identity/workflow/reminder/ReminderActivitiesImpl.java,79,6,0,False,False,yes,
identity-service,LIVE,ReminderActivitiesImpl,view,backend/identity-service/src/main/java/com/pml/identity/workflow/reminder/ReminderActivitiesImpl.java,86,13,18,False,False,yes,
identity-service,LIVE,ReminderActivitiesImpl,await,backend/identity-service/src/main/java/com/pml/identity/workflow/reminder/ReminderActivitiesImpl.java,90,41,2,False,False,yes,
identity-service,LIVE,ReminderProcess,set,backend/identity-service/src/main/java/com/pml/identity/workflow/reminder/ReminderProcess.java,50,34,28,False,False,yes,
identity-service,LIVE,ReminderProcess,command,backend/identity-service/src/main/java/com/pml/identity/workflow/reminder/ReminderProcess.java,70,15,0,False,False,yes,
identity-service,LIVE,ReminderProcess,completed,backend/identity-service/src/main/java/com/pml/identity/workflow/reminder/ReminderProcess.java,78,10,0,False,False,yes,
identity-service,LIVE,Offset,beforeStart,backend/identity-service/src/main/java/com/pml/identity/workflow/reminder/ReminderRules.java,34,2,0,False,False,yes,
identity-service,LIVE,Offset,templateKey,backend/identity-service/src/main/java/com/pml/identity/workflow/reminder/ReminderRules.java,38,5,5,False,False,yes,
identity-service,LIVE,ReminderWorkflowImpl,begin,backend/identity-service/src/main/java/com/pml/identity/workflow/reminder/ReminderWorkflowImpl.java,118,10,0,False,False,yes,
identity-service,LIVE,ReminderWorkflowImpl,requireReminder,backend/identity-service/src/main/java/com/pml/identity/workflow/reminder/ReminderWorkflowImpl.java,126,3,0,False,False,yes,
identity-service,LIVE,ReminderWorkflowImpl,ensureLoaded,backend/identity-service/src/main/java/com/pml/identity/workflow/reminder/ReminderWorkflowImpl.java,135,6,0,False,False,yes,
identity-service,LIVE,ReminderWorkflowImpl,command,backend/identity-service/src/main/java/com/pml/identity/workflow/reminder/ReminderWorkflowImpl.java,151,15,0,False,False,yes,
identity-service,LIVE,ReminderWorkflowImpl,refuseIf,backend/identity-service/src/main/java/com/pml/identity/workflow/reminder/ReminderWorkflowImpl.java,159,19,0,False,False,yes,
identity-service,LIVE,UserBackfillRules,eventId,backend/identity-service/src/main/java/com/pml/identity/workflow/usersync/UserBackfillRules.java,24,21,23,False,True,yes,
identity-service,LIVE,UserBackfillRules,lastPage,backend/identity-service/src/main/java/com/pml/identity/workflow/usersync/UserBackfillRules.java,29,1,2,False,False,yes,
identity-service,LIVE,UserBackfillRules,pageOptions,backend/identity-service/src/main/java/com/pml/identity/workflow/usersync/UserBackfillRules.java,34,1,0,False,False,yes,
identity-service,LIVE,UserBackfillRules,enqueueOptions,backend/identity-service/src/main/java/com/pml/identity/workflow/usersync/UserBackfillRules.java,46,1,0,False,False,yes,
identity-service,LIVE,UserReconciliationSchedule,schedule,backend/identity-service/src/main/java/com/pml/identity/workflow/usersync/UserReconciliationSchedule.java,36,6,21,False,True,yes,
identity-service,LIVE,UserReconciliationScheduleRunner,ensure,backend/identity-service/src/main/java/com/pml/identity/workflow/usersync/UserReconciliationScheduleRunner.java,50,3,2,False,False,yes,
identity-service,LIVE,UserSyncRules,remember,backend/identity-service/src/main/java/com/pml/identity/workflow/usersync/UserSyncRules.java,43,2,5,False,False,yes,
identity-service,LIVE,UserSyncRules,shouldContinueAsNew,backend/identity-service/src/main/java/com/pml/identity/workflow/usersync/UserSyncRules.java,58,1,4,False,False,yes,
identity-service,LIVE,UserSyncRules,eventId,backend/identity-service/src/main/java/com/pml/identity/workflow/usersync/UserSyncRules.java,67,21,23,False,True,yes,
identity-service,LIVE,UserSyncRules,kindOf,backend/identity-service/src/main/java/com/pml/identity/workflow/usersync/UserSyncRules.java,76,2,6,False,False,yes,
identity-service,LIVE,UserSyncRules,registration,backend/identity-service/src/main/java/com/pml/identity/workflow/usersync/UserSyncRules.java,90,1,4,False,False,yes,
identity-service,LIVE,UserSyncRules,syncOptions,backend/identity-service/src/main/java/com/pml/identity/workflow/usersync/UserSyncRules.java,95,1,0,False,False,yes,
identity-service,TEST_ONLY,OrganizationRole,parents,backend/identity-service/src/main/java/com/pml/identity/domain/valueobject/OrganizationRole.java,74,0,3,False,False,yes,
identity-service,TEST_ONLY,OrganizationRole,includes,backend/identity-service/src/main/java/com/pml/identity/domain/valueobject/OrganizationRole.java,99,0,7,False,False,yes,
keycloak-extensions,KEEP_ACCESSOR,OtpServiceClient,setClock,backend/keycloak-extensions/src/main/java/com/pml/keycloak/authenticator/OtpServiceClient.java,43,0,0,False,False,,
keycloak-extensions,KEEP_ACCESSOR,KeycloakEventData,setOperationType,backend/keycloak-extensions/src/main/java/com/pml/keycloak/client/IdentityServiceClient.java,344,0,0,False,False,,
keycloak-extensions,KEEP_ACCESSOR,KeycloakEventData,setResourceType,backend/keycloak-extensions/src/main/java/com/pml/keycloak/client/IdentityServiceClient.java,352,0,0,False,False,,
keycloak-extensions,KEEP_ACCESSOR,KeycloakEventData,setResourcePath,backend/keycloak-extensions/src/main/java/com/pml/keycloak/client/IdentityServiceClient.java,360,0,0,False,False,,
keycloak-extensions,KEEP_ACCESSOR,KeycloakEventData,getTimestamp,backend/keycloak-extensions/src/main/java/com/pml/keycloak/client/IdentityServiceClient.java,364,0,0,False,False,,
keycloak-extensions,KEEP_ACCESSOR,KeycloakEventData,setRealmId,backend/keycloak-extensions/src/main/java/com/pml/keycloak/client/IdentityServiceClient.java,376,0,0,False,False,,
keycloak-extensions,KEEP_ACCESSOR,KeycloakEventData,getClientId,backend/keycloak-extensions/src/main/java/com/pml/keycloak/client/IdentityServiceClient.java,380,0,0,False,False,,
keycloak-extensions,KEEP_ACCESSOR,KeycloakEventData,setClientId,backend/keycloak-extensions/src/main/java/com/pml/keycloak/client/IdentityServiceClient.java,384,0,0,False,False,,
keycloak-extensions,KEEP_ACCESSOR,KeycloakEventData,getIpAddress,backend/keycloak-extensions/src/main/java/com/pml/keycloak/client/IdentityServiceClient.java,388,0,0,False,False,,
keycloak-extensions,KEEP_ACCESSOR,KeycloakEventData,setIpAddress,backend/keycloak-extensions/src/main/java/com/pml/keycloak/client/IdentityServiceClient.java,392,0,0,False,False,,
keycloak-extensions,KEEP_ACCESSOR,KeycloakUserData,getPhoneNumber,backend/keycloak-extensions/src/main/java/com/pml/keycloak/client/IdentityServiceClient.java,440,0,0,False,False,,
keycloak-extensions,KEEP_ACCESSOR,KeycloakUserData,isPhoneVerified,backend/keycloak-extensions/src/main/java/com/pml/keycloak/client/IdentityServiceClient.java,443,0,0,False,False,,
keycloak-extensions,KEEP_ACCESSOR,KeycloakUserData,getRoles,backend/keycloak-extensions/src/main/java/com/pml/keycloak/client/IdentityServiceClient.java,446,0,0,False,False,,
keycloak-extensions,KEEP_ACCESSOR,KeycloakUserData,getAccountTypes,backend/keycloak-extensions/src/main/java/com/pml/keycloak/client/IdentityServiceClient.java,449,0,0,False,False,,
keycloak-extensions,KEEP_ACCESSOR,KeycloakUserData,getTimestamp,backend/keycloak-extensions/src/main/java/com/pml/keycloak/client/IdentityServiceClient.java,458,0,0,False,False,,
keycloak-extensions,KEEP_ACCESSOR,IdentityServiceClient,setClock,backend/keycloak-extensions/src/main/java/com/pml/keycloak/client/IdentityServiceClient.java,52,0,0,False,False,,
keycloak-extensions,KEEP_ACCESSOR,UserSyncEventListener,setClock,backend/keycloak-extensions/src/main/java/com/pml/keycloak/eventlistener/UserSyncEventListener.java,61,0,0,False,False,,
keycloak-extensions,KEEP_ENTRY,PhoneOtpAuthenticator,requiresUser,backend/keycloak-extensions/src/main/java/com/pml/keycloak/authenticator/PhoneOtpAuthenticator.java,293,0,0,False,False,,framework-override
keycloak-extensions,KEEP_ENTRY,PhoneOtpAuthenticator,configuredFor,backend/keycloak-extensions/src/main/java/com/pml/keycloak/authenticator/PhoneOtpAuthenticator.java,298,0,0,False,False,,framework-override
keycloak-extensions,KEEP_ENTRY,PhoneOtpAuthenticator,setRequiredActions,backend/keycloak-extensions/src/main/java/com/pml/keycloak/authenticator/PhoneOtpAuthenticator.java,303,0,0,False,False,,framework-override
keycloak-extensions,KEEP_ENTRY,PhoneOtpAuthenticator,close,backend/keycloak-extensions/src/main/java/com/pml/keycloak/authenticator/PhoneOtpAuthenticator.java,308,0,18,False,False,,framework-override
keycloak-extensions,KEEP_ENTRY,PhoneOtpAuthenticator,authenticate,backend/keycloak-extensions/src/main/java/com/pml/keycloak/authenticator/PhoneOtpAuthenticator.java,46,2,0,False,False,,framework-override
keycloak-extensions,KEEP_ENTRY,PhoneOtpAuthenticator,action,backend/keycloak-extensions/src/main/java/com/pml/keycloak/authenticator/PhoneOtpAuthenticator.java,66,1,0,False,False,,framework-override
keycloak-extensions,KEEP_ENTRY,PhoneOtpAuthenticatorFactory,init,backend/keycloak-extensions/src/main/java/com/pml/keycloak/authenticator/PhoneOtpAuthenticatorFactory.java,111,0,0,False,False,,framework-override
keycloak-extensions,KEEP_ENTRY,PhoneOtpAuthenticatorFactory,postInit,backend/keycloak-extensions/src/main/java/com/pml/keycloak/authenticator/PhoneOtpAuthenticatorFactory.java,116,0,0,False,False,,framework-override
keycloak-extensions,KEEP_ENTRY,PhoneOtpAuthenticatorFactory,close,backend/keycloak-extensions/src/main/java/com/pml/keycloak/authenticator/PhoneOtpAuthenticatorFactory.java,121,0,18,False,False,,framework-override
keycloak-extensions,KEEP_ENTRY,PhoneOtpAuthenticatorFactory,getId,backend/keycloak-extensions/src/main/java/com/pml/keycloak/authenticator/PhoneOtpAuthenticatorFactory.java,54,4,0,False,False,,framework-name
keycloak-extensions,KEEP_ENTRY,PhoneOtpAuthenticatorFactory,getDisplayType,backend/keycloak-extensions/src/main/java/com/pml/keycloak/authenticator/PhoneOtpAuthenticatorFactory.java,59,0,0,False,False,,framework-override
keycloak-extensions,KEEP_ENTRY,PhoneOtpAuthenticatorFactory,getReferenceCategory,backend/keycloak-extensions/src/main/java/com/pml/keycloak/authenticator/PhoneOtpAuthenticatorFactory.java,64,0,0,False,False,,framework-override
keycloak-extensions,KEEP_ENTRY,PhoneOtpAuthenticatorFactory,isConfigurable,backend/keycloak-extensions/src/main/java/com/pml/keycloak/authenticator/PhoneOtpAuthenticatorFactory.java,69,0,0,False,False,,framework-override
keycloak-extensions,KEEP_ENTRY,PhoneOtpAuthenticatorFactory,getRequirementChoices,backend/keycloak-extensions/src/main/java/com/pml/keycloak/authenticator/PhoneOtpAuthenticatorFactory.java,74,0,0,False,False,,framework-override
keycloak-extensions,KEEP_ENTRY,PhoneOtpAuthenticatorFactory,isUserSetupAllowed,backend/keycloak-extensions/src/main/java/com/pml/keycloak/authenticator/PhoneOtpAuthenticatorFactory.java,83,0,0,False,False,,framework-override
keycloak-extensions,KEEP_ENTRY,PhoneOtpAuthenticatorFactory,getHelpText,backend/keycloak-extensions/src/main/java/com/pml/keycloak/authenticator/PhoneOtpAuthenticatorFactory.java,88,0,0,False,False,,framework-override
keycloak-extensions,KEEP_ENTRY,PhoneOtpAuthenticatorFactory,getConfigProperties,backend/keycloak-extensions/src/main/java/com/pml/keycloak/authenticator/PhoneOtpAuthenticatorFactory.java,94,0,0,False,False,,framework-override
keycloak-extensions,KEEP_ENTRY,PhoneOtpAuthenticatorFactory,create,backend/keycloak-extensions/src/main/java/com/pml/keycloak/authenticator/PhoneOtpAuthenticatorFactory.java,99,6,23,False,False,,framework-override
keycloak-extensions,KEEP_ENTRY,KeycloakUserData,getId,backend/keycloak-extensions/src/main/java/com/pml/keycloak/client/IdentityServiceClient.java,419,4,0,False,False,,framework-name
keycloak-extensions,KEEP_ENTRY,UserSyncEventListener,onEvent,backend/keycloak-extensions/src/main/java/com/pml/keycloak/eventlistener/UserSyncEventListener.java,127,0,0,False,False,,framework-override
keycloak-extensions,KEEP_ENTRY,UserSyncEventListener,close,backend/keycloak-extensions/src/main/java/com/pml/keycloak/eventlistener/UserSyncEventListener.java,154,0,18,False,False,,framework-override
keycloak-extensions,KEEP_ENTRY,UserSyncEventListener,onEvent,backend/keycloak-extensions/src/main/java/com/pml/keycloak/eventlistener/UserSyncEventListener.java,96,0,0,False,False,,framework-override
keycloak-extensions,KEEP_ENTRY,UserSyncEventListenerFactory,close,backend/keycloak-extensions/src/main/java/com/pml/keycloak/eventlistener/UserSyncEventListenerFactory.java,102,0,18,False,False,,framework-override
keycloak-extensions,KEEP_ENTRY,UserSyncEventListenerFactory,getId,backend/keycloak-extensions/src/main/java/com/pml/keycloak/eventlistener/UserSyncEventListenerFactory.java,107,4,0,False,False,,framework-name
keycloak-extensions,KEEP_ENTRY,NoOpEventListener,onEvent,backend/keycloak-extensions/src/main/java/com/pml/keycloak/eventlistener/UserSyncEventListenerFactory.java,116,0,0,False,False,,framework-override
keycloak-extensions,KEEP_ENTRY,NoOpEventListener,onEvent,backend/keycloak-extensions/src/main/java/com/pml/keycloak/eventlistener/UserSyncEventListenerFactory.java,121,0,0,False,False,,framework-override
keycloak-extensions,KEEP_ENTRY,NoOpEventListener,close,backend/keycloak-extensions/src/main/java/com/pml/keycloak/eventlistener/UserSyncEventListenerFactory.java,126,0,18,False,False,,framework-override
keycloak-extensions,KEEP_ENTRY,UserSyncEventListenerFactory,create,backend/keycloak-extensions/src/main/java/com/pml/keycloak/eventlistener/UserSyncEventListenerFactory.java,43,6,23,False,False,,framework-override
keycloak-extensions,KEEP_ENTRY,UserSyncEventListenerFactory,init,backend/keycloak-extensions/src/main/java/com/pml/keycloak/eventlistener/UserSyncEventListenerFactory.java,55,0,0,False,False,,framework-override
keycloak-extensions,KEEP_ENTRY,UserSyncEventListenerFactory,postInit,backend/keycloak-extensions/src/main/java/com/pml/keycloak/eventlistener/UserSyncEventListenerFactory.java,97,0,0,False,False,,framework-override
keycloak-extensions,KEEP_ENTRY,AccountTypeRoleMapper,success,backend/keycloak-extensions/src/main/java/com/pml/keycloak/registration/AccountTypeRoleMapper.java,109,3,0,False,False,,framework-override
keycloak-extensions,KEEP_ENTRY,AccountTypeRoleMapper,requiresUser,backend/keycloak-extensions/src/main/java/com/pml/keycloak/registration/AccountTypeRoleMapper.java,181,0,0,False,False,,framework-override
keycloak-extensions,KEEP_ENTRY,AccountTypeRoleMapper,configuredFor,backend/keycloak-extensions/src/main/java/com/pml/keycloak/registration/AccountTypeRoleMapper.java,191,0,0,False,False,,framework-override
keycloak-extensions,KEEP_ENTRY,AccountTypeRoleMapper,setRequiredActions,backend/keycloak-extensions/src/main/java/com/pml/keycloak/registration/AccountTypeRoleMapper.java,197,0,0,False,False,,framework-override
keycloak-extensions,KEEP_ENTRY,AccountTypeRoleMapper,close,backend/keycloak-extensions/src/main/java/com/pml/keycloak/registration/AccountTypeRoleMapper.java,202,0,18,False,False,,framework-override
keycloak-extensions,KEEP_ENTRY,AccountTypeRoleMapper,buildPage,backend/keycloak-extensions/src/main/java/com/pml/keycloak/registration/AccountTypeRoleMapper.java,71,0,0,False,False,,framework-override
keycloak-extensions,KEEP_ENTRY,AccountTypeRoleMapper,validate,backend/keycloak-extensions/src/main/java/com/pml/keycloak/registration/AccountTypeRoleMapper.java,77,0,1,False,False,,framework-override
keycloak-extensions,KEEP_ENTRY,AccountTypeRoleMapperFactory,isUserSetupAllowed,backend/keycloak-extensions/src/main/java/com/pml/keycloak/registration/AccountTypeRoleMapperFactory.java,107,0,0,False,False,,framework-override
keycloak-extensions,KEEP_ENTRY,AccountTypeRoleMapperFactory,getHelpText,backend/keycloak-extensions/src/main/java/com/pml/keycloak/registration/AccountTypeRoleMapperFactory.java,112,0,0,False,False,,framework-override
keycloak-extensions,KEEP_ENTRY,AccountTypeRoleMapperFactory,getConfigProperties,backend/keycloak-extensions/src/main/java/com/pml/keycloak/registration/AccountTypeRoleMapperFactory.java,117,0,0,False,False,,framework-override
keycloak-extensions,KEEP_ENTRY,AccountTypeRoleMapperFactory,create,backend/keycloak-extensions/src/main/java/com/pml/keycloak/registration/AccountTypeRoleMapperFactory.java,57,6,23,False,False,,framework-override
keycloak-extensions,KEEP_ENTRY,AccountTypeRoleMapperFactory,init,backend/keycloak-extensions/src/main/java/com/pml/keycloak/registration/AccountTypeRoleMapperFactory.java,62,0,0,False,False,,framework-override
keycloak-extensions,KEEP_ENTRY,AccountTypeRoleMapperFactory,postInit,backend/keycloak-extensions/src/main/java/com/pml/keycloak/registration/AccountTypeRoleMapperFactory.java,67,0,0,False,False,,framework-override
keycloak-extensions,KEEP_ENTRY,AccountTypeRoleMapperFactory,close,backend/keycloak-extensions/src/main/java/com/pml/keycloak/registration/AccountTypeRoleMapperFactory.java,72,0,18,False,False,,framework-override
keycloak-extensions,KEEP_ENTRY,AccountTypeRoleMapperFactory,getId,backend/keycloak-extensions/src/main/java/com/pml/keycloak/registration/AccountTypeRoleMapperFactory.java,77,4,0,False,False,,framework-name
keycloak-extensions,KEEP_ENTRY,AccountTypeRoleMapperFactory,getDisplayType,backend/keycloak-extensions/src/main/java/com/pml/keycloak/registration/AccountTypeRoleMapperFactory.java,82,0,0,False,False,,framework-override
keycloak-extensions,KEEP_ENTRY,AccountTypeRoleMapperFactory,getReferenceCategory,backend/keycloak-extensions/src/main/java/com/pml/keycloak/registration/AccountTypeRoleMapperFactory.java,87,0,0,False,False,,framework-override
keycloak-extensions,KEEP_ENTRY,AccountTypeRoleMapperFactory,isConfigurable,backend/keycloak-extensions/src/main/java/com/pml/keycloak/registration/AccountTypeRoleMapperFactory.java,92,0,0,False,False,,framework-override
keycloak-extensions,KEEP_ENTRY,AccountTypeRoleMapperFactory,getRequirementChoices,backend/keycloak-extensions/src/main/java/com/pml/keycloak/registration/AccountTypeRoleMapperFactory.java,99,0,0,False,False,,framework-override
keycloak-extensions,LIVE,OtpServiceClient,requestOtp,backend/keycloak-extensions/src/main/java/com/pml/keycloak/authenticator/OtpServiceClient.java,141,1,0,False,False,,
keycloak-extensions,LIVE,OtpServiceClient,verifyOtp,backend/keycloak-extensions/src/main/java/com/pml/keycloak/authenticator/OtpServiceClient.java,198,1,0,False,False,,
keycloak-extensions,LIVE,OtpRequestResult,isSuccess,backend/keycloak-extensions/src/main/java/com/pml/keycloak/authenticator/OtpServiceClient.java,261,4,0,False,False,,
keycloak-extensions,LIVE,OtpRequestResult,getStatus,backend/keycloak-extensions/src/main/java/com/pml/keycloak/authenticator/OtpServiceClient.java,265,1,1,False,False,,
keycloak-extensions,LIVE,OtpRequestResult,getCooldownRemaining,backend/keycloak-extensions/src/main/java/com/pml/keycloak/authenticator/OtpServiceClient.java,269,1,0,False,False,,
keycloak-extensions,LIVE,OtpRequestResult,getExpiresIn,backend/keycloak-extensions/src/main/java/com/pml/keycloak/authenticator/OtpServiceClient.java,273,1,0,False,False,,
keycloak-extensions,LIVE,OtpVerifyResult,isValid,backend/keycloak-extensions/src/main/java/com/pml/keycloak/authenticator/OtpServiceClient.java,287,1,0,False,False,,
keycloak-extensions,LIVE,OtpVerifyResult,getStatus,backend/keycloak-extensions/src/main/java/com/pml/keycloak/authenticator/OtpServiceClient.java,291,1,1,False,False,,
keycloak-extensions,LIVE,OtpServiceClient,getAccessToken,backend/keycloak-extensions/src/main/java/com/pml/keycloak/authenticator/OtpServiceClient.java,79,4,0,False,False,,
keycloak-extensions,LIVE,PhoneOtpAuthenticator,handleOtpSubmission,backend/keycloak-extensions/src/main/java/com/pml/keycloak/authenticator/PhoneOtpAuthenticator.java,136,1,0,False,False,,
keycloak-extensions,LIVE,PhoneOtpAuthenticator,findOrCreateUser,backend/keycloak-extensions/src/main/java/com/pml/keycloak/authenticator/PhoneOtpAuthenticator.java,186,1,0,False,False,,
keycloak-extensions,LIVE,PhoneOtpAuthenticator,generateUsername,backend/keycloak-extensions/src/main/java/com/pml/keycloak/authenticator/PhoneOtpAuthenticator.java,228,1,0,False,False,,
keycloak-extensions,LIVE,PhoneOtpAuthenticator,isValidPhoneNumber,backend/keycloak-extensions/src/main/java/com/pml/keycloak/authenticator/PhoneOtpAuthenticator.java,238,1,0,False,False,,
keycloak-extensions,LIVE,PhoneOtpAuthenticator,isValidOtp,backend/keycloak-extensions/src/main/java/com/pml/keycloak/authenticator/PhoneOtpAuthenticator.java,249,1,0,False,False,,
keycloak-extensions,LIVE,PhoneOtpAuthenticator,normalizePhoneNumber,backend/keycloak-extensions/src/main/java/com/pml/keycloak/authenticator/PhoneOtpAuthenticator.java,259,1,0,False,False,,
keycloak-extensions,LIVE,PhoneOtpAuthenticator,maskPhoneNumber,backend/keycloak-extensions/src/main/java/com/pml/keycloak/authenticator/PhoneOtpAuthenticator.java,285,9,0,False,False,,
keycloak-extensions,LIVE,PhoneOtpAuthenticator,showPhoneInputForm,backend/keycloak-extensions/src/main/java/com/pml/keycloak/authenticator/PhoneOtpAuthenticator.java,74,5,0,False,False,,
keycloak-extensions,LIVE,PhoneOtpAuthenticator,handlePhoneSubmission,backend/keycloak-extensions/src/main/java/com/pml/keycloak/authenticator/PhoneOtpAuthenticator.java,92,1,0,False,False,,
keycloak-extensions,LIVE,IdentityServiceClient,syncUserWithData,backend/keycloak-extensions/src/main/java/com/pml/keycloak/client/IdentityServiceClient.java,164,2,0,False,False,,
keycloak-extensions,LIVE,IdentityServiceClient,notifyEvent,backend/keycloak-extensions/src/main/java/com/pml/keycloak/client/IdentityServiceClient.java,217,2,0,False,False,,
keycloak-extensions,LIVE,IdentityServiceClient,notifyLogin,backend/keycloak-extensions/src/main/java/com/pml/keycloak/client/IdentityServiceClient.java,268,1,0,False,False,,
keycloak-extensions,LIVE,IdentityServiceClient,notifyUserDeleted,backend/keycloak-extensions/src/main/java/com/pml/keycloak/client/IdentityServiceClient.java,283,1,0,False,False,,
keycloak-extensions,LIVE,SyncResult,isSuccess,backend/keycloak-extensions/src/main/java/com/pml/keycloak/client/IdentityServiceClient.java,300,4,0,False,False,,
keycloak-extensions,LIVE,SyncResult,getMessage,backend/keycloak-extensions/src/main/java/com/pml/keycloak/client/IdentityServiceClient.java,304,7,21,False,False,,
keycloak-extensions,LIVE,KeycloakEventData,getUserId,backend/keycloak-extensions/src/main/java/com/pml/keycloak/client/IdentityServiceClient.java,324,5,0,False,False,,
keycloak-extensions,LIVE,KeycloakEventData,setUserId,backend/keycloak-extensions/src/main/java/com/pml/keycloak/client/IdentityServiceClient.java,328,2,0,False,False,,
keycloak-extensions,LIVE,KeycloakEventData,getEventType,backend/keycloak-extensions/src/main/java/com/pml/keycloak/client/IdentityServiceClient.java,332,3,0,False,False,,
keycloak-extensions,LIVE,KeycloakEventData,setEventType,backend/keycloak-extensions/src/main/java/com/pml/keycloak/client/IdentityServiceClient.java,336,3,0,False,False,,
keycloak-extensions,LIVE,KeycloakEventData,getOperationType,backend/keycloak-extensions/src/main/java/com/pml/keycloak/client/IdentityServiceClient.java,340,1,0,False,False,,
keycloak-extensions,LIVE,KeycloakEventData,getResourceType,backend/keycloak-extensions/src/main/java/com/pml/keycloak/client/IdentityServiceClient.java,348,2,0,False,False,,
keycloak-extensions,LIVE,KeycloakEventData,getResourcePath,backend/keycloak-extensions/src/main/java/com/pml/keycloak/client/IdentityServiceClient.java,356,1,0,False,False,,
keycloak-extensions,LIVE,KeycloakEventData,setTimestamp,backend/keycloak-extensions/src/main/java/com/pml/keycloak/client/IdentityServiceClient.java,368,3,0,False,False,,
keycloak-extensions,LIVE,KeycloakEventData,getRealmId,backend/keycloak-extensions/src/main/java/com/pml/keycloak/client/IdentityServiceClient.java,372,1,0,False,False,,
keycloak-extensions,LIVE,KeycloakUserData,setId,backend/keycloak-extensions/src/main/java/com/pml/keycloak/client/IdentityServiceClient.java,420,1,0,False,False,,
keycloak-extensions,LIVE,KeycloakUserData,getUsername,backend/keycloak-extensions/src/main/java/com/pml/keycloak/client/IdentityServiceClient.java,422,5,0,False,False,,
keycloak-extensions,LIVE,KeycloakUserData,setUsername,backend/keycloak-extensions/src/main/java/com/pml/keycloak/client/IdentityServiceClient.java,423,1,0,False,False,,
keycloak-extensions,LIVE,KeycloakUserData,getEmail,backend/keycloak-extensions/src/main/java/com/pml/keycloak/client/IdentityServiceClient.java,425,1,0,False,False,,
keycloak-extensions,LIVE,KeycloakUserData,setEmail,backend/keycloak-extensions/src/main/java/com/pml/keycloak/client/IdentityServiceClient.java,426,1,0,False,False,,
keycloak-extensions,LIVE,KeycloakUserData,getFirstName,backend/keycloak-extensions/src/main/java/com/pml/keycloak/client/IdentityServiceClient.java,428,1,0,False,False,,
keycloak-extensions,LIVE,KeycloakUserData,setFirstName,backend/keycloak-extensions/src/main/java/com/pml/keycloak/client/IdentityServiceClient.java,429,1,0,False,False,,
keycloak-extensions,LIVE,KeycloakUserData,getLastName,backend/keycloak-extensions/src/main/java/com/pml/keycloak/client/IdentityServiceClient.java,431,1,0,False,False,,
keycloak-extensions,LIVE,KeycloakUserData,setLastName,backend/keycloak-extensions/src/main/java/com/pml/keycloak/client/IdentityServiceClient.java,432,1,0,False,False,,
keycloak-extensions,LIVE,KeycloakUserData,isEmailVerified,backend/keycloak-extensions/src/main/java/com/pml/keycloak/client/IdentityServiceClient.java,434,1,0,False,False,,
keycloak-extensions,LIVE,KeycloakUserData,setEmailVerified,backend/keycloak-extensions/src/main/java/com/pml/keycloak/client/IdentityServiceClient.java,435,1,0,False,False,,
keycloak-extensions,LIVE,KeycloakUserData,isEnabled,backend/keycloak-extensions/src/main/java/com/pml/keycloak/client/IdentityServiceClient.java,437,1,0,False,False,,
keycloak-extensions,LIVE,KeycloakUserData,setEnabled,backend/keycloak-extensions/src/main/java/com/pml/keycloak/client/IdentityServiceClient.java,438,2,0,False,False,,
keycloak-extensions,LIVE,KeycloakUserData,setPhoneNumber,backend/keycloak-extensions/src/main/java/com/pml/keycloak/client/IdentityServiceClient.java,441,1,0,False,False,,
keycloak-extensions,LIVE,KeycloakUserData,setPhoneVerified,backend/keycloak-extensions/src/main/java/com/pml/keycloak/client/IdentityServiceClient.java,444,1,0,False,False,,
keycloak-extensions,LIVE,KeycloakUserData,setRoles,backend/keycloak-extensions/src/main/java/com/pml/keycloak/client/IdentityServiceClient.java,447,1,0,False,False,,
keycloak-extensions,LIVE,KeycloakUserData,setAccountTypes,backend/keycloak-extensions/src/main/java/com/pml/keycloak/client/IdentityServiceClient.java,450,1,0,False,False,,
keycloak-extensions,LIVE,KeycloakUserData,getAttributes,backend/keycloak-extensions/src/main/java/com/pml/keycloak/client/IdentityServiceClient.java,452,1,0,False,False,,
keycloak-extensions,LIVE,KeycloakUserData,setAttributes,backend/keycloak-extensions/src/main/java/com/pml/keycloak/client/IdentityServiceClient.java,453,1,0,False,False,,
keycloak-extensions,LIVE,KeycloakUserData,getEventType,backend/keycloak-extensions/src/main/java/com/pml/keycloak/client/IdentityServiceClient.java,455,3,0,False,False,,
keycloak-extensions,LIVE,KeycloakUserData,setEventType,backend/keycloak-extensions/src/main/java/com/pml/keycloak/client/IdentityServiceClient.java,456,3,0,False,False,,
keycloak-extensions,LIVE,KeycloakUserData,setTimestamp,backend/keycloak-extensions/src/main/java/com/pml/keycloak/client/IdentityServiceClient.java,459,3,0,False,False,,
keycloak-extensions,LIVE,IdentityServiceClient,getAccessToken,backend/keycloak-extensions/src/main/java/com/pml/keycloak/client/IdentityServiceClient.java,92,4,0,False,False,,
keycloak-extensions,LIVE,UserSyncEventListener,handleUserSyncEvent,backend/keycloak-extensions/src/main/java/com/pml/keycloak/eventlistener/UserSyncEventListener.java,162,1,0,False,False,,
keycloak-extensions,LIVE,UserSyncEventListener,buildUserData,backend/keycloak-extensions/src/main/java/com/pml/keycloak/eventlistener/UserSyncEventListener.java,202,2,0,False,False,,
keycloak-extensions,LIVE,UserSyncEventListener,handleLoginEvent,backend/keycloak-extensions/src/main/java/com/pml/keycloak/eventlistener/UserSyncEventListener.java,250,1,0,False,False,,
keycloak-extensions,LIVE,UserSyncEventListener,handleUserAdminEvent,backend/keycloak-extensions/src/main/java/com/pml/keycloak/eventlistener/UserSyncEventListener.java,265,1,0,False,False,,
keycloak-extensions,LIVE,UserSyncEventListener,handleRoleMappingChange,backend/keycloak-extensions/src/main/java/com/pml/keycloak/eventlistener/UserSyncEventListener.java,292,1,0,False,False,,
keycloak-extensions,LIVE,UserSyncEventListener,syncUserWithFullData,backend/keycloak-extensions/src/main/java/com/pml/keycloak/eventlistener/UserSyncEventListener.java,310,2,0,False,False,,
keycloak-extensions,LIVE,UserSyncEventListener,firstAttributeValue,backend/keycloak-extensions/src/main/java/com/pml/keycloak/eventlistener/UserSyncEventListener.java,345,2,0,False,False,,
keycloak-extensions,LIVE,UserSyncEventListener,shouldProcessEvent,backend/keycloak-extensions/src/main/java/com/pml/keycloak/eventlistener/UserSyncEventListener.java,358,1,0,False,False,,
keycloak-extensions,LIVE,UserSyncEventListener,shouldProcessAdminEvent,backend/keycloak-extensions/src/main/java/com/pml/keycloak/eventlistener/UserSyncEventListener.java,374,1,0,False,False,,
keycloak-extensions,LIVE,UserSyncEventListener,extractUserIdFromPath,backend/keycloak-extensions/src/main/java/com/pml/keycloak/eventlistener/UserSyncEventListener.java,404,2,0,False,False,,
keycloak-extensions,LIVE,UserSyncEventListener,logSyncResult,backend/keycloak-extensions/src/main/java/com/pml/keycloak/eventlistener/UserSyncEventListener.java,423,2,0,False,False,,
keycloak-extensions,LIVE,AccountTypeRoleMapper,assignRealmRole,backend/keycloak-extensions/src/main/java/com/pml/keycloak/registration/AccountTypeRoleMapper.java,162,2,0,False,False,,
shared-library,GAP,MongoSchemaValidationConfig,applySchemaToCollection,backend/shared-library/src/main/java/com/pml/shared/config/MongoSchemaValidationConfig.java,139,1,0,False,False,no,
shared-library,GAP,MongoSchemaValidationConfig,loadSchema,backend/shared-library/src/main/java/com/pml/shared/config/MongoSchemaValidationConfig.java,164,1,9,False,False,no,
shared-library,GAP,MongoSchemaValidationConfig,createCollectionWithSchema,backend/shared-library/src/main/java/com/pml/shared/config/MongoSchemaValidationConfig.java,199,1,0,False,False,no,
shared-library,GAP,MongoSchemaValidationConfig,updateCollectionSchema,backend/shared-library/src/main/java/com/pml/shared/config/MongoSchemaValidationConfig.java,238,1,0,False,False,no,
shared-library,GAP,MongoSchemaValidationConfig,applySchemaValidation,backend/shared-library/src/main/java/com/pml/shared/config/MongoSchemaValidationConfig.java,85,1,0,False,False,no,
shared-library,GAP,ReactiveMongoAuditing,auditorOf,backend/shared-library/src/main/java/com/pml/shared/config/PlatformAuditingAutoConfiguration.java,70,1,3,False,False,no,
shared-library,GAP,EventStatus,fromCode,backend/shared-library/src/main/java/com/pml/shared/constants/EventStatus.java,41,7,4,False,False,no,
shared-library,GAP,OrganizationStatus,canPublishEvents,backend/shared-library/src/main/java/com/pml/shared/constants/OrganizationStatus.java,113,2,0,False,False,no,
shared-library,GAP,OrganizationStatus,canBeEdited,backend/shared-library/src/main/java/com/pml/shared/constants/OrganizationStatus.java,143,2,0,False,False,no,
shared-library,GAP,PaymentProvider,fromCode,backend/shared-library/src/main/java/com/pml/shared/constants/PaymentProvider.java,24,7,4,False,False,no,
shared-library,GAP,PayoutMethod,fromCode,backend/shared-library/src/main/java/com/pml/shared/constants/PayoutMethod.java,36,7,4,False,False,no,
shared-library,GAP,PayoutRequestStatus,fromCode,backend/shared-library/src/main/java/com/pml/shared/constants/PayoutRequestStatus.java,47,7,4,False,False,no,
shared-library,GAP,PayoutReviewStatus,fromCode,backend/shared-library/src/main/java/com/pml/shared/constants/PayoutReviewStatus.java,38,7,4,False,False,no,
shared-library,GAP,PlatformTime,dateAt,backend/shared-library/src/main/java/com/pml/shared/constants/PlatformTime.java,38,20,0,False,False,no,
shared-library,GAP,PlatformTime,format,backend/shared-library/src/main/java/com/pml/shared/constants/PlatformTime.java,48,89,1,False,False,no,
shared-library,GAP,PlatformTime,parseLocal,backend/shared-library/src/main/java/com/pml/shared/constants/PlatformTime.java,60,5,0,False,False,no,
shared-library,GAP,RefundRequestStatus,fromCode,backend/shared-library/src/main/java/com/pml/shared/constants/RefundRequestStatus.java,40,7,4,False,False,no,
shared-library,GAP,RefundRequestType,fromCode,backend/shared-library/src/main/java/com/pml/shared/constants/RefundRequestType.java,26,7,4,False,False,no,
shared-library,GAP,TicketCategory,fromCode,backend/shared-library/src/main/java/com/pml/shared/constants/TicketCategory.java,37,7,4,False,False,no,
shared-library,GAP,TicketPaymentStatus,fromCode,backend/shared-library/src/main/java/com/pml/shared/constants/TicketPaymentStatus.java,31,7,4,False,False,no,
shared-library,GAP,TicketRefundStatus,fromCode,backend/shared-library/src/main/java/com/pml/shared/constants/TicketRefundStatus.java,27,7,4,False,False,no,
shared-library,GAP,TransactionStatus,fromCode,backend/shared-library/src/main/java/com/pml/shared/constants/TransactionStatus.java,44,7,4,False,False,no,
shared-library,GAP,TransactionType,fromCode,backend/shared-library/src/main/java/com/pml/shared/constants/TransactionType.java,40,7,4,False,False,no,
shared-library,GAP,UserType,getHighestPrivilegeRole,backend/shared-library/src/main/java/com/pml/shared/constants/UserType.java,175,1,0,False,False,no,
shared-library,GAP,UserType,fromCode,backend/shared-library/src/main/java/com/pml/shared/constants/UserType.java,49,7,4,False,False,no,
shared-library,GAP,AuthorizationResult,authorized,backend/shared-library/src/main/java/com/pml/shared/dto/authorization/AuthorizationResult.java,52,6,1,False,False,no,
shared-library,GAP,DomainRefusal,detail,backend/shared-library/src/main/java/com/pml/shared/error/DomainRefusal.java,101,4,1,False,False,no,
shared-library,GAP,PlatformProblemDetailAdvice,defectProblem,backend/shared-library/src/main/java/com/pml/shared/error/PlatformProblemDetailAdvice.java,84,1,0,False,False,no,
shared-library,GAP,RefusalTranslator,translate,backend/shared-library/src/main/java/com/pml/shared/error/RefusalTranslator.java,41,5,19,False,False,no,
shared-library,GAP,ValidationTranslation,fromBinding,backend/shared-library/src/main/java/com/pml/shared/error/ValidationTranslation.java,51,1,0,False,False,no,
shared-library,GAP,ValidationTranslation,codeOf,backend/shared-library/src/main/java/com/pml/shared/error/ValidationTranslation.java,88,4,3,False,False,no,
shared-library,GAP,ValidationTranslation,lastSegment,backend/shared-library/src/main/java/com/pml/shared/error/ValidationTranslation.java,95,1,0,False,False,no,
shared-library,GAP,Outcome,deliver,backend/shared-library/src/main/java/com/pml/shared/event/ConsumerDispatch.java,74,2,31,False,False,no,
shared-library,GAP,Outcome,deadLetter,backend/shared-library/src/main/java/com/pml/shared/event/ConsumerDispatch.java,80,1,0,False,False,no,
shared-library,GAP,DurablyHandled,mark,backend/shared-library/src/main/java/com/pml/shared/event/ConsumerGuard.java,112,1,0,False,False,no,
shared-library,GAP,DurablyHandled,cacheKey,backend/shared-library/src/main/java/com/pml/shared/event/ConsumerGuard.java,125,6,1,False,False,no,
shared-library,GAP,DurablyHandled,runOnce,backend/shared-library/src/main/java/com/pml/shared/event/ConsumerGuard.java,83,2,12,False,False,no,
shared-library,GAP,DurablyHandled,alreadyHandled,backend/shared-library/src/main/java/com/pml/shared/event/ConsumerGuard.java,97,1,0,False,False,no,
shared-library,GAP,Outbox,statuses,backend/shared-library/src/main/java/com/pml/shared/event/Outbox.java,194,3,0,False,False,no,
shared-library,GAP,Outbox,returnNew,backend/shared-library/src/main/java/com/pml/shared/event/Outbox.java,198,8,1,False,False,no,
shared-library,GAP,AuthDirective,getRequiredRole,backend/shared-library/src/main/java/com/pml/shared/graphql/auth/AuthDirective.java,113,1,0,False,False,no,
shared-library,GAP,AuthDirective,createAuthDataFetcher,backend/shared-library/src/main/java/com/pml/shared/graphql/auth/AuthDirective.java,132,1,0,False,False,no,
shared-library,GAP,AuthDirective,checkRoleHierarchy,backend/shared-library/src/main/java/com/pml/shared/graphql/auth/AuthDirective.java,226,1,0,False,False,no,
shared-library,GAP,TemporalGateway,signalWithStartWorkflow,backend/shared-library/src/main/java/com/pml/shared/infrastructure/temporal/TemporalGateway.java,55,1,0,False,False,no,
shared-library,GAP,TemporalGateway,existingWorkflow,backend/shared-library/src/main/java/com/pml/shared/infrastructure/temporal/TemporalGateway.java,63,11,0,False,False,no,
shared-library,GAP,TemporalGateway,await,backend/shared-library/src/main/java/com/pml/shared/infrastructure/temporal/TemporalGateway.java,78,152,12,False,False,no,
shared-library,GAP,Result,migrate,backend/shared-library/src/main/java/com/pml/shared/migration/CollectionRenameMigration.java,108,24,16,False,False,no,
shared-library,GAP,Result,rename,backend/shared-library/src/main/java/com/pml/shared/migration/CollectionRenameMigration.java,125,3,0,False,False,no,
shared-library,GAP,Result,renameOverExisting,backend/shared-library/src/main/java/com/pml/shared/migration/CollectionRenameMigration.java,144,1,0,False,False,no,
shared-library,GAP,Result,doRename,backend/shared-library/src/main/java/com/pml/shared/migration/CollectionRenameMigration.java,161,2,0,False,False,no,
shared-library,GAP,Result,table,backend/shared-library/src/main/java/com/pml/shared/migration/CollectionRenameMigration.java,172,4,1,False,False,no,
shared-library,GAP,Outcome,optionsMatch,backend/shared-library/src/main/java/com/pml/shared/migration/ConflictingIndexRepair.java,158,1,0,False,False,no,
shared-library,GAP,Outcome,occupiesTheSameKeys,backend/shared-library/src/main/java/com/pml/shared/migration/ConflictingIndexRepair.java,173,1,0,False,False,no,
shared-library,GAP,Outcome,existingIndexes,backend/shared-library/src/main/java/com/pml/shared/migration/ConflictingIndexRepair.java,181,1,0,False,False,no,
shared-library,GAP,Outcome,restore,backend/shared-library/src/main/java/com/pml/shared/migration/ConflictingIndexRepair.java,196,1,0,False,False,no,
shared-library,GAP,Outcome,dropAll,backend/shared-library/src/main/java/com/pml/shared/migration/ConflictingIndexRepair.java,231,1,0,False,False,no,
shared-library,GAP,Outcome,repair,backend/shared-library/src/main/java/com/pml/shared/migration/ConflictingIndexRepair.java,63,7,8,False,False,no,
shared-library,GAP,Outcome,repairOne,backend/shared-library/src/main/java/com/pml/shared/migration/ConflictingIndexRepair.java,85,1,0,False,False,no,
shared-library,GAP,Operation,setWhereMissing,backend/shared-library/src/main/java/com/pml/shared/migration/DocumentBackfill.java,75,37,6,False,False,no,
shared-library,GAP,Operation,rewriteClassTo,backend/shared-library/src/main/java/com/pml/shared/migration/DocumentBackfill.java,91,46,5,False,False,no,
shared-library,GAP,Entry,succeed,backend/shared-library/src/main/java/com/pml/shared/migration/MigrationLedger.java,116,1,4,False,False,no,
shared-library,GAP,Entry,fail,backend/shared-library/src/main/java/com/pml/shared/migration/MigrationLedger.java,122,3,1,False,False,no,
shared-library,GAP,Entry,set,backend/shared-library/src/main/java/com/pml/shared/migration/MigrationLedger.java,128,101,42,False,False,no,
shared-library,GAP,Entry,toEntry,backend/shared-library/src/main/java/com/pml/shared/migration/MigrationLedger.java,135,2,0,False,False,no,
shared-library,GAP,Entry,find,backend/shared-library/src/main/java/com/pml/shared/migration/MigrationLedger.java,79,23,208,False,False,no,
shared-library,GAP,Entry,findAll,backend/shared-library/src/main/java/com/pml/shared/migration/MigrationLedger.java,85,48,10,False,False,no,
shared-library,GAP,MigrationRunner,refuse,backend/shared-library/src/main/java/com/pml/shared/migration/MigrationRunner.java,116,48,8,False,False,no,
shared-library,GAP,MigrationRunner,claimAndRun,backend/shared-library/src/main/java/com/pml/shared/migration/MigrationRunner.java,123,1,0,False,False,no,
shared-library,GAP,MigrationRunner,ledger,backend/shared-library/src/main/java/com/pml/shared/migration/MigrationRunner.java,64,4,0,False,False,no,
shared-library,GAP,MigrationRunner,steps,backend/shared-library/src/main/java/com/pml/shared/migration/MigrationRunner.java,67,1,0,False,False,no,
shared-library,GAP,MigrationRunner,serviceName,backend/shared-library/src/main/java/com/pml/shared/migration/MigrationRunner.java,76,2,0,False,False,no,
shared-library,GAP,MigrationRunner,runMigrations,backend/shared-library/src/main/java/com/pml/shared/migration/MigrationRunner.java,80,1,0,False,False,no,
shared-library,GAP,MigrationRunner,runOnce,backend/shared-library/src/main/java/com/pml/shared/migration/MigrationRunner.java,99,2,12,False,False,no,
shared-library,GAP,RedundantSourceDrop,dropAll,backend/shared-library/src/main/java/com/pml/shared/migration/RedundantSourceDrop.java,57,1,0,False,False,no,
shared-library,GAP,RetiredCollectionDrop,drop,backend/shared-library/src/main/java/com/pml/shared/migration/RetiredCollectionDrop.java,40,8,12,False,False,no,
shared-library,GAP,RetiredCollectionDrop,dropOne,backend/shared-library/src/main/java/com/pml/shared/migration/RetiredCollectionDrop.java,47,1,0,False,False,no,
shared-library,GAP,Report,ensure,backend/shared-library/src/main/java/com/pml/shared/persistence/IndexEnsurer.java,65,6,8,False,False,no,
shared-library,GAP,Report,ensureOne,backend/shared-library/src/main/java/com/pml/shared/persistence/IndexEnsurer.java,80,1,0,False,False,no,
shared-library,GAP,Builder,sparse,backend/shared-library/src/main/java/com/pml/shared/persistence/IndexSpec.java,87,6,4,False,False,no,
shared-library,GAP,Result,convertField,backend/shared-library/src/main/java/com/pml/shared/persistence/MoneyFieldMigrationService.java,106,1,0,False,False,no,
shared-library,GAP,Result,migrate,backend/shared-library/src/main/java/com/pml/shared/persistence/MoneyFieldMigrationService.java,86,24,16,False,False,no,
shared-library,GAP,Result,concat,backend/shared-library/src/main/java/com/pml/shared/persistence/MoneyFieldMigrationService.java,99,3,2,False,False,no,
shared-library,GAP,Entry,invalidate,backend/shared-library/src/main/java/com/pml/shared/referencedata/StatusSemanticResolver.java,126,2,0,False,False,no,
shared-library,GAP,StatusSemanticStamper,stamp,backend/shared-library/src/main/java/com/pml/shared/referencedata/StatusSemanticStamper.java,55,4,0,False,False,no,
shared-library,GAP,KeycloakGrantedAuthoritiesConverter,isValidRole,backend/shared-library/src/main/java/com/pml/shared/security/KeycloakGrantedAuthoritiesConverter.java,156,2,0,False,False,no,
shared-library,GAP,Scope,codes,backend/shared-library/src/main/java/com/pml/shared/security/Permission.java,100,4,0,False,False,no,
shared-library,GAP,Scope,grantedByPlatformRoles,backend/shared-library/src/main/java/com/pml/shared/security/Permission.java,113,5,11,False,False,no,
shared-library,GAP,Scope,code,backend/shared-library/src/main/java/com/pml/shared/security/Permission.java,77,45,58,False,False,no,
shared-library,GAP,Scope,scope,backend/shared-library/src/main/java/com/pml/shared/security/Permission.java,81,4,3,False,False,no,
shared-library,GAP,Scope,module,backend/shared-library/src/main/java/com/pml/shared/security/Permission.java,90,1,2,False,False,no,
shared-library,GAP,Scope,fromCode,backend/shared-library/src/main/java/com/pml/shared/security/Permission.java,95,7,4,False,False,no,
shared-library,GAP,SecurityContextUtils,getClaim,backend/shared-library/src/main/java/com/pml/shared/security/SecurityContextUtils.java,106,7,0,False,False,no,
shared-library,GAP,AuthenticationContext,hasRole,backend/shared-library/src/main/java/com/pml/shared/security/SecurityContextUtils.java,203,192,3,False,False,no,
shared-library,GAP,SecurityDebugFilter,extractClaim,backend/shared-library/src/main/java/com/pml/shared/security/SecurityDebugFilter.java,145,7,0,False,False,no,
shared-library,GAP,SecurityDebugFilter,extractAndLogClaims,backend/shared-library/src/main/java/com/pml/shared/security/SecurityDebugFilter.java,92,1,0,False,False,no,
shared-library,GAP,SecurityDebugWebFilter,logJwtDetails,backend/shared-library/src/main/java/com/pml/shared/security/SecurityDebugWebFilter.java,114,1,0,False,False,no,
shared-library,GAP,SecurityDebugWebFilter,maskToken,backend/shared-library/src/main/java/com/pml/shared/security/SecurityDebugWebFilter.java,168,1,0,False,False,no,
shared-library,GAP,SecurityDebugWebFilter,logSecurityContext,backend/shared-library/src/main/java/com/pml/shared/security/SecurityDebugWebFilter.java,84,1,0,False,False,no,
shared-library,GAP,SecurityObservabilityConfig,logTags,backend/shared-library/src/main/java/com/pml/shared/security/SecurityObservabilityConfig.java,124,2,0,False,False,no,
shared-library,GAP,CachedRevocationCheck,degradationReason,backend/shared-library/src/main/java/com/pml/shared/security/revocation/CachedRevocationCheck.java,135,1,0,False,False,no,
shared-library,GAP,DurableRevocationStore,ping,backend/shared-library/src/main/java/com/pml/shared/security/revocation/DurableRevocationStore.java,37,2,1,False,False,no,
shared-library,GAP,FailClosedOnRevocation,value,backend/shared-library/src/main/java/com/pml/shared/security/revocation/FailClosedOnRevocation.java,36,20,24,False,False,no,
shared-library,GAP,CheckResponse,ping,backend/shared-library/src/main/java/com/pml/shared/security/revocation/HttpDurableRevocationStore.java,69,2,1,False,False,no,
shared-library,GAP,Result,isPositive,backend/shared-library/src/main/java/com/pml/shared/security/revocation/RedisEvictionPolicyProbe.java,112,1,1,False,False,no,
shared-library,GAP,Result,lastResult,backend/shared-library/src/main/java/com/pml/shared/security/revocation/RedisEvictionPolicyProbe.java,56,1,0,False,False,no,
shared-library,GAP,Result,probe,backend/shared-library/src/main/java/com/pml/shared/security/revocation/RedisEvictionPolicyProbe.java,77,1,0,False,False,no,
shared-library,GAP,Result,evaluate,backend/shared-library/src/main/java/com/pml/shared/security/revocation/RedisEvictionPolicyProbe.java,90,5,0,False,False,no,
shared-library,GAP,RevocationCacheTrust,reloadRequests,backend/shared-library/src/main/java/com/pml/shared/security/revocation/RevocationCacheTrust.java,110,1,0,False,False,no,
shared-library,GAP,RevocationCacheTrust,markComplete,backend/shared-library/src/main/java/com/pml/shared/security/revocation/RevocationCacheTrust.java,78,1,0,False,False,no,
shared-library,GAP,RevocationCacheTrust,invalidate,backend/shared-library/src/main/java/com/pml/shared/security/revocation/RevocationCacheTrust.java,96,2,0,False,False,no,
shared-library,GAP,RevocationGuardAspect,guard,backend/shared-library/src/main/java/com/pml/shared/security/revocation/RevocationGuardAspect.java,48,2,0,False,False,no,
shared-library,GAP,RevocationGuardAspect,proceed,backend/shared-library/src/main/java/com/pml/shared/security/revocation/RevocationGuardAspect.java,69,2,0,False,False,no,
shared-library,GAP,RevocationHealthIndicator,statusFor,backend/shared-library/src/main/java/com/pml/shared/security/revocation/RevocationHealthIndicator.java,101,1,3,False,False,no,
shared-library,GAP,RevocationHealthIndicator,asInstant,backend/shared-library/src/main/java/com/pml/shared/security/revocation/RevocationHealthIndicator.java,114,2,0,False,False,no,
shared-library,GAP,RevocationHealthIndicator,probeCache,backend/shared-library/src/main/java/com/pml/shared/security/revocation/RevocationHealthIndicator.java,52,1,0,False,False,no,
shared-library,GAP,RevocationHealthIndicator,probeDurable,backend/shared-library/src/main/java/com/pml/shared/security/revocation/RevocationHealthIndicator.java,59,1,0,False,False,no,
shared-library,GAP,RevocationHealthIndicator,describe,backend/shared-library/src/main/java/com/pml/shared/security/revocation/RevocationHealthIndicator.java,66,2,14,False,False,no,
shared-library,GAP,RevocationIdentifier,masked,backend/shared-library/src/main/java/com/pml/shared/security/revocation/RevocationIdentifier.java,54,3,0,False,False,no,
shared-library,GAP,RevocationIdentifier,mask,backend/shared-library/src/main/java/com/pml/shared/security/revocation/RevocationIdentifier.java,58,3,0,False,False,no,
shared-library,GAP,RevocationMetrics,denied,backend/shared-library/src/main/java/com/pml/shared/security/revocation/RevocationMetrics.java,103,12,4,False,False,no,
shared-library,GAP,RevocationMetrics,lastDegradedAt,backend/shared-library/src/main/java/com/pml/shared/security/revocation/RevocationMetrics.java,120,1,0,False,False,no,
shared-library,GAP,RevocationMetrics,lastUnavailableAt,backend/shared-library/src/main/java/com/pml/shared/security/revocation/RevocationMetrics.java,125,1,0,False,False,no,
shared-library,GAP,RevocationMetrics,unavailable,backend/shared-library/src/main/java/com/pml/shared/security/revocation/RevocationMetrics.java,80,3,0,False,False,no,
shared-library,GAP,RevocationMetrics,writeCompleted,backend/shared-library/src/main/java/com/pml/shared/security/revocation/RevocationMetrics.java,94,4,0,False,False,no,
shared-library,GAP,RevocationProperties,recordTtl,backend/shared-library/src/main/java/com/pml/shared/security/revocation/RevocationProperties.java,79,1,0,False,False,no,
shared-library,GAP,RevocationRequestGuard,webFilter,backend/shared-library/src/main/java/com/pml/shared/security/revocation/RevocationRequestGuard.java,46,2,3,False,False,no,
shared-library,GAP,RevocationRequestGuard,refuse,backend/shared-library/src/main/java/com/pml/shared/security/revocation/RevocationRequestGuard.java,59,48,8,False,False,no,
shared-library,GAP,RevocationType,cacheKey,backend/shared-library/src/main/java/com/pml/shared/security/revocation/RevocationType.java,15,6,1,False,False,no,
shared-library,GAP,RevocationType,cacheKey,backend/shared-library/src/main/java/com/pml/shared/security/revocation/RevocationType.java,23,6,1,False,False,no,
shared-library,GAP,RevocationType,cacheKey,backend/shared-library/src/main/java/com/pml/shared/security/revocation/RevocationType.java,31,6,1,False,False,no,
shared-library,GAP,RevocationType,cacheKey,backend/shared-library/src/main/java/com/pml/shared/security/revocation/RevocationType.java,37,6,1,False,False,no,
shared-library,GAP,SensitiveOperationGuard,assertNotRevoked,backend/shared-library/src/main/java/com/pml/shared/security/revocation/SensitiveOperationGuard.java,39,1,1,False,False,no,
shared-library,GAP,TenantGuard,require,backend/shared-library/src/main/java/com/pml/shared/security/tenancy/TenantGuard.java,148,35,15,False,False,no,
shared-library,GAP,TenantMemberships,activeOrganizationIdsOf,backend/shared-library/src/main/java/com/pml/shared/security/tenancy/TenantMemberships.java,43,1,3,False,False,no,
shared-library,GAP,PhoneNumbers,toE164,backend/shared-library/src/main/java/com/pml/shared/util/PhoneNumbers.java,40,9,0,False,False,no,
shared-library,GAP,PhoneNumbers,toE164,backend/shared-library/src/main/java/com/pml/shared/util/PhoneNumbers.java,51,9,0,False,False,no,
shared-library,GAP,PhoneNumbers,isValid,backend/shared-library/src/main/java/com/pml/shared/util/PhoneNumbers.java,62,18,6,False,False,no,
shared-library,GAP,PhoneNumbers,isValid,backend/shared-library/src/main/java/com/pml/shared/util/PhoneNumbers.java,67,18,6,False,False,no,
shared-library,GAP,PhoneNumbers,regionFor,backend/shared-library/src/main/java/com/pml/shared/util/PhoneNumbers.java,76,4,0,False,False,no,
shared-library,GAP,PhoneNumbers,regionFor,backend/shared-library/src/main/java/com/pml/shared/util/PhoneNumbers.java,85,4,0,False,False,no,
shared-library,GAP,PhoneNumbers,parse,backend/shared-library/src/main/java/com/pml/shared/util/PhoneNumbers.java,89,11,88,False,False,no,
shared-library,KEEP_ACCESSOR,ChargebackStatus,isWon,backend/shared-library/src/main/java/com/pml/shared/constants/ChargebackStatus.java,231,0,0,False,False,no,
shared-library,KEEP_ACCESSOR,ChargebackStatus,getRecoveryPriority,backend/shared-library/src/main/java/com/pml/shared/constants/ChargebackStatus.java,242,0,0,False,False,no,
shared-library,KEEP_ACCESSOR,ChargebackStatus,getValidTransitions,backend/shared-library/src/main/java/com/pml/shared/constants/ChargebackStatus.java,255,0,0,False,False,no,
shared-library,KEEP_ACCESSOR,OrganizationStatus,isRejected,backend/shared-library/src/main/java/com/pml/shared/constants/OrganizationStatus.java,129,0,0,False,False,no,
shared-library,KEEP_ACCESSOR,OrganizationStatus,isOperational,backend/shared-library/src/main/java/com/pml/shared/constants/OrganizationStatus.java,136,0,0,False,False,no,
shared-library,KEEP_ACCESSOR,TicketPaymentStatus,isRefunded,backend/shared-library/src/main/java/com/pml/shared/constants/TicketPaymentStatus.java,29,0,0,False,False,no,
shared-library,KEEP_ACCESSOR,UserType,isAdmin,backend/shared-library/src/main/java/com/pml/shared/constants/UserType.java,66,0,0,False,False,no,
shared-library,KEEP_ACCESSOR,UserType,getDefaultRoles,backend/shared-library/src/main/java/com/pml/shared/constants/UserType.java,80,0,0,False,False,no,
shared-library,KEEP_ACCESSOR,TicketCategoryDto,getAvailable,backend/shared-library/src/main/java/com/pml/shared/dto/EventSummaryDto.java,110,0,0,False,False,no,
shared-library,KEEP_ACCESSOR,EventSummaryDto,getRemainingCapacity,backend/shared-library/src/main/java/com/pml/shared/dto/EventSummaryDto.java,64,0,0,False,False,no,
shared-library,KEEP_ACCESSOR,EventType,isOrdered,backend/shared-library/src/main/java/com/pml/shared/event/EventType.java,84,0,2,False,False,yes,
shared-library,KEEP_ACCESSOR,KeycloakGrantedAuthoritiesConverter,setClientId,backend/shared-library/src/main/java/com/pml/shared/security/KeycloakGrantedAuthoritiesConverter.java,169,0,0,False,False,no,
shared-library,KEEP_ACCESSOR,KeycloakGrantedAuthoritiesConverter,setExtractRealmRoles,backend/shared-library/src/main/java/com/pml/shared/security/KeycloakGrantedAuthoritiesConverter.java,173,0,0,False,False,no,
shared-library,KEEP_ACCESSOR,KeycloakGrantedAuthoritiesConverter,setExtractClientRoles,backend/shared-library/src/main/java/com/pml/shared/security/KeycloakGrantedAuthoritiesConverter.java,177,0,0,False,False,no,
shared-library,KEEP_ACCESSOR,KeycloakGrantedAuthoritiesConverter,setExtractScopes,backend/shared-library/src/main/java/com/pml/shared/security/KeycloakGrantedAuthoritiesConverter.java,181,0,0,False,False,no,
shared-library,KEEP_ACCESSOR,AuthenticationContext,isAdmin,backend/shared-library/src/main/java/com/pml/shared/security/SecurityContextUtils.java,208,0,0,False,False,no,
shared-library,KEEP_ACCESSOR,AuthenticationContext,isOrganizer,backend/shared-library/src/main/java/com/pml/shared/security/SecurityContextUtils.java,212,0,0,False,False,no,
shared-library,KEEP_ACCESSOR,RevocationDecision,isDefinitivelyActive,backend/shared-library/src/main/java/com/pml/shared/security/revocation/RevocationDecision.java,25,0,0,False,False,no,
shared-library,KEEP_ACCESSOR,TokenRevokedException,getMatchedType,backend/shared-library/src/main/java/com/pml/shared/security/revocation/TokenRevokedException.java,25,0,0,False,False,no,
shared-library,KEEP_ENTRY,LocalDatastoreGuard,check,backend/shared-library/src/main/java/com/pml/shared/config/LocalDatastoreGuard.java,54,7,19,False,False,yes,entry:inherited
shared-library,KEEP_ENTRY,LocalDatastoreGuardAutoConfiguration,localDatastoreGuard,backend/shared-library/src/main/java/com/pml/shared/config/LocalDatastoreGuardAutoConfiguration.java,36,0,0,False,False,yes,entry:Bean
shared-library,KEEP_ENTRY,MongoSchemaValidationConfig,getOrder,backend/shared-library/src/main/java/com/pml/shared/config/MongoSchemaValidationConfig.java,68,0,1,False,False,no,framework-override
shared-library,KEEP_ENTRY,MongoSchemaValidationConfig,run,backend/shared-library/src/main/java/com/pml/shared/config/MongoSchemaValidationConfig.java,73,40,102,False,False,no,entry:inherited
shared-library,KEEP_ENTRY,PlatformAuditingAutoConfiguration,auditingDateTimeProvider,backend/shared-library/src/main/java/com/pml/shared/config/PlatformAuditingAutoConfiguration.java,50,0,0,False,False,yes,entry:Bean
shared-library,KEEP_ENTRY,ReactiveMongoAuditing,auditorAware,backend/shared-library/src/main/java/com/pml/shared/config/PlatformAuditingAutoConfiguration.java,61,0,0,False,False,yes,entry:Bean
shared-library,KEEP_ENTRY,PlatformClockAutoConfiguration,platformClock,backend/shared-library/src/main/java/com/pml/shared/config/PlatformClockAutoConfiguration.java,49,0,0,False,False,yes,entry:Bean
shared-library,KEEP_ENTRY,PlatformJacksonAutoConfiguration,platformJsonConventions,backend/shared-library/src/main/java/com/pml/shared/config/PlatformJacksonAutoConfiguration.java,26,0,0,False,False,yes,entry:Bean
shared-library,KEEP_ENTRY,SharedPersistenceSupportAutoConfiguration,moneyFieldMigrationService,backend/shared-library/src/main/java/com/pml/shared/config/SharedPersistenceSupportAutoConfiguration.java,57,0,0,False,False,no,entry:Bean
shared-library,KEEP_ENTRY,SharedPersistenceSupportAutoConfiguration,statusSemanticResolver,backend/shared-library/src/main/java/com/pml/shared/config/SharedPersistenceSupportAutoConfiguration.java,64,0,0,False,False,no,entry:Bean
shared-library,KEEP_ENTRY,SharedScalarConfig,runtimeWiringConfigurer,backend/shared-library/src/main/java/com/pml/shared/config/SharedScalarConfig.java,29,0,0,False,False,no,entry:Bean
shared-library,KEEP_ENTRY,ErrorContractAutoConfiguration,platformRefusalTranslator,backend/shared-library/src/main/java/com/pml/shared/error/ErrorContractAutoConfiguration.java,54,0,0,False,False,no,entry:Bean
shared-library,KEEP_ENTRY,ErrorContractAutoConfiguration,platformDataFetcherExceptionHandler,backend/shared-library/src/main/java/com/pml/shared/error/ErrorContractAutoConfiguration.java,60,0,0,False,False,no,entry:Bean
shared-library,KEEP_ENTRY,ErrorContractAutoConfiguration,platformProblemDetailAdvice,backend/shared-library/src/main/java/com/pml/shared/error/ErrorContractAutoConfiguration.java,76,0,0,False,False,no,entry:Bean
shared-library,KEEP_ENTRY,PlatformDataFetcherExceptionHandler,handleException,backend/shared-library/src/main/java/com/pml/shared/error/PlatformDataFetcherExceptionHandler.java,55,0,8,False,False,yes,framework-override
shared-library,KEEP_ENTRY,PlatformProblemDetailAdvice,handle,backend/shared-library/src/main/java/com/pml/shared/error/PlatformProblemDetailAdvice.java,56,0,25,False,False,yes,entry:ExceptionHandler
shared-library,KEEP_ENTRY,RefusalResolution,resolve,backend/shared-library/src/main/java/com/pml/shared/error/RefusalResolution.java,41,20,108,False,False,yes,framework-name
shared-library,KEEP_ENTRY,DurablyHandled,check,backend/shared-library/src/main/java/com/pml/shared/event/ConsumerGuard.java,63,7,19,False,False,no,entry:inherited
shared-library,KEEP_ENTRY,Sink,accept,backend/shared-library/src/main/java/com/pml/shared/event/DeadLetter.java,67,15,12,False,False,no,entry:inherited
shared-library,KEEP_ENTRY,EventBridge,publish,backend/shared-library/src/main/java/com/pml/shared/event/EventBridge.java,64,7,13,False,False,yes,entry:inherited
shared-library,KEEP_ENTRY,MissingSessionKey,publish,backend/shared-library/src/main/java/com/pml/shared/event/EventBridge.java,95,7,13,False,False,no,entry:inherited
shared-library,KEEP_ENTRY,Outbox,drain,backend/shared-library/src/main/java/com/pml/shared/event/Outbox.java,100,1,10,False,False,yes,entry:inherited
shared-library,KEEP_ENTRY,Outbox,publish,backend/shared-library/src/main/java/com/pml/shared/event/Outbox.java,123,7,13,False,False,yes,entry:inherited
shared-library,KEEP_ENTRY,Outbox,release,backend/shared-library/src/main/java/com/pml/shared/event/Outbox.java,146,14,7,True,False,yes,entry:inherited
shared-library,KEEP_ENTRY,Outbox,stage,backend/shared-library/src/main/java/com/pml/shared/event/Outbox.java,73,10,16,True,False,yes,entry:inherited
shared-library,KEEP_ENTRY,OutboxAutoConfiguration,platformOutbox,backend/shared-library/src/main/java/com/pml/shared/event/OutboxAutoConfiguration.java,49,0,0,False,False,no,entry:Bean
shared-library,KEEP_ENTRY,OutboxAutoConfiguration,platformEventBridge,backend/shared-library/src/main/java/com/pml/shared/event/OutboxAutoConfiguration.java,57,0,0,False,False,no,entry:Bean
shared-library,KEEP_ENTRY,OutboxAutoConfiguration,platformOutboxDrain,backend/shared-library/src/main/java/com/pml/shared/event/OutboxAutoConfiguration.java,71,0,0,False,False,no,entry:Bean
shared-library,KEEP_ENTRY,OutboxDrain,drain,backend/shared-library/src/main/java/com/pml/shared/event/OutboxDrain.java,72,1,10,False,False,no,entry:Scheduled
shared-library,KEEP_ENTRY,DateTimeScalar,serialize,backend/shared-library/src/main/java/com/pml/shared/graphql/DateTimeScalar.java,39,0,4,False,False,no,framework-override
shared-library,KEEP_ENTRY,DateTimeScalar,parseValue,backend/shared-library/src/main/java/com/pml/shared/graphql/DateTimeScalar.java,62,1,1,False,False,no,framework-override
shared-library,KEEP_ENTRY,DateTimeScalar,parseLiteral,backend/shared-library/src/main/java/com/pml/shared/graphql/DateTimeScalar.java,88,0,2,False,False,no,framework-override
shared-library,KEEP_ENTRY,GraphQLErrorLoggingInstrumentation,instrumentExecutionResult,backend/shared-library/src/main/java/com/pml/shared/graphql/GraphQLErrorLoggingInstrumentation.java,34,0,0,False,False,no,framework-override
shared-library,KEEP_ENTRY,GraphQLSecurityAutoConfiguration,maxQueryDepthInstrumentation,backend/shared-library/src/main/java/com/pml/shared/graphql/GraphQLSecurityAutoConfiguration.java,103,0,0,False,False,no,entry:Bean
shared-library,KEEP_ENTRY,GraphQLSecurityAutoConfiguration,mkAbortException,backend/shared-library/src/main/java/com/pml/shared/graphql/GraphQLSecurityAutoConfiguration.java,111,0,0,False,False,no,framework-override
shared-library,KEEP_ENTRY,GraphQLSecurityAutoConfiguration,maxQueryComplexityInstrumentation,backend/shared-library/src/main/java/com/pml/shared/graphql/GraphQLSecurityAutoConfiguration.java,150,0,0,False,False,no,entry:Bean
shared-library,KEEP_ENTRY,GraphQLSecurityAutoConfiguration,mkAbortException,backend/shared-library/src/main/java/com/pml/shared/graphql/GraphQLSecurityAutoConfiguration.java,158,0,0,False,False,no,framework-override
shared-library,KEEP_ENTRY,PhoneNumberScalar,serialize,backend/shared-library/src/main/java/com/pml/shared/graphql/PhoneNumberScalar.java,29,0,4,False,False,no,framework-override
shared-library,KEEP_ENTRY,PhoneNumberScalar,parseValue,backend/shared-library/src/main/java/com/pml/shared/graphql/PhoneNumberScalar.java,45,1,1,False,False,no,framework-override
shared-library,KEEP_ENTRY,PhoneNumberScalar,parseLiteral,backend/shared-library/src/main/java/com/pml/shared/graphql/PhoneNumberScalar.java,63,0,2,False,False,no,framework-override
shared-library,KEEP_ENTRY,AuthDirective,checkAuthorization,backend/shared-library/src/main/java/com/pml/shared/graphql/auth/AuthDirective.java,189,8,18,False,False,no,entry:inherited
shared-library,KEEP_ENTRY,AuthDirective,onField,backend/shared-library/src/main/java/com/pml/shared/graphql/auth/AuthDirective.java,77,0,0,False,False,no,framework-override
shared-library,KEEP_ENTRY,AuthDirectiveWiringConfigurer,addAuthDirective,backend/shared-library/src/main/java/com/pml/shared/graphql/auth/AuthDirectiveAutoConfiguration.java,113,0,0,False,False,no,entry:DgsRuntimeWiring
shared-library,KEEP_ENTRY,AuthDirectiveAutoConfiguration,authDirectiveWiringConfigurer,backend/shared-library/src/main/java/com/pml/shared/graphql/auth/AuthDirectiveAutoConfiguration.java,89,0,0,False,False,no,entry:Bean
shared-library,KEEP_ENTRY,TemporalGateway,call,backend/shared-library/src/main/java/com/pml/shared/infrastructure/temporal/TemporalGateway.java,68,21,1,False,False,yes,framework-name
shared-library,KEEP_ENTRY,TemporalGateway,run,backend/shared-library/src/main/java/com/pml/shared/infrastructure/temporal/TemporalGateway.java,73,40,102,False,False,no,entry:inherited
shared-library,KEEP_ENTRY,TemporalGatewayAutoConfiguration,temporalGateway,backend/shared-library/src/main/java/com/pml/shared/infrastructure/temporal/TemporalGatewayAutoConfiguration.java,23,0,0,False,False,yes,entry:Bean
shared-library,KEEP_ENTRY,Result,toString,backend/shared-library/src/main/java/com/pml/shared/migration/CollectionRenameMigration.java,86,117,114,False,False,yes,framework-override
shared-library,KEEP_ENTRY,Outcome,create,backend/shared-library/src/main/java/com/pml/shared/migration/ConflictingIndexRepair.java,239,57,102,False,False,no,framework-name
shared-library,KEEP_ENTRY,Outcome,toString,backend/shared-library/src/main/java/com/pml/shared/migration/ConflictingIndexRepair.java,48,117,114,False,False,yes,framework-override
shared-library,KEEP_ENTRY,Operation,run,backend/shared-library/src/main/java/com/pml/shared/migration/DocumentBackfill.java,100,40,102,False,False,no,entry:inherited
shared-library,KEEP_ENTRY,Result,toString,backend/shared-library/src/main/java/com/pml/shared/migration/DocumentBackfill.java,52,117,114,False,False,yes,framework-override
shared-library,KEEP_ENTRY,Entry,claim,backend/shared-library/src/main/java/com/pml/shared/migration/MigrationLedger.java,96,6,32,False,False,no,entry:inherited
shared-library,KEEP_ENTRY,MigrationRunner,getOrder,backend/shared-library/src/main/java/com/pml/shared/migration/MigrationRunner.java,54,0,1,False,False,no,framework-override
shared-library,KEEP_ENTRY,MigrationRunner,run,backend/shared-library/src/main/java/com/pml/shared/migration/MigrationRunner.java,59,40,102,False,False,no,entry:inherited
shared-library,KEEP_ENTRY,Report,toString,backend/shared-library/src/main/java/com/pml/shared/persistence/IndexEnsurer.java,47,117,114,False,False,yes,framework-override
shared-library,KEEP_ENTRY,MoneyConversions,mongoCustomConversions,backend/shared-library/src/main/java/com/pml/shared/persistence/MoneyConversions.java,51,0,0,False,False,no,entry:Bean
shared-library,KEEP_ENTRY,PlatformMongoTransactionAutoConfiguration,reactiveTransactionManager,backend/shared-library/src/main/java/com/pml/shared/persistence/PlatformMongoTransactionAutoConfiguration.java,28,0,0,False,False,yes,entry:Bean
shared-library,KEEP_ENTRY,PlatformMongoTransactionAutoConfiguration,transactionalOperator,backend/shared-library/src/main/java/com/pml/shared/persistence/PlatformMongoTransactionAutoConfiguration.java,34,0,0,False,False,yes,entry:Bean
shared-library,KEEP_ENTRY,Entry,resolve,backend/shared-library/src/main/java/com/pml/shared/referencedata/StatusSemanticResolver.java,100,20,108,False,False,no,framework-name
shared-library,KEEP_ENTRY,InternalServiceClientAutoConfiguration,internalServiceWebClients,backend/shared-library/src/main/java/com/pml/shared/security/InternalServiceClientAutoConfiguration.java,38,0,0,False,False,yes,entry:Bean
shared-library,KEEP_ENTRY,KeycloakGrantedAuthoritiesConverter,convert,backend/shared-library/src/main/java/com/pml/shared/security/KeycloakGrantedAuthoritiesConverter.java,67,0,0,False,False,yes,framework-override
shared-library,KEEP_ENTRY,Scope,description,backend/shared-library/src/main/java/com/pml/shared/security/Permission.java,85,84,2,False,False,no,entry:inherited
shared-library,KEEP_ENTRY,SecurityDebugConfiguration,securityDebugFilter,backend/shared-library/src/main/java/com/pml/shared/security/SecurityDebugConfiguration.java,31,0,0,False,False,no,entry:Bean
shared-library,KEEP_ENTRY,SecurityDebugFilter,filter,backend/shared-library/src/main/java/com/pml/shared/security/SecurityDebugFilter.java,39,213,128,False,False,no,framework-override
shared-library,KEEP_ENTRY,SecurityDebugWebFilter,getOrder,backend/shared-library/src/main/java/com/pml/shared/security/SecurityDebugWebFilter.java,181,0,1,False,False,no,framework-override
shared-library,KEEP_ENTRY,SecurityDebugWebFilter,filter,backend/shared-library/src/main/java/com/pml/shared/security/SecurityDebugWebFilter.java,53,213,128,False,False,no,framework-override
shared-library,KEEP_ENTRY,SecurityObservabilityConfig,onStop,backend/shared-library/src/main/java/com/pml/shared/security/SecurityObservabilityConfig.java,105,0,0,False,False,no,framework-override
shared-library,KEEP_ENTRY,SecurityObservabilityConfig,onError,backend/shared-library/src/main/java/com/pml/shared/security/SecurityObservabilityConfig.java,115,1,1,False,False,no,framework-override
shared-library,KEEP_ENTRY,SecurityObservabilityConfig,observationTextPublisher,backend/shared-library/src/main/java/com/pml/shared/security/SecurityObservabilityConfig.java,148,0,0,False,False,no,entry:Bean
shared-library,KEEP_ENTRY,SecurityObservabilityConfig,securityObservationSettings,backend/shared-library/src/main/java/com/pml/shared/security/SecurityObservabilityConfig.java,61,0,0,False,False,no,entry:Bean
shared-library,KEEP_ENTRY,SecurityObservabilityConfig,securityObservationHandler,backend/shared-library/src/main/java/com/pml/shared/security/SecurityObservabilityConfig.java,82,0,0,False,False,no,entry:Bean
shared-library,KEEP_ENTRY,SecurityObservabilityConfig,supportsContext,backend/shared-library/src/main/java/com/pml/shared/security/SecurityObservabilityConfig.java,88,0,0,False,False,no,framework-override
shared-library,KEEP_ENTRY,SecurityObservabilityConfig,onStart,backend/shared-library/src/main/java/com/pml/shared/security/SecurityObservabilityConfig.java,95,0,0,False,False,no,framework-override
shared-library,KEEP_ENTRY,ServiceSecurity,reactiveJwtDecoder,backend/shared-library/src/main/java/com/pml/shared/security/ServiceSecurity.java,36,1,0,False,False,yes,entry:inherited
shared-library,KEEP_ENTRY,ServiceSecurity,securityWebFilterChain,backend/shared-library/src/main/java/com/pml/shared/security/ServiceSecurity.java,40,1,6,False,False,yes,entry:inherited
shared-library,KEEP_ENTRY,ServiceSecurityAutoConfiguration,serviceSecurity,backend/shared-library/src/main/java/com/pml/shared/security/ServiceSecurityAutoConfiguration.java,44,0,0,False,False,yes,entry:Bean
shared-library,KEEP_ENTRY,ServiceChain,reactiveJwtDecoder,backend/shared-library/src/main/java/com/pml/shared/security/ServiceSecurityAutoConfiguration.java,67,1,0,False,False,yes,entry:Bean
shared-library,KEEP_ENTRY,ServiceChain,securityWebFilterChain,backend/shared-library/src/main/java/com/pml/shared/security/ServiceSecurityAutoConfiguration.java,72,1,6,False,False,yes,entry:Bean
shared-library,KEEP_ENTRY,CachedRevocationCheck,check,backend/shared-library/src/main/java/com/pml/shared/security/revocation/CachedRevocationCheck.java,51,7,19,False,False,yes,entry:inherited
shared-library,KEEP_ENTRY,DurableRevocationStore,check,backend/shared-library/src/main/java/com/pml/shared/security/revocation/DurableRevocationStore.java,34,7,19,False,False,no,entry:inherited
shared-library,KEEP_ENTRY,DurableRevocationStore,name,backend/shared-library/src/main/java/com/pml/shared/security/revocation/DurableRevocationStore.java,40,216,118,False,False,no,entry:inherited
shared-library,KEEP_ENTRY,CheckResponse,check,backend/shared-library/src/main/java/com/pml/shared/security/revocation/HttpDurableRevocationStore.java,52,7,19,False,False,no,entry:inherited
shared-library,KEEP_ENTRY,CheckResponse,name,backend/shared-library/src/main/java/com/pml/shared/security/revocation/HttpDurableRevocationStore.java,78,216,118,False,False,no,entry:inherited
shared-library,KEEP_ENTRY,Result,probeOnStartup,backend/shared-library/src/main/java/com/pml/shared/security/revocation/RedisEvictionPolicyProbe.java,61,0,0,False,False,no,entry:EventListener
shared-library,KEEP_ENTRY,RemoteRevocationStoreAutoConfiguration,httpDurableRevocationStore,backend/shared-library/src/main/java/com/pml/shared/security/revocation/RemoteRevocationStoreAutoConfiguration.java,28,0,0,False,False,no,entry:Bean
shared-library,KEEP_ENTRY,RevocationAutoConfiguration,revocationCacheTrust,backend/shared-library/src/main/java/com/pml/shared/security/revocation/RevocationAutoConfiguration.java,106,0,0,False,False,no,entry:Bean
shared-library,KEEP_ENTRY,RevocationAutoConfiguration,redisEvictionPolicyProbe,backend/shared-library/src/main/java/com/pml/shared/security/revocation/RevocationAutoConfiguration.java,113,0,0,False,False,no,entry:Bean
shared-library,KEEP_ENTRY,RevocationAutoConfiguration,revocationCheck,backend/shared-library/src/main/java/com/pml/shared/security/revocation/RevocationAutoConfiguration.java,122,0,0,False,False,no,entry:Bean
shared-library,KEEP_ENTRY,RevocationAutoConfiguration,revocationRequestGuard,backend/shared-library/src/main/java/com/pml/shared/security/revocation/RevocationAutoConfiguration.java,139,0,0,False,False,no,entry:Bean
shared-library,KEEP_ENTRY,RevocationAutoConfiguration,sensitiveOperationGuard,backend/shared-library/src/main/java/com/pml/shared/security/revocation/RevocationAutoConfiguration.java,147,0,0,False,False,no,entry:Bean
shared-library,KEEP_ENTRY,RevocationAutoConfiguration,revocationGuardAspect,backend/shared-library/src/main/java/com/pml/shared/security/revocation/RevocationAutoConfiguration.java,156,0,0,False,False,no,entry:Bean
shared-library,KEEP_ENTRY,RevocationAutoConfiguration,revocationHealthIndicator,backend/shared-library/src/main/java/com/pml/shared/security/revocation/RevocationAutoConfiguration.java,164,0,0,False,False,no,entry:Bean
shared-library,KEEP_ENTRY,RevocationAutoConfiguration,revocationMetrics,backend/shared-library/src/main/java/com/pml/shared/security/revocation/RevocationAutoConfiguration.java,60,0,0,False,False,no,entry:Bean
shared-library,KEEP_ENTRY,RevocationAutoConfiguration,revocationCacheCircuitBreaker,backend/shared-library/src/main/java/com/pml/shared/security/revocation/RevocationAutoConfiguration.java,71,0,0,False,False,no,entry:Bean
shared-library,KEEP_ENTRY,RevocationAutoConfiguration,revocationCacheTimeLimiter,backend/shared-library/src/main/java/com/pml/shared/security/revocation/RevocationAutoConfiguration.java,90,0,0,False,False,no,entry:Bean
shared-library,KEEP_ENTRY,RevocationCheck,check,backend/shared-library/src/main/java/com/pml/shared/security/revocation/RevocationCheck.java,25,7,19,False,False,no,entry:inherited
shared-library,KEEP_ENTRY,RevocationGuardAspect,enforce,backend/shared-library/src/main/java/com/pml/shared/security/revocation/RevocationGuardAspect.java,35,0,0,False,False,no,entry:Around
shared-library,KEEP_ENTRY,RevocationGuardAspect,enforceMutation,backend/shared-library/src/main/java/com/pml/shared/security/revocation/RevocationGuardAspect.java,43,0,0,False,False,no,entry:Around
shared-library,KEEP_ENTRY,RevocationHealthIndicator,health,backend/shared-library/src/main/java/com/pml/shared/security/revocation/RevocationHealthIndicator.java,44,0,0,False,False,no,entry:inherited
shared-library,KEEP_ENTRY,RevocationKeys,user,backend/shared-library/src/main/java/com/pml/shared/security/revocation/RevocationKeys.java,32,3,18,True,False,yes,entry:inherited
shared-library,KEEP_ENTRY,SensitiveOperationGuard,apply,backend/shared-library/src/main/java/com/pml/shared/security/revocation/SensitiveOperationGuard.java,53,26,4,False,False,no,framework-name
shared-library,KEEP_ENTRY,CurrentTenantScope,get,backend/shared-library/src/main/java/com/pml/shared/security/tenancy/CurrentTenantScope.java,38,334,233,False,False,yes,framework-name
shared-library,KEEP_ENTRY,RemoteTenantMembershipsAutoConfiguration,remoteTenantMemberships,backend/shared-library/src/main/java/com/pml/shared/security/tenancy/RemoteTenantMembershipsAutoConfiguration.java,24,0,0,False,False,no,entry:Bean
shared-library,KEEP_ENTRY,TenantScope,toString,backend/shared-library/src/main/java/com/pml/shared/security/tenancy/TenantScope.java,79,117,114,False,False,yes,framework-override
shared-library,KEEP_ENTRY,TenantScopeAutoConfiguration,tenantScopeWebFilter,backend/shared-library/src/main/java/com/pml/shared/security/tenancy/TenantScopeAutoConfiguration.java,27,0,1,False,False,yes,entry:Bean
shared-library,KEEP_ENTRY,TenantScopeWebFilter,filter,backend/shared-library/src/main/java/com/pml/shared/security/tenancy/TenantScopeWebFilter.java,56,213,128,False,False,yes,framework-override
shared-library,KEEP_ENTRY,TenantScopeWebFilter,resolve,backend/shared-library/src/main/java/com/pml/shared/security/tenancy/TenantScopeWebFilter.java,68,20,108,False,False,yes,framework-name
shared-library,KEEP_ENTRY,TenantScopeWebFilter,getOrder,backend/shared-library/src/main/java/com/pml/shared/security/tenancy/TenantScopeWebFilter.java,95,0,1,False,False,yes,framework-override
shared-library,KEEP_MANUAL,BoundedRetry,onVersionConflict,backend/shared-library/src/main/java/com/pml/shared/persistence/BoundedRetry.java,41,1,3,False,False,yes,
shared-library,KEEP_MANUAL,BoundedRetry,onVersionConflict,backend/shared-library/src/main/java/com/pml/shared/persistence/BoundedRetry.java,45,1,3,False,False,yes,
shared-library,LIVE,LocalDatastoreGuard,hostOf,backend/shared-library/src/main/java/com/pml/shared/config/LocalDatastoreGuard.java,101,1,0,False,False,yes,
shared-library,LIVE,LocalDatastoreGuard,hostsIn,backend/shared-library/src/main/java/com/pml/shared/config/LocalDatastoreGuard.java,77,1,0,False,False,yes,
shared-library,LIVE,MongoSchemaValidationConfig,getSchemaDefinitions,backend/shared-library/src/main/java/com/pml/shared/config/MongoSchemaValidationConfig.java,126,1,3,False,False,no,
shared-library,LIVE,MongoSchemaValidationConfig,newSchemaMap,backend/shared-library/src/main/java/com/pml/shared/config/MongoSchemaValidationConfig.java,260,3,0,False,False,yes,
shared-library,LIVE,ChargebackStatus,isInProgress,backend/shared-library/src/main/java/com/pml/shared/constants/ChargebackStatus.java,202,2,0,False,False,no,
shared-library,LIVE,ChargebackStatus,isTerminal,backend/shared-library/src/main/java/com/pml/shared/constants/ChargebackStatus.java,211,2,0,False,False,no,
shared-library,LIVE,ChargebackStatus,isLoss,backend/shared-library/src/main/java/com/pml/shared/constants/ChargebackStatus.java,222,2,0,False,False,no,
shared-library,LIVE,EventStatus,getCode,backend/shared-library/src/main/java/com/pml/shared/constants/EventStatus.java,29,22,0,False,False,no,
shared-library,LIVE,EventStatus,getDisplayName,backend/shared-library/src/main/java/com/pml/shared/constants/EventStatus.java,33,5,0,False,False,no,
shared-library,LIVE,EventStatus,getDescription,backend/shared-library/src/main/java/com/pml/shared/constants/EventStatus.java,37,23,2,False,False,no,
shared-library,LIVE,EventStatus,isActive,backend/shared-library/src/main/java/com/pml/shared/constants/EventStatus.java,50,53,16,False,False,no,
shared-library,LIVE,EventStatus,isEditable,backend/shared-library/src/main/java/com/pml/shared/constants/EventStatus.java,54,1,0,False,False,no,
shared-library,LIVE,EventStatus,isFinal,backend/shared-library/src/main/java/com/pml/shared/constants/EventStatus.java,58,1,0,False,False,no,
shared-library,LIVE,Money,round,backend/shared-library/src/main/java/com/pml/shared/constants/Money.java,43,13,8,False,False,yes,
shared-library,LIVE,Money,percentageOf,backend/shared-library/src/main/java/com/pml/shared/constants/Money.java,54,1,5,False,False,yes,
shared-library,LIVE,OrganizationStatus,canCreateDraftEvents,backend/shared-library/src/main/java/com/pml/shared/constants/OrganizationStatus.java,101,2,0,False,False,yes,
shared-library,LIVE,OrganizationStatus,isInApprovalWorkflow,backend/shared-library/src/main/java/com/pml/shared/constants/OrganizationStatus.java,120,1,0,False,False,no,
shared-library,LIVE,PaymentProvider,getCode,backend/shared-library/src/main/java/com/pml/shared/constants/PaymentProvider.java,21,22,0,False,False,no,
shared-library,LIVE,PaymentProvider,getDisplayName,backend/shared-library/src/main/java/com/pml/shared/constants/PaymentProvider.java,22,5,0,False,False,no,
shared-library,LIVE,PayoutMethod,getCode,backend/shared-library/src/main/java/com/pml/shared/constants/PayoutMethod.java,24,22,0,False,False,no,
shared-library,LIVE,PayoutMethod,getDisplayName,backend/shared-library/src/main/java/com/pml/shared/constants/PayoutMethod.java,28,5,0,False,False,no,
shared-library,LIVE,PayoutMethod,getDescription,backend/shared-library/src/main/java/com/pml/shared/constants/PayoutMethod.java,32,23,2,False,False,no,
shared-library,LIVE,PayoutRequestStatus,getCode,backend/shared-library/src/main/java/com/pml/shared/constants/PayoutRequestStatus.java,35,22,0,False,False,no,
shared-library,LIVE,PayoutRequestStatus,getDisplayName,backend/shared-library/src/main/java/com/pml/shared/constants/PayoutRequestStatus.java,39,5,0,False,False,no,
shared-library,LIVE,PayoutRequestStatus,getDescription,backend/shared-library/src/main/java/com/pml/shared/constants/PayoutRequestStatus.java,43,23,2,False,False,no,
shared-library,LIVE,PayoutRequestStatus,isPending,backend/shared-library/src/main/java/com/pml/shared/constants/PayoutRequestStatus.java,59,14,1,False,False,no,
shared-library,LIVE,PayoutRequestStatus,isCompleted,backend/shared-library/src/main/java/com/pml/shared/constants/PayoutRequestStatus.java,63,1,1,False,False,no,
shared-library,LIVE,PayoutRequestStatus,isFinal,backend/shared-library/src/main/java/com/pml/shared/constants/PayoutRequestStatus.java,67,1,0,False,False,no,
shared-library,LIVE,PayoutReviewStatus,getCode,backend/shared-library/src/main/java/com/pml/shared/constants/PayoutReviewStatus.java,26,22,0,False,False,no,
shared-library,LIVE,PayoutReviewStatus,getDisplayName,backend/shared-library/src/main/java/com/pml/shared/constants/PayoutReviewStatus.java,30,5,0,False,False,no,
shared-library,LIVE,PayoutReviewStatus,getDescription,backend/shared-library/src/main/java/com/pml/shared/constants/PayoutReviewStatus.java,34,23,2,False,False,no,
shared-library,LIVE,PayoutReviewStatus,isComplete,backend/shared-library/src/main/java/com/pml/shared/constants/PayoutReviewStatus.java,50,1,0,False,False,no,
shared-library,LIVE,PlatformTime,atZone,backend/shared-library/src/main/java/com/pml/shared/constants/PlatformTime.java,43,13,4,False,False,yes,
shared-library,LIVE,RefundRequestStatus,getCode,backend/shared-library/src/main/java/com/pml/shared/constants/RefundRequestStatus.java,28,22,0,False,False,no,
shared-library,LIVE,RefundRequestStatus,getDisplayName,backend/shared-library/src/main/java/com/pml/shared/constants/RefundRequestStatus.java,32,5,0,False,False,no,
shared-library,LIVE,RefundRequestStatus,getDescription,backend/shared-library/src/main/java/com/pml/shared/constants/RefundRequestStatus.java,36,23,2,False,False,no,
shared-library,LIVE,RefundRequestStatus,isPending,backend/shared-library/src/main/java/com/pml/shared/constants/RefundRequestStatus.java,52,14,1,False,False,no,
shared-library,LIVE,RefundRequestStatus,isCompleted,backend/shared-library/src/main/java/com/pml/shared/constants/RefundRequestStatus.java,56,1,1,False,False,no,
shared-library,LIVE,RefundRequestStatus,isFinal,backend/shared-library/src/main/java/com/pml/shared/constants/RefundRequestStatus.java,60,1,0,False,False,no,
shared-library,LIVE,RefundRequestType,getCode,backend/shared-library/src/main/java/com/pml/shared/constants/RefundRequestType.java,23,22,0,False,False,no,
shared-library,LIVE,RefundRequestType,getDisplayName,backend/shared-library/src/main/java/com/pml/shared/constants/RefundRequestType.java,24,5,0,False,False,no,
shared-library,LIVE,TicketCategory,getCode,backend/shared-library/src/main/java/com/pml/shared/constants/TicketCategory.java,32,22,0,False,False,no,
shared-library,LIVE,TicketCategory,getDisplayName,backend/shared-library/src/main/java/com/pml/shared/constants/TicketCategory.java,33,5,0,False,False,no,
shared-library,LIVE,TicketCategory,isPremium,backend/shared-library/src/main/java/com/pml/shared/constants/TicketCategory.java,34,1,0,False,False,no,
shared-library,LIVE,TicketCategory,isPreSale,backend/shared-library/src/main/java/com/pml/shared/constants/TicketCategory.java,35,1,0,False,False,no,
shared-library,LIVE,TicketPaymentStatus,getCode,backend/shared-library/src/main/java/com/pml/shared/constants/TicketPaymentStatus.java,22,22,0,False,False,no,
shared-library,LIVE,TicketPaymentStatus,getDisplayName,backend/shared-library/src/main/java/com/pml/shared/constants/TicketPaymentStatus.java,23,5,0,False,False,no,
shared-library,LIVE,TicketPaymentStatus,getDescription,backend/shared-library/src/main/java/com/pml/shared/constants/TicketPaymentStatus.java,24,23,2,False,False,no,
shared-library,LIVE,TicketPaymentStatus,isSuccessful,backend/shared-library/src/main/java/com/pml/shared/constants/TicketPaymentStatus.java,26,1,0,False,False,no,
shared-library,LIVE,TicketPaymentStatus,isPending,backend/shared-library/src/main/java/com/pml/shared/constants/TicketPaymentStatus.java,27,14,1,False,False,no,
shared-library,LIVE,TicketPaymentStatus,isFailed,backend/shared-library/src/main/java/com/pml/shared/constants/TicketPaymentStatus.java,28,2,0,False,False,no,
shared-library,LIVE,TicketRefundStatus,getCode,backend/shared-library/src/main/java/com/pml/shared/constants/TicketRefundStatus.java,23,22,0,False,False,no,
shared-library,LIVE,TicketRefundStatus,getDisplayName,backend/shared-library/src/main/java/com/pml/shared/constants/TicketRefundStatus.java,24,5,0,False,False,no,
shared-library,LIVE,TicketRefundStatus,getDescription,backend/shared-library/src/main/java/com/pml/shared/constants/TicketRefundStatus.java,25,23,2,False,False,no,
shared-library,LIVE,TicketStatus,isSold,backend/shared-library/src/main/java/com/pml/shared/constants/TicketStatus.java,67,6,0,False,False,no,
shared-library,LIVE,TicketStatus,isAdmissible,backend/shared-library/src/main/java/com/pml/shared/constants/TicketStatus.java,72,1,0,False,False,no,
shared-library,LIVE,TicketStatus,isAdmitted,backend/shared-library/src/main/java/com/pml/shared/constants/TicketStatus.java,77,1,0,False,False,yes,
shared-library,LIVE,TicketStatus,isTerminal,backend/shared-library/src/main/java/com/pml/shared/constants/TicketStatus.java,82,2,0,False,False,no,
shared-library,LIVE,TicketStatus,isRefundable,backend/shared-library/src/main/java/com/pml/shared/constants/TicketStatus.java,92,7,0,False,False,no,
shared-library,LIVE,TransactionStatus,getCode,backend/shared-library/src/main/java/com/pml/shared/constants/TransactionStatus.java,32,22,0,False,False,no,
shared-library,LIVE,TransactionStatus,getDisplayName,backend/shared-library/src/main/java/com/pml/shared/constants/TransactionStatus.java,36,5,0,False,False,no,
shared-library,LIVE,TransactionStatus,getDescription,backend/shared-library/src/main/java/com/pml/shared/constants/TransactionStatus.java,40,23,2,False,False,no,
shared-library,LIVE,TransactionStatus,isSuccessful,backend/shared-library/src/main/java/com/pml/shared/constants/TransactionStatus.java,53,1,0,False,False,no,
shared-library,LIVE,TransactionStatus,isFailed,backend/shared-library/src/main/java/com/pml/shared/constants/TransactionStatus.java,57,2,0,False,False,no,
shared-library,LIVE,TransactionStatus,isInProgress,backend/shared-library/src/main/java/com/pml/shared/constants/TransactionStatus.java,61,2,0,False,False,no,
shared-library,LIVE,TransactionType,getCode,backend/shared-library/src/main/java/com/pml/shared/constants/TransactionType.java,37,22,0,False,False,no,
shared-library,LIVE,TransactionType,getDisplayName,backend/shared-library/src/main/java/com/pml/shared/constants/TransactionType.java,38,5,0,False,False,no,
shared-library,LIVE,UserType,canAddRole,backend/shared-library/src/main/java/com/pml/shared/constants/UserType.java,126,2,0,False,False,yes,
shared-library,LIVE,UserType,canRemoveRole,backend/shared-library/src/main/java/com/pml/shared/constants/UserType.java,148,2,0,False,False,yes,
shared-library,LIVE,UserType,getCode,backend/shared-library/src/main/java/com/pml/shared/constants/UserType.java,37,22,0,False,False,no,
shared-library,LIVE,UserType,getDisplayName,backend/shared-library/src/main/java/com/pml/shared/constants/UserType.java,41,5,0,False,False,no,
shared-library,LIVE,UserType,getDescription,backend/shared-library/src/main/java/com/pml/shared/constants/UserType.java,45,23,2,False,False,no,
shared-library,LIVE,UserType,isValidRoleCombination,backend/shared-library/src/main/java/com/pml/shared/constants/UserType.java,96,4,0,False,False,yes,
shared-library,LIVE,TicketCategoryDto,priceAt,backend/shared-library/src/main/java/com/pml/shared/dto/EventSummaryDto.java,103,1,1,False,False,yes,
shared-library,LIVE,AuthorizationResult,denied,backend/shared-library/src/main/java/com/pml/shared/dto/authorization/AuthorizationResult.java,102,12,4,False,False,yes,
shared-library,LIVE,AuthorizationResult,deniedNotMember,backend/shared-library/src/main/java/com/pml/shared/dto/authorization/AuthorizationResult.java,112,1,2,False,False,yes,
shared-library,LIVE,AuthorizationResult,deniedInsufficientPermissions,backend/shared-library/src/main/java/com/pml/shared/dto/authorization/AuthorizationResult.java,119,2,2,False,False,yes,
shared-library,LIVE,AuthorizationResult,authorizedAsMember,backend/shared-library/src/main/java/com/pml/shared/dto/authorization/AuthorizationResult.java,77,1,0,False,False,yes,
shared-library,LIVE,AuthorizationResult,authorizedByEventGrant,backend/shared-library/src/main/java/com/pml/shared/dto/authorization/AuthorizationResult.java,90,1,2,False,False,yes,
shared-library,LIVE,DomainRefusal,errorCode,backend/shared-library/src/main/java/com/pml/shared/error/DomainRefusal.java,75,32,52,False,False,yes,
shared-library,LIVE,DomainRefusal,classification,backend/shared-library/src/main/java/com/pml/shared/error/DomainRefusal.java,80,5,6,False,False,yes,
shared-library,LIVE,DomainRefusal,retryable,backend/shared-library/src/main/java/com/pml/shared/error/DomainRefusal.java,91,5,13,False,False,yes,
shared-library,LIVE,DomainRefusal,details,backend/shared-library/src/main/java/com/pml/shared/error/DomainRefusal.java,96,4,15,False,False,yes,
shared-library,LIVE,DuplicateKeys,isDuplicateKey,backend/shared-library/src/main/java/com/pml/shared/error/DuplicateKeys.java,39,2,1,False,False,yes,
shared-library,LIVE,DuplicateKeys,describe,backend/shared-library/src/main/java/com/pml/shared/error/DuplicateKeys.java,57,2,14,False,False,yes,
shared-library,LIVE,ErrorCode,classification,backend/shared-library/src/main/java/com/pml/shared/error/ErrorCode.java,262,5,6,False,False,yes,
shared-library,LIVE,ErrorCode,retryable,backend/shared-library/src/main/java/com/pml/shared/error/ErrorCode.java,267,5,13,False,False,yes,
shared-library,LIVE,FieldViolation,asExtension,backend/shared-library/src/main/java/com/pml/shared/error/FieldViolation.java,27,1,0,False,False,yes,
shared-library,LIVE,GraphQlErrors,refusalMessage,backend/shared-library/src/main/java/com/pml/shared/error/GraphQlErrors.java,102,2,5,False,False,yes,
shared-library,LIVE,GraphQlErrors,base,backend/shared-library/src/main/java/com/pml/shared/error/GraphQlErrors.java,106,2,0,False,False,yes,
shared-library,LIVE,GraphQlErrors,forRefusal,backend/shared-library/src/main/java/com/pml/shared/error/GraphQlErrors.java,50,1,1,False,False,yes,
shared-library,LIVE,GraphQlErrors,forDefect,backend/shared-library/src/main/java/com/pml/shared/error/GraphQlErrors.java,73,2,3,False,False,yes,
shared-library,LIVE,GraphQlErrors,defectMessage,backend/shared-library/src/main/java/com/pml/shared/error/GraphQlErrors.java,83,2,3,False,False,yes,
shared-library,LIVE,PlatformDataFetcherExceptionHandler,describePath,backend/shared-library/src/main/java/com/pml/shared/error/PlatformDataFetcherExceptionHandler.java,115,2,0,False,False,yes,
shared-library,LIVE,PlatformDataFetcherExceptionHandler,locate,backend/shared-library/src/main/java/com/pml/shared/error/PlatformDataFetcherExceptionHandler.java,135,20,6,False,False,yes,
shared-library,LIVE,PlatformDataFetcherExceptionHandler,toErrorType,backend/shared-library/src/main/java/com/pml/shared/error/PlatformDataFetcherExceptionHandler.java,152,1,0,False,False,yes,
shared-library,LIVE,PlatformDataFetcherExceptionHandler,refusalError,backend/shared-library/src/main/java/com/pml/shared/error/PlatformDataFetcherExceptionHandler.java,70,1,0,False,False,yes,
shared-library,LIVE,PlatformDataFetcherExceptionHandler,defectError,backend/shared-library/src/main/java/com/pml/shared/error/PlatformDataFetcherExceptionHandler.java,90,1,0,False,False,yes,
shared-library,LIVE,PlatformProblemDetailAdvice,statusOf,backend/shared-library/src/main/java/com/pml/shared/error/PlatformProblemDetailAdvice.java,104,1,0,False,False,yes,
shared-library,LIVE,PlatformProblemDetailAdvice,refusalProblem,backend/shared-library/src/main/java/com/pml/shared/error/PlatformProblemDetailAdvice.java,66,1,0,False,False,yes,
shared-library,LIVE,PlatformRefusalTranslator,translate,backend/shared-library/src/main/java/com/pml/shared/error/PlatformRefusalTranslator.java,43,5,19,False,False,yes,
shared-library,LIVE,RefusalResolution,unwrap,backend/shared-library/src/main/java/com/pml/shared/error/RefusalResolution.java,78,5,1,False,False,yes,
shared-library,LIVE,TenantBoundary,refuse,backend/shared-library/src/main/java/com/pml/shared/error/TenantBoundary.java,52,48,8,False,False,yes,
shared-library,LIVE,ValidationRefusal,sorted,backend/shared-library/src/main/java/com/pml/shared/error/ValidationRefusal.java,45,5,18,False,False,yes,
shared-library,LIVE,ValidationRefusal,fieldsExtension,backend/shared-library/src/main/java/com/pml/shared/error/ValidationRefusal.java,52,1,0,False,False,yes,
shared-library,LIVE,ValidationRefusal,developerMessage,backend/shared-library/src/main/java/com/pml/shared/error/ValidationRefusal.java,65,1,0,False,False,yes,
shared-library,LIVE,ValidationTranslation,inputPath,backend/shared-library/src/main/java/com/pml/shared/error/ValidationTranslation.java,109,1,0,False,False,yes,
shared-library,LIVE,ValidationTranslation,of,backend/shared-library/src/main/java/com/pml/shared/error/ValidationTranslation.java,31,476,606,False,False,yes,
shared-library,LIVE,ValidationTranslation,fromConstraints,backend/shared-library/src/main/java/com/pml/shared/error/ValidationTranslation.java,41,1,0,False,False,yes,
shared-library,LIVE,ValidationTranslation,constraintName,backend/shared-library/src/main/java/com/pml/shared/error/ValidationTranslation.java,73,1,0,False,False,yes,
shared-library,LIVE,DeadLetter,from,backend/shared-library/src/main/java/com/pml/shared/event/DeadLetter.java,42,73,47,False,False,yes,
shared-library,LIVE,DeadLetterDepth,produced,backend/shared-library/src/main/java/com/pml/shared/event/DeadLetterDepth.java,46,2,0,False,False,yes,
shared-library,LIVE,EventEnvelopes,of,backend/shared-library/src/main/java/com/pml/shared/event/EventEnvelopes.java,39,476,606,False,False,yes,
shared-library,LIVE,EventEnvelopes,of,backend/shared-library/src/main/java/com/pml/shared/event/EventEnvelopes.java,98,476,606,False,False,yes,
shared-library,LIVE,EventType,requiredKeys,backend/shared-library/src/main/java/com/pml/shared/event/EventType.java,103,3,4,False,False,yes,
shared-library,LIVE,EventType,sourceService,backend/shared-library/src/main/java/com/pml/shared/event/EventType.java,108,2,3,False,False,yes,
shared-library,LIVE,EventType,ofWireName,backend/shared-library/src/main/java/com/pml/shared/event/EventType.java,120,3,1,False,False,yes,
shared-library,LIVE,EventType,sessionKey,backend/shared-library/src/main/java/com/pml/shared/event/EventType.java,79,2,1,False,False,yes,
shared-library,LIVE,EventType,wireName,backend/shared-library/src/main/java/com/pml/shared/event/EventType.java,99,3,23,False,False,yes,
shared-library,LIVE,Outbox,claimOne,backend/shared-library/src/main/java/com/pml/shared/event/Outbox.java,110,1,0,False,False,yes,
shared-library,LIVE,Outbox,markSent,backend/shared-library/src/main/java/com/pml/shared/event/Outbox.java,139,2,4,False,False,yes,
shared-library,LIVE,Outbox,reclaimStale,backend/shared-library/src/main/java/com/pml/shared/event/Outbox.java,161,1,1,False,False,yes,
shared-library,LIVE,Outbox,toEnvelope,backend/shared-library/src/main/java/com/pml/shared/event/Outbox.java,177,1,0,False,False,yes,
shared-library,LIVE,Outbox,pendingCount,backend/shared-library/src/main/java/com/pml/shared/event/Outbox.java,190,1,5,False,False,yes,
shared-library,LIVE,OutboxDrain,pendingCount,backend/shared-library/src/main/java/com/pml/shared/event/OutboxDrain.java,112,1,5,False,False,yes,
shared-library,LIVE,OutboxDrain,publishPending,backend/shared-library/src/main/java/com/pml/shared/event/OutboxDrain.java,99,1,11,False,False,yes,
shared-library,LIVE,RetryBudget,toRetry,backend/shared-library/src/main/java/com/pml/shared/event/RetryBudget.java,81,1,0,False,False,yes,
shared-library,LIVE,PageSizeExceeded,code,backend/shared-library/src/main/java/com/pml/shared/graphql/PageSize.java,106,45,58,False,False,yes,
shared-library,LIVE,PageSize,require,backend/shared-library/src/main/java/com/pml/shared/graphql/PageSize.java,43,35,15,False,False,yes,
shared-library,LIVE,PageSize,require,backend/shared-library/src/main/java/com/pml/shared/graphql/PageSize.java,59,35,15,False,False,yes,
shared-library,LIVE,TemporalGateway,newWorkflow,backend/shared-library/src/main/java/com/pml/shared/infrastructure/temporal/TemporalGateway.java,31,17,0,False,False,yes,
shared-library,LIVE,TemporalGateway,newWorkflow,backend/shared-library/src/main/java/com/pml/shared/infrastructure/temporal/TemporalGateway.java,44,17,0,False,False,yes,
shared-library,LIVE,TemporalGateway,client,backend/shared-library/src/main/java/com/pml/shared/infrastructure/temporal/TemporalGateway.java,83,3,2,False,False,yes,
shared-library,LIVE,Result,renamed,backend/shared-library/src/main/java/com/pml/shared/migration/CollectionRenameMigration.java,71,1,2,False,False,yes,
shared-library,LIVE,Result,refusals,backend/shared-library/src/main/java/com/pml/shared/migration/CollectionRenameMigration.java,77,3,1,False,False,yes,
shared-library,LIVE,Result,isClean,backend/shared-library/src/main/java/com/pml/shared/migration/CollectionRenameMigration.java,81,9,11,False,False,yes,
shared-library,LIVE,Result,total,backend/shared-library/src/main/java/com/pml/shared/migration/DocumentBackfill.java,47,3,6,False,False,yes,
shared-library,LIVE,MigrationRunner,isEnabled,backend/shared-library/src/main/java/com/pml/shared/migration/MigrationRunner.java,70,10,0,False,False,no,
shared-library,LIVE,MigrationRunner,isFailFast,backend/shared-library/src/main/java/com/pml/shared/migration/MigrationRunner.java,73,2,0,False,False,no,
shared-library,LIVE,RedundantSourceDrop,idsNotIn,backend/shared-library/src/main/java/com/pml/shared/migration/RedundantSourceDrop.java,104,1,0,False,False,yes,
shared-library,LIVE,RedundantSourceDrop,drop,backend/shared-library/src/main/java/com/pml/shared/migration/RedundantSourceDrop.java,122,8,12,False,False,yes,
shared-library,LIVE,RedundantSourceDrop,dropIfRedundant,backend/shared-library/src/main/java/com/pml/shared/migration/RedundantSourceDrop.java,64,3,8,False,False,yes,
shared-library,LIVE,RedundantSourceDrop,collectionExists,backend/shared-library/src/main/java/com/pml/shared/migration/RedundantSourceDrop.java,92,10,2,False,False,yes,
shared-library,LIVE,Report,conflicts,backend/shared-library/src/main/java/com/pml/shared/persistence/IndexEnsurer.java,38,5,0,False,False,yes,
shared-library,LIVE,Report,isClean,backend/shared-library/src/main/java/com/pml/shared/persistence/IndexEnsurer.java,42,9,11,False,False,yes,
shared-library,LIVE,Builder,partialWhereTypeIs,backend/shared-library/src/main/java/com/pml/shared/persistence/IndexSpec.java,111,7,2,False,False,yes,
shared-library,LIVE,Builder,expireAfter,backend/shared-library/src/main/java/com/pml/shared/persistence/IndexSpec.java,116,14,15,False,False,yes,
shared-library,LIVE,Builder,text,backend/shared-library/src/main/java/com/pml/shared/persistence/IndexSpec.java,121,6,4,False,False,yes,
shared-library,LIVE,Builder,build,backend/shared-library/src/main/java/com/pml/shared/persistence/IndexSpec.java,129,693,189,False,False,yes,
shared-library,LIVE,IndexSpec,on,backend/shared-library/src/main/java/com/pml/shared/persistence/IndexSpec.java,32,282,12,False,False,yes,
shared-library,LIVE,IndexSpec,keyDocument,backend/shared-library/src/main/java/com/pml/shared/persistence/IndexSpec.java,37,3,1,False,False,yes,
shared-library,LIVE,Builder,asc,backend/shared-library/src/main/java/com/pml/shared/persistence/IndexSpec.java,59,344,8,False,False,yes,
shared-library,LIVE,Builder,desc,backend/shared-library/src/main/java/com/pml/shared/persistence/IndexSpec.java,64,14,0,False,False,yes,
shared-library,LIVE,Builder,unique,backend/shared-library/src/main/java/com/pml/shared/persistence/IndexSpec.java,69,54,14,False,False,yes,
shared-library,LIVE,Builder,partial,backend/shared-library/src/main/java/com/pml/shared/persistence/IndexSpec.java,99,7,0,False,False,yes,
shared-library,LIVE,InternalServiceWebClients,unauthenticated,backend/shared-library/src/main/java/com/pml/shared/security/InternalServiceWebClients.java,24,1,3,False,False,yes,
shared-library,LIVE,InternalServiceWebClients,to,backend/shared-library/src/main/java/com/pml/shared/security/InternalServiceWebClients.java,29,9,3,False,False,yes,
shared-library,LIVE,KeycloakGrantedAuthoritiesConverter,extractRealmRoles,backend/shared-library/src/main/java/com/pml/shared/security/KeycloakGrantedAuthoritiesConverter.java,106,1,0,False,False,yes,
shared-library,LIVE,KeycloakGrantedAuthoritiesConverter,extractClientRoles,backend/shared-library/src/main/java/com/pml/shared/security/KeycloakGrantedAuthoritiesConverter.java,129,1,0,False,False,yes,
shared-library,LIVE,KeycloakGrantedAuthoritiesConverter,extractScopes,backend/shared-library/src/main/java/com/pml/shared/security/KeycloakGrantedAuthoritiesConverter.java,89,1,0,False,False,yes,
shared-library,LIVE,KeycloakJwtAuthenticationConverter,servletConverter,backend/shared-library/src/main/java/com/pml/shared/security/KeycloakJwtAuthenticationConverter.java,56,2,0,False,False,yes,
shared-library,LIVE,KeycloakJwtAuthenticationConverter,servletConverter,backend/shared-library/src/main/java/com/pml/shared/security/KeycloakJwtAuthenticationConverter.java,67,2,0,False,False,yes,
shared-library,LIVE,KeycloakJwtAuthenticationConverter,reactiveConverter,backend/shared-library/src/main/java/com/pml/shared/security/KeycloakJwtAuthenticationConverter.java,85,2,0,False,False,yes,
shared-library,LIVE,KeycloakJwtAuthenticationConverter,reactiveConverter,backend/shared-library/src/main/java/com/pml/shared/security/KeycloakJwtAuthenticationConverter.java,98,2,0,False,False,yes,
shared-library,LIVE,MultiIssuerJwtResolver,csv,backend/shared-library/src/main/java/com/pml/shared/security/MultiIssuerJwtResolver.java,111,3,0,False,False,yes,
shared-library,LIVE,MultiIssuerJwtResolver,decoderFor,backend/shared-library/src/main/java/com/pml/shared/security/MultiIssuerJwtResolver.java,149,2,1,False,False,yes,
shared-library,LIVE,MultiIssuerJwtResolver,buildManager,backend/shared-library/src/main/java/com/pml/shared/security/MultiIssuerJwtResolver.java,165,1,0,False,False,yes,
shared-library,LIVE,MultiIssuerJwtResolver,audienceValidator,backend/shared-library/src/main/java/com/pml/shared/security/MultiIssuerJwtResolver.java,177,1,0,False,False,yes,
shared-library,LIVE,MultiIssuerJwtResolver,forIssuers,backend/shared-library/src/main/java/com/pml/shared/security/MultiIssuerJwtResolver.java,68,1,0,False,False,yes,
shared-library,LIVE,MultiIssuerJwtResolver,mergeIssuers,backend/shared-library/src/main/java/com/pml/shared/security/MultiIssuerJwtResolver.java,97,1,0,False,False,yes,
shared-library,LIVE,PlatformResourceServer,jwt,backend/shared-library/src/main/java/com/pml/shared/security/PlatformResourceServer.java,53,3,6,False,False,yes,
shared-library,LIVE,PlatformResourceServer,decoder,backend/shared-library/src/main/java/com/pml/shared/security/PlatformResourceServer.java,77,2,0,False,False,yes,
shared-library,LIVE,PlatformResourceServer,warnIfAudienceUnchecked,backend/shared-library/src/main/java/com/pml/shared/security/PlatformResourceServer.java,82,1,0,False,False,yes,
shared-library,LIVE,SecurityContextUtils,getJwt,backend/shared-library/src/main/java/com/pml/shared/security/SecurityContextUtils.java,120,5,0,False,False,yes,
shared-library,LIVE,SecurityContextUtils,getAuthentication,backend/shared-library/src/main/java/com/pml/shared/security/SecurityContextUtils.java,132,30,0,False,False,yes,
shared-library,LIVE,SecurityContextUtils,getCurrentAuthorities,backend/shared-library/src/main/java/com/pml/shared/security/SecurityContextUtils.java,143,1,0,False,False,no,
shared-library,LIVE,SecurityContextUtils,getAuthenticationContext,backend/shared-library/src/main/java/com/pml/shared/security/SecurityContextUtils.java,159,5,0,False,False,no,
shared-library,LIVE,SecurityContextUtils,getCurrentUserId,backend/shared-library/src/main/java/com/pml/shared/security/SecurityContextUtils.java,67,40,0,False,False,yes,
shared-library,LIVE,SecurityContextUtils,requireCurrentUserId,backend/shared-library/src/main/java/com/pml/shared/security/SecurityContextUtils.java,81,107,0,False,False,yes,
shared-library,LIVE,SecurityContextUtils,getCurrentUserEmail,backend/shared-library/src/main/java/com/pml/shared/security/SecurityContextUtils.java,91,5,0,False,False,no,
shared-library,LIVE,CachedRevocationCheck,checkDurable,backend/shared-library/src/main/java/com/pml/shared/security/revocation/CachedRevocationCheck.java,120,2,0,False,False,yes,
shared-library,LIVE,CachedRevocationCheck,checkCache,backend/shared-library/src/main/java/com/pml/shared/security/revocation/CachedRevocationCheck.java,93,1,0,False,False,yes,
shared-library,LIVE,RevocationCacheTrust,isComplete,backend/shared-library/src/main/java/com/pml/shared/security/revocation/RevocationCacheTrust.java,65,1,0,False,False,yes,
shared-library,LIVE,RevocationIdentifier,cacheKey,backend/shared-library/src/main/java/com/pml/shared/security/revocation/RevocationIdentifier.java,24,6,1,False,False,yes,
shared-library,LIVE,RevocationIdentifier,storageId,backend/shared-library/src/main/java/com/pml/shared/security/revocation/RevocationIdentifier.java,29,1,1,False,False,yes,
shared-library,LIVE,RevocationIdentifier,from,backend/shared-library/src/main/java/com/pml/shared/security/revocation/RevocationIdentifier.java,38,73,47,False,False,yes,
shared-library,LIVE,RevocationIdentifier,addIfPresent,backend/shared-library/src/main/java/com/pml/shared/security/revocation/RevocationIdentifier.java,46,3,0,False,False,yes,
shared-library,LIVE,RevocationKeys,token,backend/shared-library/src/main/java/com/pml/shared/security/revocation/RevocationKeys.java,24,2,8,False,False,yes,
shared-library,LIVE,RevocationKeys,session,backend/shared-library/src/main/java/com/pml/shared/security/revocation/RevocationKeys.java,28,2,1,False,False,yes,
shared-library,LIVE,RevocationMetrics,checkTimer,backend/shared-library/src/main/java/com/pml/shared/security/revocation/RevocationMetrics.java,113,1,0,False,False,yes,
shared-library,LIVE,RevocationMetrics,checkCompleted,backend/shared-library/src/main/java/com/pml/shared/security/revocation/RevocationMetrics.java,56,5,0,False,False,yes,
shared-library,LIVE,RevocationMetrics,degraded,backend/shared-library/src/main/java/com/pml/shared/security/revocation/RevocationMetrics.java,70,2,0,False,False,yes,
shared-library,LIVE,RevocationType,documentId,backend/shared-library/src/main/java/com/pml/shared/security/revocation/RevocationType.java,46,2,1,False,False,yes,
shared-library,LIVE,RevocationUnavailableException,getOperation,backend/shared-library/src/main/java/com/pml/shared/security/revocation/RevocationUnavailableException.java,29,1,0,False,False,no,
shared-library,LIVE,CurrentTenantScope,seed,backend/shared-library/src/main/java/com/pml/shared/security/tenancy/CurrentTenantScope.java,48,2,67,False,False,yes,
shared-library,LIVE,RemoteTenantMemberships,activeOrganizationIdsOf,backend/shared-library/src/main/java/com/pml/shared/security/tenancy/RemoteTenantMemberships.java,30,1,3,False,False,yes,
shared-library,LIVE,Memberships,activeOrganizationIds,backend/shared-library/src/main/java/com/pml/shared/security/tenancy/RemoteTenantMemberships.java,44,1,0,False,False,yes,
shared-library,LIVE,TenantGuard,locateAndPermit,backend/shared-library/src/main/java/com/pml/shared/security/tenancy/TenantGuard.java,125,1,0,False,False,yes,
shared-library,LIVE,TenantGuard,classifyThenRefuse,backend/shared-library/src/main/java/com/pml/shared/security/tenancy/TenantGuard.java,159,2,0,False,False,yes,
shared-library,LIVE,TenantGuard,refuse,backend/shared-library/src/main/java/com/pml/shared/security/tenancy/TenantGuard.java,170,48,8,False,False,yes,
shared-library,LIVE,TenantGuard,logIncident,backend/shared-library/src/main/java/com/pml/shared/security/tenancy/TenantGuard.java,181,2,0,False,False,yes,
shared-library,LIVE,TenantGuard,locate,backend/shared-library/src/main/java/com/pml/shared/security/tenancy/TenantGuard.java,60,20,6,False,False,yes,
shared-library,LIVE,TenantScope,denyAll,backend/shared-library/src/main/java/com/pml/shared/security/tenancy/TenantScope.java,44,2,11,False,False,yes,
shared-library,LIVE,TenantScope,of,backend/shared-library/src/main/java/com/pml/shared/security/tenancy/TenantScope.java,48,476,606,False,False,yes,
shared-library,LIVE,TenantScope,platformAdministrator,backend/shared-library/src/main/java/com/pml/shared/security/tenancy/TenantScope.java,52,2,11,False,False,yes,
shared-library,LIVE,TenantScope,permits,backend/shared-library/src/main/java/com/pml/shared/security/tenancy/TenantScope.java,63,6,19,False,False,yes,
shared-library,LIVE,TenantScope,permitsNothing,backend/shared-library/src/main/java/com/pml/shared/security/tenancy/TenantScope.java,74,2,4,False,False,yes,
shared-library,LIVE,Refusal,failure,backend/shared-library/src/main/java/com/pml/shared/workflow/Refusal.java,14,27,1,False,False,yes,
shared-library,LIVE,Refusals,applicationCause,backend/shared-library/src/main/java/com/pml/shared/workflow/Refusals.java,102,3,0,False,False,yes,
shared-library,LIVE,Refusals,fromTemporal,backend/shared-library/src/main/java/com/pml/shared/workflow/Refusals.java,118,16,4,False,False,yes,
shared-library,LIVE,Refusals,codeOf,backend/shared-library/src/main/java/com/pml/shared/workflow/Refusals.java,146,4,3,False,False,yes,
shared-library,LIVE,Refusals,plainMessage,backend/shared-library/src/main/java/com/pml/shared/workflow/Refusals.java,155,4,0,False,False,yes,
shared-library,LIVE,Refusals,codeNamed,backend/shared-library/src/main/java/com/pml/shared/workflow/Refusals.java,161,3,0,False,False,yes,
shared-library,LIVE,Refusals,refusal,backend/shared-library/src/main/java/com/pml/shared/workflow/Refusals.java,39,44,26,False,False,yes,
shared-library,LIVE,Refusals,forActivity,backend/shared-library/src/main/java/com/pml/shared/workflow/Refusals.java,44,21,11,False,False,yes,
shared-library,LIVE,Refusals,forActivity,backend/shared-library/src/main/java/com/pml/shared/workflow/Refusals.java,52,21,11,False,False,yes,
shared-library,LIVE,Refusals,rethrow,backend/shared-library/src/main/java/com/pml/shared/workflow/Refusals.java,77,20,0,False,False,yes,
shared-library,LIVE,Refusals,typeOf,backend/shared-library/src/main/java/com/pml/shared/workflow/Refusals.java,84,2,42,False,False,yes,
shared-library,LIVE,Refusals,messageOf,backend/shared-library/src/main/java/com/pml/shared/workflow/Refusals.java,93,3,2,False,False,yes,
shared-library,TEST_ONLY,AuthorizationResult,authorizedAsOwner,backend/shared-library/src/main/java/com/pml/shared/dto/authorization/AuthorizationResult.java,64,0,3,False,False,yes,
shared-library,TEST_ONLY,ValidationRefusal,violations,backend/shared-library/src/main/java/com/pml/shared/error/ValidationRefusal.java,41,0,1,False,False,yes,
shared-library,TEST_ONLY,DeadLetterDepth,observedDepth,backend/shared-library/src/main/java/com/pml/shared/event/DeadLetterDepth.java,65,0,2,False,False,yes,
shared-library,TEST_ONLY,EventEnvelopes,causedBy,backend/shared-library/src/main/java/com/pml/shared/event/EventEnvelopes.java,110,0,1,False,False,yes,
shared-library,TEST_ONLY,PageSizeExceeded,ceiling,backend/shared-library/src/main/java/com/pml/shared/graphql/PageSize.java,102,0,2,False,False,yes,
shared-library,TEST_ONLY,PageSizeExceeded,requested,backend/shared-library/src/main/java/com/pml/shared/graphql/PageSize.java,97,0,1,False,False,yes,
