module,verdict,kind,type,file,line,main_refs,test_refs,annotations
api-gateway,KEEP_BEAN,class,BruteForceProtectionFilter,backend/api-gateway/src/main/java/com/pml/gateway/filter/BruteForceProtectionFilter.java,59,0,0,Component RequiredArgsConstructor Slf4j
api-gateway,KEEP_BEAN,class,OAuth2TokenRelayFilter,backend/api-gateway/src/main/java/com/pml/gateway/filter/OAuth2TokenRelayFilter.java,64,0,0,Component Slf4j
api-gateway,KEEP_BEAN,class,RequestLoggingFilter,backend/api-gateway/src/main/java/com/pml/gateway/filter/RequestLoggingFilter.java,44,0,0,Component Slf4j
api-gateway,KEEP_BEAN,class,RequestSizeLimitFilter,backend/api-gateway/src/main/java/com/pml/gateway/filter/RequestSizeLimitFilter.java,49,0,0,Component Slf4j
api-gateway,KEEP_BEAN,class,SecurityHeadersFilter,backend/api-gateway/src/main/java/com/pml/gateway/filter/SecurityHeadersFilter.java,37,0,0,Component
api-gateway,KEEP_BEAN,class,SessionBlacklistFilter,backend/api-gateway/src/main/java/com/pml/gateway/filter/SessionBlacklistFilter.java,69,0,0,Component RequiredArgsConstructor Slf4j
api-gateway,KEEP_ENTRY,class,ApiGatewayApplication,backend/api-gateway/src/main/java/com/pml/gateway/ApiGatewayApplication.java,17,0,0,SpringBootApplication
api-gateway,KEEP_ENTRY,class,CircuitBreakerMonitoringConfig,backend/api-gateway/src/main/java/com/pml/gateway/config/CircuitBreakerMonitoringConfig.java,79,0,0,Configuration Slf4j
api-gateway,KEEP_ENTRY,class,GatewaySecurityConfig,backend/api-gateway/src/main/java/com/pml/gateway/config/GatewaySecurityConfig.java,63,0,0,Configuration EnableWebFluxSecurity
api-gateway,KEEP_ENTRY,class,RateLimiterConfig,backend/api-gateway/src/main/java/com/pml/gateway/config/RateLimiterConfig.java,46,0,0,Configuration
api-gateway,KEEP_ENTRY,class,RedisConfig,backend/api-gateway/src/main/java/com/pml/gateway/config/RedisConfig.java,44,0,0,Configuration
api-gateway,KEEP_ENTRY,class,FallbackController,backend/api-gateway/src/main/java/com/pml/gateway/controller/FallbackController.java,81,0,3,RequestMapping RestController Slf4j
api-gateway,KEEP_ENTRY,class,HealthController,backend/api-gateway/src/main/java/com/pml/gateway/controller/HealthController.java,22,0,3,RequestMapping RestController
api-gateway,LIVE,class,SessionBlacklistService,backend/api-gateway/src/main/java/com/pml/gateway/service/SessionBlacklistService.java,43,1,0,RequiredArgsConstructor Service Slf4j
booking-service,KEEP_BEAN,class,ChartOfAccountsSeedRunner,backend/booking-service/src/main/java/com/pml/booking/config/ChartOfAccountsSeedRunner.java,67,0,1,Component ConditionalOnProperty Order RequiredArgsConstructor Slf4j
booking-service,KEEP_BEAN,class,BookingRefusalTranslator,backend/booking-service/src/main/java/com/pml/booking/error/BookingRefusalTranslator.java,42,0,5,Component Order
booking-service,KEEP_BEAN,class,PawaPayGatewayAdapter,backend/booking-service/src/main/java/com/pml/booking/infrastructure/gateway/adapter/PawaPayGatewayAdapter.java,30,0,0,Component RequiredArgsConstructor Slf4j
booking-service,KEEP_BEAN,class,DataMigrationRunner,backend/booking-service/src/main/java/com/pml/booking/migration/DataMigrationRunner.java,43,0,0,Component RequiredArgsConstructor Slf4j
booking-service,KEEP_BEAN,class,PlatformSummaryRepositoryImpl,backend/booking-service/src/main/java/com/pml/booking/repository/impl/PlatformSummaryRepositoryImpl.java,51,0,0,Repository RequiredArgsConstructor Slf4j
booking-service,KEEP_BEAN,class,AccountingServiceImpl,backend/booking-service/src/main/java/com/pml/booking/service/impl/AccountingServiceImpl.java,76,0,0,RequiredArgsConstructor Service Slf4j
booking-service,KEEP_BEAN,class,BankAccountServiceImpl,backend/booking-service/src/main/java/com/pml/booking/service/impl/BankAccountServiceImpl.java,26,0,0,RequiredArgsConstructor Service Slf4j
booking-service,KEEP_BEAN,class,ChargebackServiceImpl,backend/booking-service/src/main/java/com/pml/booking/service/impl/ChargebackServiceImpl.java,60,0,0,RequiredArgsConstructor Service Slf4j
booking-service,KEEP_BEAN,class,ChartOfAccountsServiceImpl,backend/booking-service/src/main/java/com/pml/booking/service/impl/ChartOfAccountsServiceImpl.java,42,0,0,RequiredArgsConstructor Service Slf4j
booking-service,KEEP_BEAN,class,CheckInServiceImpl,backend/booking-service/src/main/java/com/pml/booking/service/impl/CheckInServiceImpl.java,54,0,2,RequiredArgsConstructor Service Slf4j
booking-service,KEEP_BEAN,class,CommissionServiceImpl,backend/booking-service/src/main/java/com/pml/booking/service/impl/CommissionServiceImpl.java,35,0,2,RequiredArgsConstructor Service Slf4j
booking-service,KEEP_BEAN,class,EscrowServiceImpl,backend/booking-service/src/main/java/com/pml/booking/service/impl/EscrowServiceImpl.java,36,0,2,RequiredArgsConstructor Service Slf4j
booking-service,KEEP_BEAN,class,EscrowTransactionServiceImpl,backend/booking-service/src/main/java/com/pml/booking/service/impl/EscrowTransactionServiceImpl.java,47,0,0,RequiredArgsConstructor Service Slf4j
booking-service,KEEP_BEAN,class,FinancialReportServiceImpl,backend/booking-service/src/main/java/com/pml/booking/service/impl/FinancialReportServiceImpl.java,52,0,0,RequiredArgsConstructor Service Slf4j
booking-service,KEEP_BEAN,class,JournalServiceImpl,backend/booking-service/src/main/java/com/pml/booking/service/impl/JournalServiceImpl.java,52,0,0,RequiredArgsConstructor Service Slf4j
booking-service,KEEP_BEAN,class,LiveDashboardServiceImpl,backend/booking-service/src/main/java/com/pml/booking/service/impl/LiveDashboardServiceImpl.java,41,0,0,RequiredArgsConstructor Service Slf4j
booking-service,KEEP_BEAN,class,NotificationServiceImpl,backend/booking-service/src/main/java/com/pml/booking/service/impl/NotificationServiceImpl.java,53,0,0,Service Slf4j
booking-service,KEEP_BEAN,class,OrganizerDashboardServiceImpl,backend/booking-service/src/main/java/com/pml/booking/service/impl/OrganizerDashboardServiceImpl.java,55,0,0,RequiredArgsConstructor Service Slf4j
booking-service,KEEP_BEAN,class,PaymentAttemptRecorderImpl,backend/booking-service/src/main/java/com/pml/booking/service/impl/PaymentAttemptRecorderImpl.java,22,0,6,RequiredArgsConstructor Service Slf4j
booking-service,KEEP_BEAN,class,PaymentAttemptServiceImpl,backend/booking-service/src/main/java/com/pml/booking/service/impl/PaymentAttemptServiceImpl.java,21,0,0,RequiredArgsConstructor Service Slf4j
booking-service,KEEP_BEAN,class,PaymentServiceImpl,backend/booking-service/src/main/java/com/pml/booking/service/impl/PaymentServiceImpl.java,52,0,4,RequiredArgsConstructor Service Slf4j
booking-service,KEEP_BEAN,class,PayoutEligibilityServiceImpl,backend/booking-service/src/main/java/com/pml/booking/service/impl/PayoutEligibilityServiceImpl.java,32,0,0,Service Slf4j
booking-service,KEEP_BEAN,class,PayoutRequestServiceImpl,backend/booking-service/src/main/java/com/pml/booking/service/impl/PayoutRequestServiceImpl.java,28,0,0,RequiredArgsConstructor Service Slf4j
booking-service,KEEP_BEAN,class,PlatformAccountServiceImpl,backend/booking-service/src/main/java/com/pml/booking/service/impl/PlatformAccountServiceImpl.java,38,0,0,RequiredArgsConstructor Service Slf4j
booking-service,KEEP_BEAN,class,PlatformSummaryServiceImpl,backend/booking-service/src/main/java/com/pml/booking/service/impl/PlatformSummaryServiceImpl.java,26,0,0,RequiredArgsConstructor Service Slf4j
booking-service,KEEP_BEAN,class,PromoCodeServiceImpl,backend/booking-service/src/main/java/com/pml/booking/service/impl/PromoCodeServiceImpl.java,25,0,0,RequiredArgsConstructor Service Slf4j
booking-service,KEEP_BEAN,class,ReconciliationServiceImpl,backend/booking-service/src/main/java/com/pml/booking/service/impl/ReconciliationServiceImpl.java,70,0,0,RequiredArgsConstructor Service Slf4j
booking-service,KEEP_BEAN,class,RefundServiceImpl,backend/booking-service/src/main/java/com/pml/booking/service/impl/RefundServiceImpl.java,66,0,2,RequiredArgsConstructor Service Slf4j
booking-service,KEEP_BEAN,class,ReservationServiceImpl,backend/booking-service/src/main/java/com/pml/booking/service/impl/ReservationServiceImpl.java,49,0,2,RequiredArgsConstructor Service Slf4j
booking-service,KEEP_BEAN,class,TicketServiceImpl,backend/booking-service/src/main/java/com/pml/booking/service/impl/TicketServiceImpl.java,31,0,0,RequiredArgsConstructor Service Slf4j
booking-service,KEEP_BEAN,class,PurchaseAdoptionRunner,backend/booking-service/src/main/java/com/pml/booking/workflow/purchase/PurchaseAdoptionRunner.java,29,0,0,Component Slf4j
booking-service,KEEP_BEAN,class,ReconciliationSchedules,backend/booking-service/src/main/java/com/pml/booking/workflow/recon/ReconciliationSchedules.java,25,0,1,Component Slf4j
booking-service,KEEP_ENTRY,class,BookingServiceApplication,backend/booking-service/src/main/java/com/pml/booking/BookingServiceApplication.java,47,0,0,EnableConfigurationProperties EnableReactiveMongoRepositories EnableScheduling SpringBootApplication
booking-service,KEEP_ENTRY,class,AzureServiceBusConfig,backend/booking-service/src/main/java/com/pml/booking/config/AzureServiceBusConfig.java,35,0,0,Configuration RequiredArgsConstructor Slf4j
booking-service,KEEP_ENTRY,class,GraphQLConfig,backend/booking-service/src/main/java/com/pml/booking/config/GraphQLConfig.java,19,0,0,Configuration
booking-service,KEEP_ENTRY,class,MongoSchemaValidationConfig,backend/booking-service/src/main/java/com/pml/booking/config/MongoSchemaValidationConfig.java,37,1,3,Configuration Slf4j
booking-service,KEEP_ENTRY,class,CatalogConsumerConfig,backend/booking-service/src/main/java/com/pml/booking/infrastructure/messaging/CatalogConsumerConfig.java,42,0,7,Configuration Slf4j
booking-service,KEEP_ENTRY,class,EventExtensionResolver,backend/booking-service/src/main/java/com/pml/booking/web/graphql/federation/EventExtensionResolver.java,52,0,0,DgsComponent RequiredArgsConstructor Slf4j
booking-service,KEEP_ENTRY,class,TicketEntityFetcher,backend/booking-service/src/main/java/com/pml/booking/web/graphql/federation/TicketEntityFetcher.java,60,0,0,DgsComponent RequiredArgsConstructor Slf4j
booking-service,KEEP_ENTRY,class,TicketFieldResolver,backend/booking-service/src/main/java/com/pml/booking/web/graphql/federation/TicketFieldResolver.java,54,0,0,DgsComponent RequiredArgsConstructor Slf4j
booking-service,KEEP_ENTRY,class,UserExtensionResolver,backend/booking-service/src/main/java/com/pml/booking/web/graphql/federation/UserExtensionResolver.java,47,0,0,DgsComponent RequiredArgsConstructor Slf4j
booking-service,KEEP_ENTRY,class,BankAccountMutationResolver,backend/booking-service/src/main/java/com/pml/booking/web/graphql/mutation/BankAccountMutationResolver.java,44,0,1,DgsComponent FailClosedOnRevocation RequiredArgsConstructor Slf4j Validated
booking-service,KEEP_ENTRY,class,ChargebackMutationResolver,backend/booking-service/src/main/java/com/pml/booking/web/graphql/mutation/ChargebackMutationResolver.java,32,0,1,DgsComponent FailClosedOnRevocation RequiredArgsConstructor Slf4j Validated
booking-service,KEEP_ENTRY,class,ChartOfAccountsMutationResolver,backend/booking-service/src/main/java/com/pml/booking/web/graphql/mutation/ChartOfAccountsMutationResolver.java,41,0,1,DgsComponent FailClosedOnRevocation RequiredArgsConstructor Slf4j Validated
booking-service,KEEP_ENTRY,class,CheckInMutationResolver,backend/booking-service/src/main/java/com/pml/booking/web/graphql/mutation/CheckInMutationResolver.java,45,0,3,DgsComponent FailClosedOnRevocation RequiredArgsConstructor Slf4j Validated
booking-service,KEEP_ENTRY,class,EscrowMutationResolver,backend/booking-service/src/main/java/com/pml/booking/web/graphql/mutation/EscrowMutationResolver.java,38,0,1,DgsComponent FailClosedOnRevocation RequiredArgsConstructor Slf4j Validated
booking-service,KEEP_ENTRY,class,JournalEntryMutationResolver,backend/booking-service/src/main/java/com/pml/booking/web/graphql/mutation/JournalEntryMutationResolver.java,57,0,1,DgsComponent FailClosedOnRevocation RequiredArgsConstructor Slf4j Validated
booking-service,KEEP_ENTRY,class,PaymentAttemptMutationResolver,backend/booking-service/src/main/java/com/pml/booking/web/graphql/mutation/PaymentAttemptMutationResolver.java,28,0,1,DgsComponent FailClosedOnRevocation RequiredArgsConstructor Slf4j Validated
booking-service,KEEP_ENTRY,class,PayoutRequestMutationResolver,backend/booking-service/src/main/java/com/pml/booking/web/graphql/mutation/PayoutRequestMutationResolver.java,51,0,4,DgsComponent FailClosedOnRevocation RequiredArgsConstructor Slf4j Validated
booking-service,KEEP_ENTRY,class,PromoCodeMutationResolver,backend/booking-service/src/main/java/com/pml/booking/web/graphql/mutation/PromoCodeMutationResolver.java,32,0,0,DgsComponent RequiredArgsConstructor Slf4j Validated
booking-service,KEEP_ENTRY,class,ReconciliationMutationResolver,backend/booking-service/src/main/java/com/pml/booking/web/graphql/mutation/ReconciliationMutationResolver.java,64,0,1,DgsComponent FailClosedOnRevocation RequiredArgsConstructor Slf4j Validated
booking-service,KEEP_ENTRY,class,RefundRequestMutationResolver,backend/booking-service/src/main/java/com/pml/booking/web/graphql/mutation/RefundRequestMutationResolver.java,32,0,1,DgsComponent FailClosedOnRevocation RequiredArgsConstructor Slf4j Validated
booking-service,KEEP_ENTRY,class,ReservationMutationResolver,backend/booking-service/src/main/java/com/pml/booking/web/graphql/mutation/ReservationMutationResolver.java,30,0,3,DgsComponent RequiredArgsConstructor Slf4j Validated
booking-service,KEEP_ENTRY,class,ReservationPaymentMutationResolver,backend/booking-service/src/main/java/com/pml/booking/web/graphql/mutation/ReservationPaymentMutationResolver.java,34,0,1,DgsComponent FailClosedOnRevocation RequiredArgsConstructor Validated
booking-service,KEEP_ENTRY,class,TicketMutationResolver,backend/booking-service/src/main/java/com/pml/booking/web/graphql/mutation/TicketMutationResolver.java,40,0,1,DgsComponent FailClosedOnRevocation RequiredArgsConstructor Slf4j Validated
booking-service,KEEP_ENTRY,class,BankAccountQueryResolver,backend/booking-service/src/main/java/com/pml/booking/web/graphql/query/BankAccountQueryResolver.java,39,0,0,DgsComponent RequiredArgsConstructor Slf4j
booking-service,KEEP_ENTRY,class,ChargebackQueryResolver,backend/booking-service/src/main/java/com/pml/booking/web/graphql/query/ChargebackQueryResolver.java,52,0,0,DgsComponent RequiredArgsConstructor Slf4j
booking-service,KEEP_ENTRY,class,ChartOfAccountsQueryResolver,backend/booking-service/src/main/java/com/pml/booking/web/graphql/query/ChartOfAccountsQueryResolver.java,40,0,0,DgsComponent RequiredArgsConstructor Slf4j
booking-service,KEEP_ENTRY,class,CheckInQueryResolver,backend/booking-service/src/main/java/com/pml/booking/web/graphql/query/CheckInQueryResolver.java,32,0,2,DgsComponent RequiredArgsConstructor Slf4j
booking-service,KEEP_ENTRY,class,EscrowAccountQueryResolver,backend/booking-service/src/main/java/com/pml/booking/web/graphql/query/EscrowAccountQueryResolver.java,32,0,0,DgsComponent RequiredArgsConstructor Slf4j
booking-service,KEEP_ENTRY,class,EscrowTransactionQueryResolver,backend/booking-service/src/main/java/com/pml/booking/web/graphql/query/EscrowTransactionQueryResolver.java,53,0,0,DgsComponent RequiredArgsConstructor Slf4j
booking-service,KEEP_ENTRY,class,JournalEntryQueryResolver,backend/booking-service/src/main/java/com/pml/booking/web/graphql/query/JournalEntryQueryResolver.java,43,0,0,DgsComponent RequiredArgsConstructor Slf4j
booking-service,KEEP_ENTRY,class,LiveDashboardQueryResolver,backend/booking-service/src/main/java/com/pml/booking/web/graphql/query/LiveDashboardQueryResolver.java,25,0,0,DgsComponent RequiredArgsConstructor Slf4j
booking-service,KEEP_ENTRY,class,OrganizerDashboardQueryResolver,backend/booking-service/src/main/java/com/pml/booking/web/graphql/query/OrganizerDashboardQueryResolver.java,38,0,0,DgsComponent RequiredArgsConstructor Slf4j
booking-service,KEEP_ENTRY,class,PaymentAttemptQueryResolver,backend/booking-service/src/main/java/com/pml/booking/web/graphql/query/PaymentAttemptQueryResolver.java,33,0,0,DgsComponent RequiredArgsConstructor Slf4j
booking-service,KEEP_ENTRY,class,PayoutRequestQueryResolver,backend/booking-service/src/main/java/com/pml/booking/web/graphql/query/PayoutRequestQueryResolver.java,48,0,0,DgsComponent RequiredArgsConstructor Slf4j
booking-service,KEEP_ENTRY,class,PlatformAccountQueryResolver,backend/booking-service/src/main/java/com/pml/booking/web/graphql/query/PlatformAccountQueryResolver.java,32,0,0,DgsComponent RequiredArgsConstructor Slf4j
booking-service,KEEP_ENTRY,class,PromoCodeQueryResolver,backend/booking-service/src/main/java/com/pml/booking/web/graphql/query/PromoCodeQueryResolver.java,34,0,0,DgsComponent RequiredArgsConstructor Slf4j
booking-service,KEEP_ENTRY,class,ReconciliationQueryResolver,backend/booking-service/src/main/java/com/pml/booking/web/graphql/query/ReconciliationQueryResolver.java,53,0,0,DgsComponent RequiredArgsConstructor Slf4j
booking-service,KEEP_ENTRY,class,RefundRequestQueryResolver,backend/booking-service/src/main/java/com/pml/booking/web/graphql/query/RefundRequestQueryResolver.java,34,0,0,DgsComponent RequiredArgsConstructor Slf4j
booking-service,KEEP_ENTRY,class,ReservationQueryResolver,backend/booking-service/src/main/java/com/pml/booking/web/graphql/query/ReservationQueryResolver.java,34,0,1,DgsComponent RequiredArgsConstructor Slf4j
booking-service,KEEP_ENTRY,class,StatisticsQueryResolver,backend/booking-service/src/main/java/com/pml/booking/web/graphql/query/StatisticsQueryResolver.java,27,0,0,DgsComponent RequiredArgsConstructor Slf4j
booking-service,KEEP_ENTRY,class,TicketQueryResolver,backend/booking-service/src/main/java/com/pml/booking/web/graphql/query/TicketQueryResolver.java,41,0,0,DgsComponent RequiredArgsConstructor Slf4j
booking-service,KEEP_ENTRY,class,TrialBalanceQueryResolver,backend/booking-service/src/main/java/com/pml/booking/web/graphql/query/TrialBalanceQueryResolver.java,50,0,2,DgsComponent RequiredArgsConstructor Slf4j
booking-service,KEEP_ENTRY,class,EventEscrowAccountFieldResolver,backend/booking-service/src/main/java/com/pml/booking/web/graphql/resolver/EventEscrowAccountFieldResolver.java,23,0,0,DgsComponent Slf4j
booking-service,KEEP_ENTRY,class,PageInfoFieldResolver,backend/booking-service/src/main/java/com/pml/booking/web/graphql/resolver/PageInfoFieldResolver.java,22,0,0,DgsComponent Slf4j
booking-service,KEEP_ENTRY,class,PaginationInfoFieldResolver,backend/booking-service/src/main/java/com/pml/booking/web/graphql/resolver/PaginationInfoFieldResolver.java,20,0,0,DgsComponent Slf4j
booking-service,KEEP_ENTRY,class,PayoutRequestFieldResolver,backend/booking-service/src/main/java/com/pml/booking/web/graphql/resolver/PayoutRequestFieldResolver.java,29,0,0,DgsComponent RequiredArgsConstructor Slf4j
booking-service,KEEP_ENTRY,class,RefundCalculationFieldResolver,backend/booking-service/src/main/java/com/pml/booking/web/graphql/resolver/RefundCalculationFieldResolver.java,18,0,0,DgsComponent Slf4j
booking-service,KEEP_ENTRY,class,RefundRequestFieldResolver,backend/booking-service/src/main/java/com/pml/booking/web/graphql/resolver/RefundRequestFieldResolver.java,23,0,0,DgsComponent Slf4j
booking-service,KEEP_ENTRY,class,ReservationFieldResolver,backend/booking-service/src/main/java/com/pml/booking/web/graphql/resolver/ReservationFieldResolver.java,22,0,0,DgsComponent Slf4j
booking-service,KEEP_ENTRY,class,TicketComputedFieldResolver,backend/booking-service/src/main/java/com/pml/booking/web/graphql/resolver/TicketComputedFieldResolver.java,21,0,0,DgsComponent Slf4j
booking-service,KEEP_ENTRY,class,InternalPayoutController,backend/booking-service/src/main/java/com/pml/booking/web/rest/InternalPayoutController.java,24,0,0,RequestMapping RequiredArgsConstructor RestController Slf4j
booking-service,KEEP_ENTRY,class,InternalTicketController,backend/booking-service/src/main/java/com/pml/booking/web/rest/InternalTicketController.java,19,0,0,RequestMapping RequiredArgsConstructor RestController Slf4j
booking-service,KEEP_ENTRY,class,PawaPayWebhookController,backend/booking-service/src/main/java/com/pml/booking/web/rest/PawaPayWebhookController.java,60,0,0,RequestMapping RequiredArgsConstructor RestController Slf4j Tag
booking-service,KEEP_ENTRY,class,BankVerificationActivitiesImpl,backend/booking-service/src/main/java/com/pml/booking/workflow/bank/BankVerificationActivitiesImpl.java,30,0,2,ActivityImpl Component
booking-service,KEEP_ENTRY,class,BankVerificationWorkflowImpl,backend/booking-service/src/main/java/com/pml/booking/workflow/bank/BankVerificationWorkflowImpl.java,18,0,2,WorkflowImpl
booking-service,KEEP_ENTRY,class,ChargebackActivitiesImpl,backend/booking-service/src/main/java/com/pml/booking/workflow/chargeback/ChargebackActivitiesImpl.java,50,0,2,ActivityImpl Component Slf4j
booking-service,KEEP_ENTRY,class,ChargebackWorkflowImpl,backend/booking-service/src/main/java/com/pml/booking/workflow/chargeback/ChargebackWorkflowImpl.java,26,0,2,WorkflowImpl
booking-service,KEEP_ENTRY,class,EventFinanceActivitiesImpl,backend/booking-service/src/main/java/com/pml/booking/workflow/finance/EventFinanceActivitiesImpl.java,23,0,0,ActivityImpl Component
booking-service,KEEP_ENTRY,class,EventFinanceWorkflowImpl,backend/booking-service/src/main/java/com/pml/booking/workflow/finance/EventFinanceWorkflowImpl.java,27,0,2,WorkflowImpl
booking-service,KEEP_ENTRY,class,PayoutActivitiesImpl,backend/booking-service/src/main/java/com/pml/booking/workflow/payout/PayoutActivitiesImpl.java,25,0,0,ActivityImpl Component
booking-service,KEEP_ENTRY,class,PayoutProviderActivitiesImpl,backend/booking-service/src/main/java/com/pml/booking/workflow/payout/PayoutProviderActivitiesImpl.java,36,2,6,ActivityImpl Component
booking-service,KEEP_ENTRY,class,PayoutWorkflowImpl,backend/booking-service/src/main/java/com/pml/booking/workflow/payout/PayoutWorkflowImpl.java,34,0,2,WorkflowImpl
booking-service,KEEP_ENTRY,class,CheckoutActivitiesImpl,backend/booking-service/src/main/java/com/pml/booking/workflow/purchase/CheckoutActivitiesImpl.java,47,0,0,ActivityImpl Component
booking-service,KEEP_ENTRY,class,PurchaseWorkflowImpl,backend/booking-service/src/main/java/com/pml/booking/workflow/purchase/PurchaseWorkflowImpl.java,28,0,2,WorkflowImpl
booking-service,KEEP_ENTRY,class,ReconciliationActivitiesImpl,backend/booking-service/src/main/java/com/pml/booking/workflow/recon/ReconciliationActivitiesImpl.java,27,0,0,ActivityImpl Component Slf4j
booking-service,KEEP_ENTRY,class,ReconciliationWorkflowImpl,backend/booking-service/src/main/java/com/pml/booking/workflow/recon/ReconciliationWorkflowImpl.java,11,0,2,WorkflowImpl
booking-service,KEEP_ENTRY,class,CancellationActivitiesImpl,backend/booking-service/src/main/java/com/pml/booking/workflow/refund/CancellationActivitiesImpl.java,28,0,0,ActivityImpl Component Slf4j
booking-service,KEEP_ENTRY,class,CancellationRefundsWorkflowImpl,backend/booking-service/src/main/java/com/pml/booking/workflow/refund/CancellationRefundsWorkflowImpl.java,21,0,3,WorkflowImpl
booking-service,KEEP_ENTRY,class,RefundActivitiesImpl,backend/booking-service/src/main/java/com/pml/booking/workflow/refund/RefundActivitiesImpl.java,42,0,0,ActivityImpl Component
booking-service,KEEP_ENTRY,class,RefundWorkflowImpl,backend/booking-service/src/main/java/com/pml/booking/workflow/refund/RefundWorkflowImpl.java,25,0,4,WorkflowImpl
booking-service,KEEP_MANUAL,class,BookingStatusSemanticStampers,backend/booking-service/src/main/java/com/pml/booking/service/referencedata/BookingStatusSemanticStampers.java,21,0,0,
booking-service,LIVE,class,BookingIndexInitializer,backend/booking-service/src/main/java/com/pml/booking/config/BookingIndexInitializer.java,38,2,7,Component RequiredArgsConstructor Slf4j
booking-service,LIVE,class,Providers,backend/booking-service/src/main/java/com/pml/booking/config/PawaPayProperties.java,214,2,17,Data
booking-service,LIVE,class,MobileMoneyProvider,backend/booking-service/src/main/java/com/pml/booking/config/PawaPayProperties.java,238,8,0,Data
booking-service,LIVE,class,PawaPayProperties,backend/booking-service/src/main/java/com/pml/booking/config/PawaPayProperties.java,30,6,0,Component ConfigurationProperties Data Validated
booking-service,LIVE,class,Api,backend/booking-service/src/main/java/com/pml/booking/config/PawaPayProperties.java,48,2,0,Data
booking-service,LIVE,class,Webhook,backend/booking-service/src/main/java/com/pml/booking/config/PawaPayProperties.java,81,9,0,Data
booking-service,LIVE,class,PaymentProperties,backend/booking-service/src/main/java/com/pml/booking/config/PaymentProperties.java,23,3,1,Component ConfigurationProperties Data Validated
booking-service,LIVE,class,Refund,backend/booking-service/src/main/java/com/pml/booking/config/PaymentProperties.java,28,60,1,Data
booking-service,LIVE,record,PayoutEligibility,backend/booking-service/src/main/java/com/pml/booking/domain/PayoutEligibility.java,30,12,0,
booking-service,LIVE,enum,Reason,backend/booking-service/src/main/java/com/pml/booking/domain/PayoutEligibility.java,43,22,7,
booking-service,LIVE,class,ReservationStateMachine,backend/booking-service/src/main/java/com/pml/booking/domain/ReservationStateMachine.java,32,11,11,
booking-service,LIVE,enum,Action,backend/booking-service/src/main/java/com/pml/booking/domain/ReservationStateMachine.java,37,44,17,
booking-service,LIVE,class,IllegalTransitionException,backend/booking-service/src/main/java/com/pml/booking/domain/ReservationStateMachine.java,78,8,1,
booking-service,LIVE,class,ReservationTransitions,backend/booking-service/src/main/java/com/pml/booking/domain/ReservationTransitions.java,46,1,1,Component RequiredArgsConstructor Slf4j
booking-service,LIVE,class,IllegalTransitionException,backend/booking-service/src/main/java/com/pml/booking/domain/TicketStateMachine.java,106,8,1,
booking-service,LIVE,class,TicketStateMachine,backend/booking-service/src/main/java/com/pml/booking/domain/TicketStateMachine.java,46,8,0,
booking-service,LIVE,enum,Action,backend/booking-service/src/main/java/com/pml/booking/domain/TicketStateMachine.java,51,44,17,
booking-service,LIVE,enum,AccountSubType,backend/booking-service/src/main/java/com/pml/booking/domain/enums/AccountSubType.java,44,31,2,
booking-service,LIVE,enum,AccountType,backend/booking-service/src/main/java/com/pml/booking/domain/enums/AccountType.java,41,73,7,
booking-service,LIVE,enum,AlertPriority,backend/booking-service/src/main/java/com/pml/booking/domain/enums/AlertPriority.java,20,35,4,
booking-service,LIVE,enum,BalanceDirection,backend/booking-service/src/main/java/com/pml/booking/domain/enums/BalanceDirection.java,46,10,0,
booking-service,LIVE,enum,ChargebackFundSource,backend/booking-service/src/main/java/com/pml/booking/domain/enums/ChargebackFundSource.java,53,9,0,
booking-service,LIVE,enum,ChargebackReason,backend/booking-service/src/main/java/com/pml/booking/domain/enums/ChargebackReason.java,37,6,0,
booking-service,LIVE,enum,CheckInConflictStatus,backend/booking-service/src/main/java/com/pml/booking/domain/enums/CheckInConflictStatus.java,10,6,0,
booking-service,LIVE,enum,CheckInConflictType,backend/booking-service/src/main/java/com/pml/booking/domain/enums/CheckInConflictType.java,11,8,0,
booking-service,LIVE,enum,DiscountType,backend/booking-service/src/main/java/com/pml/booking/domain/enums/DiscountType.java,9,3,0,
booking-service,LIVE,enum,EscrowTransactionCategory,backend/booking-service/src/main/java/com/pml/booking/domain/enums/EscrowTransactionCategory.java,30,11,0,
booking-service,LIVE,enum,EscrowTransactionType,backend/booking-service/src/main/java/com/pml/booking/domain/enums/EscrowTransactionType.java,22,15,0,
booking-service,LIVE,enum,JournalEntryStatus,backend/booking-service/src/main/java/com/pml/booking/domain/enums/JournalEntryStatus.java,47,21,4,
booking-service,LIVE,enum,JournalEntryType,backend/booking-service/src/main/java/com/pml/booking/domain/enums/JournalEntryType.java,51,20,0,
booking-service,LIVE,enum,NotificationType,backend/booking-service/src/main/java/com/pml/booking/domain/enums/NotificationType.java,10,12,0,
booking-service,LIVE,enum,PaymentAttemptStatus,backend/booking-service/src/main/java/com/pml/booking/domain/enums/PaymentAttemptStatus.java,38,33,10,
booking-service,LIVE,enum,PaymentAttemptType,backend/booking-service/src/main/java/com/pml/booking/domain/enums/PaymentAttemptType.java,13,7,11,
booking-service,LIVE,enum,PlatformAccountType,backend/booking-service/src/main/java/com/pml/booking/domain/enums/PlatformAccountType.java,50,32,0,
booking-service,LIVE,enum,ReconciliationItemStatus,backend/booking-service/src/main/java/com/pml/booking/domain/enums/ReconciliationItemStatus.java,37,18,0,
booking-service,LIVE,enum,ReconciliationStatus,backend/booking-service/src/main/java/com/pml/booking/domain/enums/ReconciliationStatus.java,36,27,0,
booking-service,LIVE,enum,ReconciliationType,backend/booking-service/src/main/java/com/pml/booking/domain/enums/ReconciliationType.java,45,27,0,
booking-service,LIVE,enum,RecoveryStatus,backend/booking-service/src/main/java/com/pml/booking/domain/enums/RecoveryStatus.java,43,14,0,
booking-service,LIVE,enum,ValidationMethod,backend/booking-service/src/main/java/com/pml/booking/domain/enums/ValidationMethod.java,17,9,1,
booking-service,LIVE,class,BankAccount,backend/booking-service/src/main/java/com/pml/booking/domain/model/BankAccount.java,34,51,10,AllArgsConstructor Builder Data Document NoArgsConstructor TypeAlias
booking-service,LIVE,enum,VerificationStatus,backend/booking-service/src/main/java/com/pml/booking/domain/model/BankAccount.java,99,27,17,
booking-service,LIVE,class,ChargebackRecord,backend/booking-service/src/main/java/com/pml/booking/domain/model/ChargebackRecord.java,108,86,4,AllArgsConstructor Builder Data Document NoArgsConstructor TypeAlias
booking-service,LIVE,class,ChartOfAccountsEntry,backend/booking-service/src/main/java/com/pml/booking/domain/model/ChartOfAccountsEntry.java,95,66,4,AllArgsConstructor Builder Data Document NoArgsConstructor TypeAlias
booking-service,LIVE,class,CheckIn,backend/booking-service/src/main/java/com/pml/booking/domain/model/CheckIn.java,50,18,2,AllArgsConstructor Builder Data Document NoArgsConstructor TypeAlias
booking-service,LIVE,class,CheckInConflict,backend/booking-service/src/main/java/com/pml/booking/domain/model/CheckInConflict.java,43,15,3,AllArgsConstructor Builder Data Document NoArgsConstructor TypeAlias
booking-service,LIVE,enum,CommissionStatus,backend/booking-service/src/main/java/com/pml/booking/domain/model/CommissionRecord.java,122,25,0,
booking-service,LIVE,class,CommissionRecord,backend/booking-service/src/main/java/com/pml/booking/domain/model/CommissionRecord.java,48,27,2,AllArgsConstructor Builder Data Document NoArgsConstructor TypeAlias
booking-service,LIVE,class,EscrowTransaction,backend/booking-service/src/main/java/com/pml/booking/domain/model/EscrowTransaction.java,27,14,2,AllArgsConstructor Builder Data NoArgsConstructor
booking-service,LIVE,enum,TransactionType,backend/booking-service/src/main/java/com/pml/booking/domain/model/EscrowTransaction.java,87,35,0,
booking-service,LIVE,class,EventEscrowAccount,backend/booking-service/src/main/java/com/pml/booking/domain/model/EventEscrowAccount.java,55,116,19,AllArgsConstructor Builder Data Document NoArgsConstructor TypeAlias
booking-service,LIVE,class,JournalEntry,backend/booking-service/src/main/java/com/pml/booking/domain/model/JournalEntry.java,117,96,5,AllArgsConstructor Builder Data Document NoArgsConstructor TypeAlias
booking-service,LIVE,class,JournalLine,backend/booking-service/src/main/java/com/pml/booking/domain/model/JournalLine.java,70,78,5,AllArgsConstructor Builder Data NoArgsConstructor
booking-service,LIVE,class,PaymentAttempt,backend/booking-service/src/main/java/com/pml/booking/domain/model/PaymentAttempt.java,73,66,24,AllArgsConstructor Builder Data Document NoArgsConstructor TypeAlias
booking-service,LIVE,enum,PaymentProvider,backend/booking-service/src/main/java/com/pml/booking/domain/model/PaymentIntent.java,164,11,1,
booking-service,LIVE,enum,PaymentStatus,backend/booking-service/src/main/java/com/pml/booking/domain/model/PaymentIntent.java,174,39,44,
booking-service,LIVE,class,PaymentIntent,backend/booking-service/src/main/java/com/pml/booking/domain/model/PaymentIntent.java,43,60,10,AllArgsConstructor Builder Data Document NoArgsConstructor TypeAlias
booking-service,LIVE,class,PayoutRequestHistory,backend/booking-service/src/main/java/com/pml/booking/domain/model/PayoutRequest.java,260,1,0,AllArgsConstructor Builder Data NoArgsConstructor
booking-service,LIVE,class,PayoutRequest,backend/booking-service/src/main/java/com/pml/booking/domain/model/PayoutRequest.java,51,129,19,AllArgsConstructor Builder Data Document NoArgsConstructor TypeAlias
booking-service,LIVE,class,PlatformAccount,backend/booking-service/src/main/java/com/pml/booking/domain/model/PlatformAccount.java,100,30,0,AllArgsConstructor Builder Data Document NoArgsConstructor TypeAlias
booking-service,LIVE,class,PromoCode,backend/booking-service/src/main/java/com/pml/booking/domain/model/PromoCode.java,42,37,11,AllArgsConstructor Builder Data Document NoArgsConstructor TypeAlias
booking-service,LIVE,class,PurchaseEscalation,backend/booking-service/src/main/java/com/pml/booking/domain/model/PurchaseEscalation.java,45,8,1,AllArgsConstructor Builder Data Document NoArgsConstructor TypeAlias
booking-service,LIVE,enum,Reason,backend/booking-service/src/main/java/com/pml/booking/domain/model/PurchaseEscalation.java,85,22,7,
booking-service,LIVE,class,ReconciliationItem,backend/booking-service/src/main/java/com/pml/booking/domain/model/ReconciliationItem.java,105,24,0,AllArgsConstructor Builder Data NoArgsConstructor
booking-service,LIVE,class,ReconciliationRun,backend/booking-service/src/main/java/com/pml/booking/domain/model/ReconciliationRun.java,98,62,0,AllArgsConstructor Builder Data Document NoArgsConstructor TypeAlias
booking-service,LIVE,class,RefundRequestHistory,backend/booking-service/src/main/java/com/pml/booking/domain/model/RefundRequest.java,163,2,0,AllArgsConstructor Builder Data NoArgsConstructor
booking-service,LIVE,class,RefundRequest,backend/booking-service/src/main/java/com/pml/booking/domain/model/RefundRequest.java,49,102,8,AllArgsConstructor Builder Data Document NoArgsConstructor TypeAlias
booking-service,LIVE,class,StandaloneEscrowTransaction,backend/booking-service/src/main/java/com/pml/booking/domain/model/StandaloneEscrowTransaction.java,104,45,0,AllArgsConstructor Builder Data Document NoArgsConstructor TypeAlias
booking-service,LIVE,enum,TransactionType,backend/booking-service/src/main/java/com/pml/booking/domain/model/StandaloneEscrowTransaction.java,285,35,0,
booking-service,LIVE,class,PaymentInfo,backend/booking-service/src/main/java/com/pml/booking/domain/model/Ticket.java,220,5,1,AllArgsConstructor Builder Data NoArgsConstructor
booking-service,LIVE,class,RefundInfo,backend/booking-service/src/main/java/com/pml/booking/domain/model/Ticket.java,240,7,0,AllArgsConstructor Builder Data NoArgsConstructor
booking-service,LIVE,class,Ticket,backend/booking-service/src/main/java/com/pml/booking/domain/model/Ticket.java,40,185,19,AllArgsConstructor Builder Data Document NoArgsConstructor TypeAlias
booking-service,LIVE,class,ReservationItem,backend/booking-service/src/main/java/com/pml/booking/domain/model/TicketReservation.java,178,7,1,AllArgsConstructor Builder Data NoArgsConstructor
booking-service,LIVE,class,TicketReservation,backend/booking-service/src/main/java/com/pml/booking/domain/model/TicketReservation.java,40,63,19,AllArgsConstructor Builder Data Document NoArgsConstructor TypeAlias
booking-service,LIVE,class,AccountNotFoundException,backend/booking-service/src/main/java/com/pml/booking/exception/AccountNotFoundException.java,29,5,0,
booking-service,LIVE,class,BusinessValidationException,backend/booking-service/src/main/java/com/pml/booking/exception/BusinessValidationException.java,26,2,2,
booking-service,LIVE,class,ChargebackProcessingException,backend/booking-service/src/main/java/com/pml/booking/exception/ChargebackProcessingException.java,30,2,0,
booking-service,LIVE,class,InactiveAccountException,backend/booking-service/src/main/java/com/pml/booking/exception/InactiveAccountException.java,28,2,0,
booking-service,LIVE,class,InsufficientEscrowBalanceException,backend/booking-service/src/main/java/com/pml/booking/exception/InsufficientEscrowBalanceException.java,8,2,0,
booking-service,LIVE,class,ProviderUnavailableException,backend/booking-service/src/main/java/com/pml/booking/exception/ProviderUnavailableException.java,9,2,3,
booking-service,LIVE,class,ReconciliationDiscrepancyException,backend/booking-service/src/main/java/com/pml/booking/exception/ReconciliationDiscrepancyException.java,41,2,0,
booking-service,LIVE,class,ReservationExpiredException,backend/booking-service/src/main/java/com/pml/booking/exception/ReservationExpiredException.java,14,3,2,
booking-service,LIVE,class,ReservationNotFoundException,backend/booking-service/src/main/java/com/pml/booking/exception/ReservationNotFoundException.java,10,3,0,
booking-service,LIVE,class,UnbalancedJournalEntryException,backend/booking-service/src/main/java/com/pml/booking/exception/UnbalancedJournalEntryException.java,30,3,0,
booking-service,LIVE,class,CatalogServiceClient,backend/booking-service/src/main/java/com/pml/booking/infrastructure/client/CatalogServiceClient.java,37,10,12,Component Slf4j
booking-service,LIVE,record,SharedOrganizationResponse,backend/booking-service/src/main/java/com/pml/booking/infrastructure/client/IdentityServiceClient.java,130,6,2,
booking-service,LIVE,record,UserOrganizationsResponse,backend/booking-service/src/main/java/com/pml/booking/infrastructure/client/IdentityServiceClient.java,142,2,0,
booking-service,LIVE,record,OrganizationMembershipInfo,backend/booking-service/src/main/java/com/pml/booking/infrastructure/client/IdentityServiceClient.java,149,1,0,
booking-service,LIVE,class,IdentityServiceClient,backend/booking-service/src/main/java/com/pml/booking/infrastructure/client/IdentityServiceClient.java,28,9,8,Component Slf4j
booking-service,LIVE,record,DepositRequest,backend/booking-service/src/main/java/com/pml/booking/infrastructure/client/PawaPayClient.java,454,2,0,
booking-service,LIVE,class,PawaPayClient,backend/booking-service/src/main/java/com/pml/booking/infrastructure/client/PawaPayClient.java,46,11,2,Component Slf4j
booking-service,LIVE,record,Payer,backend/booking-service/src/main/java/com/pml/booking/infrastructure/client/PawaPayClient.java,464,4,0,
booking-service,LIVE,record,AccountDetails,backend/booking-service/src/main/java/com/pml/booking/infrastructure/client/PawaPayClient.java,466,4,0,
booking-service,LIVE,record,DepositResponse,backend/booking-service/src/main/java/com/pml/booking/infrastructure/client/PawaPayClient.java,468,5,0,
booking-service,LIVE,record,DepositStatusResponse,backend/booking-service/src/main/java/com/pml/booking/infrastructure/client/PawaPayClient.java,479,5,0,
booking-service,LIVE,record,RefundRequest,backend/booking-service/src/main/java/com/pml/booking/infrastructure/client/PawaPayClient.java,501,102,8,
booking-service,LIVE,record,RefundResponse,backend/booking-service/src/main/java/com/pml/booking/infrastructure/client/PawaPayClient.java,509,6,6,
booking-service,LIVE,record,RefundStatusResponse,backend/booking-service/src/main/java/com/pml/booking/infrastructure/client/PawaPayClient.java,520,5,0,
booking-service,LIVE,record,PayoutRequest,backend/booking-service/src/main/java/com/pml/booking/infrastructure/client/PawaPayClient.java,539,129,19,
booking-service,LIVE,record,Recipient,backend/booking-service/src/main/java/com/pml/booking/infrastructure/client/PawaPayClient.java,546,3,0,
booking-service,LIVE,record,PayoutResponse,backend/booking-service/src/main/java/com/pml/booking/infrastructure/client/PawaPayClient.java,548,5,0,
booking-service,LIVE,record,PayoutStatusResponse,backend/booking-service/src/main/java/com/pml/booking/infrastructure/client/PawaPayClient.java,559,5,0,
booking-service,LIVE,record,FailureReason,backend/booking-service/src/main/java/com/pml/booking/infrastructure/client/PawaPayClient.java,579,17,2,
booking-service,LIVE,record,FinanceLeadContact,backend/booking-service/src/main/java/com/pml/booking/infrastructure/client/dto/FinanceLeadContact.java,4,2,2,
booking-service,LIVE,record,InventoryCommitRequest,backend/booking-service/src/main/java/com/pml/booking/infrastructure/client/dto/InventoryCommitRequest.java,9,1,0,
booking-service,LIVE,record,InventoryOperationResult,backend/booking-service/src/main/java/com/pml/booking/infrastructure/client/dto/InventoryOperationResult.java,6,12,1,
booking-service,LIVE,record,InventoryReleaseRequest,backend/booking-service/src/main/java/com/pml/booking/infrastructure/client/dto/InventoryReleaseRequest.java,9,1,0,
booking-service,LIVE,record,InventoryReservationRequest,backend/booking-service/src/main/java/com/pml/booking/infrastructure/client/dto/InventoryReservationRequest.java,9,1,0,
booking-service,LIVE,record,InventoryReservationResult,backend/booking-service/src/main/java/com/pml/booking/infrastructure/client/dto/InventoryReservationResult.java,6,5,1,
booking-service,LIVE,record,InventoryRestoreRequest,backend/booking-service/src/main/java/com/pml/booking/infrastructure/client/dto/InventoryRestoreRequest.java,9,1,0,
booking-service,LIVE,class,GatewayProperties,backend/booking-service/src/main/java/com/pml/booking/infrastructure/gateway/GatewayProperties.java,34,2,0,Component ConfigurationProperties Data Validated
booking-service,LIVE,class,Fallback,backend/booking-service/src/main/java/com/pml/booking/infrastructure/gateway/GatewayProperties.java,60,2,0,Data
booking-service,LIVE,interface,MobileMoneyGateway,backend/booking-service/src/main/java/com/pml/booking/infrastructure/gateway/MobileMoneyGateway.java,22,18,4,
booking-service,LIVE,record,CachedAvailability,backend/booking-service/src/main/java/com/pml/booking/infrastructure/gateway/MobileMoneyGatewayFactory.java,228,4,0,
booking-service,LIVE,class,MobileMoneyGatewayFactory,backend/booking-service/src/main/java/com/pml/booking/infrastructure/gateway/MobileMoneyGatewayFactory.java,33,9,4,Component Slf4j
booking-service,LIVE,class,NoGatewayAvailableException,backend/booking-service/src/main/java/com/pml/booking/infrastructure/gateway/exception/NoGatewayAvailableException.java,11,7,0,
booking-service,LIVE,record,GatewayPayoutRequest,backend/booking-service/src/main/java/com/pml/booking/infrastructure/gateway/model/GatewayPayoutRequest.java,11,4,0,
booking-service,LIVE,class,Builder,backend/booking-service/src/main/java/com/pml/booking/infrastructure/gateway/model/GatewayPayoutRequest.java,73,252,8,
booking-service,LIVE,record,MobileMoneyRequest,backend/booking-service/src/main/java/com/pml/booking/infrastructure/gateway/model/MobileMoneyRequest.java,11,5,2,
booking-service,LIVE,class,Builder,backend/booking-service/src/main/java/com/pml/booking/infrastructure/gateway/model/MobileMoneyRequest.java,71,252,8,
booking-service,LIVE,enum,MobileNetwork,backend/booking-service/src/main/java/com/pml/booking/infrastructure/gateway/model/MobileNetwork.java,7,30,0,
booking-service,LIVE,record,PaymentResult,backend/booking-service/src/main/java/com/pml/booking/infrastructure/gateway/model/PaymentResult.java,11,24,8,
booking-service,LIVE,class,Builder,backend/booking-service/src/main/java/com/pml/booking/infrastructure/gateway/model/PaymentResult.java,157,252,8,
booking-service,LIVE,enum,PaymentResultStatus,backend/booking-service/src/main/java/com/pml/booking/infrastructure/gateway/model/PaymentResultStatus.java,7,53,20,
booking-service,LIVE,record,PayoutResult,backend/booking-service/src/main/java/com/pml/booking/infrastructure/gateway/model/PayoutResult.java,10,15,10,
booking-service,LIVE,class,Builder,backend/booking-service/src/main/java/com/pml/booking/infrastructure/gateway/model/PayoutResult.java,122,252,8,
booking-service,LIVE,class,PciDssLogger,backend/booking-service/src/main/java/com/pml/booking/infrastructure/logging/PciDssLogger.java,51,11,0,Component Slf4j
booking-service,LIVE,class,PaymentMetrics,backend/booking-service/src/main/java/com/pml/booking/infrastructure/metrics/PaymentMetrics.java,36,3,0,Component Slf4j
booking-service,LIVE,class,TaskQueues,backend/booking-service/src/main/java/com/pml/booking/infrastructure/temporal/TaskQueues.java,11,41,34,
booking-service,LIVE,class,WorkflowIds,backend/booking-service/src/main/java/com/pml/booking/infrastructure/temporal/WorkflowIds.java,10,20,39,
booking-service,LIVE,class,BookingCollectionRenameMigrationService,backend/booking-service/src/main/java/com/pml/booking/migration/BookingCollectionRenameMigrationService.java,40,1,0,Autowired RequiredArgsConstructor Service Slf4j
booking-service,LIVE,class,BookingRegistryConformanceMigrationService,backend/booking-service/src/main/java/com/pml/booking/migration/BookingRegistryConformanceMigrationService.java,36,1,0,Autowired RequiredArgsConstructor Service Slf4j
booking-service,LIVE,enum,Outcome,backend/booking-service/src/main/java/com/pml/booking/migration/CheckInBackfillMigrationService.java,151,84,36,
booking-service,LIVE,class,CheckInBackfillMigrationService,backend/booking-service/src/main/java/com/pml/booking/migration/CheckInBackfillMigrationService.java,61,1,0,RequiredArgsConstructor Service Slf4j
booking-service,LIVE,record,Result,backend/booking-service/src/main/java/com/pml/booking/migration/CheckInBackfillMigrationService.java,78,104,13,
booking-service,LIVE,class,EscrowDocumentConformanceMigrationService,backend/booking-service/src/main/java/com/pml/booking/migration/EscrowDocumentConformanceMigrationService.java,42,1,0,Autowired RequiredArgsConstructor Service Slf4j
booking-service,LIVE,record,Result,backend/booking-service/src/main/java/com/pml/booking/migration/EscrowDocumentConformanceMigrationService.java,66,104,13,
booking-service,LIVE,class,EscrowStatusConformanceMigrationService,backend/booking-service/src/main/java/com/pml/booking/migration/EscrowStatusConformanceMigrationService.java,52,1,0,Autowired RequiredArgsConstructor Service Slf4j
booking-service,LIVE,record,Replacement,backend/booking-service/src/main/java/com/pml/booking/migration/EscrowStatusConformanceMigrationService.java,63,6,0,
booking-service,LIVE,record,Result,backend/booking-service/src/main/java/com/pml/booking/migration/EscrowStatusConformanceMigrationService.java,68,104,13,
booking-service,LIVE,record,MigrationResult,backend/booking-service/src/main/java/com/pml/booking/migration/EscrowTransactionMigrationService.java,210,4,0,
booking-service,LIVE,class,EscrowTransactionMigrationService,backend/booking-service/src/main/java/com/pml/booking/migration/EscrowTransactionMigrationService.java,60,1,0,RequiredArgsConstructor Service Slf4j
booking-service,LIVE,class,PaymentSubjectMigrationService,backend/booking-service/src/main/java/com/pml/booking/migration/PaymentSubjectMigrationService.java,43,1,0,Autowired RequiredArgsConstructor Service Slf4j
booking-service,LIVE,record,Result,backend/booking-service/src/main/java/com/pml/booking/migration/PaymentSubjectMigrationService.java,52,104,13,
booking-service,LIVE,class,PayoutConformanceMigrationService,backend/booking-service/src/main/java/com/pml/booking/migration/PayoutConformanceMigrationService.java,41,1,0,Autowired RequiredArgsConstructor Service Slf4j
booking-service,LIVE,record,Result,backend/booking-service/src/main/java/com/pml/booking/migration/PayoutConformanceMigrationService.java,72,104,13,
booking-service,LIVE,class,PayoutFeeFieldCleanupMigrationService,backend/booking-service/src/main/java/com/pml/booking/migration/PayoutFeeFieldCleanupMigrationService.java,35,1,0,Autowired RequiredArgsConstructor Service Slf4j
booking-service,LIVE,class,PromoCodeOwnershipBackfillMigrationService,backend/booking-service/src/main/java/com/pml/booking/migration/PromoCodeOwnershipBackfillMigrationService.java,28,1,2,Autowired RequiredArgsConstructor Service Slf4j
booking-service,LIVE,class,ReservationConformanceMigrationService,backend/booking-service/src/main/java/com/pml/booking/migration/ReservationConformanceMigrationService.java,42,1,0,Autowired RequiredArgsConstructor Service Slf4j
booking-service,LIVE,record,Result,backend/booking-service/src/main/java/com/pml/booking/migration/ReservationConformanceMigrationService.java,55,104,13,
booking-service,LIVE,enum,Outcome,backend/booking-service/src/main/java/com/pml/booking/migration/StatusSemanticMigrationService.java,168,84,36,
booking-service,LIVE,class,StatusSemanticMigrationService,backend/booking-service/src/main/java/com/pml/booking/migration/StatusSemanticMigrationService.java,40,1,0,RequiredArgsConstructor Service Slf4j
booking-service,LIVE,record,Result,backend/booking-service/src/main/java/com/pml/booking/migration/StatusSemanticMigrationService.java,56,104,13,
booking-service,LIVE,class,TicketStatusConformanceMigrationService,backend/booking-service/src/main/java/com/pml/booking/migration/TicketStatusConformanceMigrationService.java,66,1,0,Autowired RequiredArgsConstructor Service Slf4j
booking-service,LIVE,record,Result,backend/booking-service/src/main/java/com/pml/booking/migration/TicketStatusConformanceMigrationService.java,91,104,13,
booking-service,LIVE,class,BookingCollections,backend/booking-service/src/main/java/com/pml/booking/persistence/BookingCollections.java,20,283,13,
booking-service,LIVE,interface,BankAccountRepository,backend/booking-service/src/main/java/com/pml/booking/repository/BankAccountRepository.java,14,3,2,Repository
booking-service,LIVE,interface,ChargebackRecordRepository,backend/booking-service/src/main/java/com/pml/booking/repository/ChargebackRecordRepository.java,46,5,2,Repository
booking-service,LIVE,interface,ChartOfAccountsRepository,backend/booking-service/src/main/java/com/pml/booking/repository/ChartOfAccountsRepository.java,51,3,1,Repository
booking-service,LIVE,interface,CheckInConflictRepository,backend/booking-service/src/main/java/com/pml/booking/repository/CheckInConflictRepository.java,21,1,2,Repository
booking-service,LIVE,interface,CheckInRepository,backend/booking-service/src/main/java/com/pml/booking/repository/CheckInRepository.java,21,2,2,Repository
booking-service,LIVE,interface,CommissionRecordRepository,backend/booking-service/src/main/java/com/pml/booking/repository/CommissionRecordRepository.java,17,1,2,Repository
booking-service,LIVE,interface,EventEscrowAccountRepository,backend/booking-service/src/main/java/com/pml/booking/repository/EventEscrowAccountRepository.java,19,11,4,Repository
booking-service,LIVE,interface,JournalEntryRepository,backend/booking-service/src/main/java/com/pml/booking/repository/JournalEntryRepository.java,57,4,1,Repository
booking-service,LIVE,interface,PaymentAttemptRepository,backend/booking-service/src/main/java/com/pml/booking/repository/PaymentAttemptRepository.java,27,2,8,Repository
booking-service,LIVE,interface,PaymentIntentRepository,backend/booking-service/src/main/java/com/pml/booking/repository/PaymentIntentRepository.java,19,5,2,Repository
booking-service,LIVE,interface,PayoutRequestRepository,backend/booking-service/src/main/java/com/pml/booking/repository/PayoutRequestRepository.java,19,12,7,Repository
booking-service,LIVE,interface,PlatformAccountRepository,backend/booking-service/src/main/java/com/pml/booking/repository/PlatformAccountRepository.java,53,1,0,Repository
booking-service,LIVE,interface,PlatformSummaryRepository,backend/booking-service/src/main/java/com/pml/booking/repository/PlatformSummaryRepository.java,22,1,0,
booking-service,LIVE,interface,PromoCodeRepository,backend/booking-service/src/main/java/com/pml/booking/repository/PromoCodeRepository.java,16,3,2,Repository
booking-service,LIVE,interface,PurchaseEscalationRepository,backend/booking-service/src/main/java/com/pml/booking/repository/PurchaseEscalationRepository.java,12,1,0,Repository
booking-service,LIVE,interface,ReconciliationRunRepository,backend/booking-service/src/main/java/com/pml/booking/repository/ReconciliationRunRepository.java,51,1,0,Repository
booking-service,LIVE,interface,RefundRequestRepository,backend/booking-service/src/main/java/com/pml/booking/repository/RefundRequestRepository.java,16,6,2,Repository
booking-service,LIVE,interface,StandaloneEscrowTransactionRepository,backend/booking-service/src/main/java/com/pml/booking/repository/StandaloneEscrowTransactionRepository.java,50,2,0,Repository
booking-service,LIVE,interface,TicketRepository,backend/booking-service/src/main/java/com/pml/booking/repository/TicketRepository.java,34,12,8,Repository
booking-service,LIVE,interface,TicketReservationRepository,backend/booking-service/src/main/java/com/pml/booking/repository/TicketReservationRepository.java,18,4,6,Repository
booking-service,LIVE,class,AggregationResult,backend/booking-service/src/main/java/com/pml/booking/repository/dto/AggregationResult.java,26,3,0,
booking-service,LIVE,record,EscrowSummaryResult,backend/booking-service/src/main/java/com/pml/booking/repository/dto/EscrowSummaryResult.java,17,8,0,
booking-service,LIVE,record,PayoutSummaryResult,backend/booking-service/src/main/java/com/pml/booking/repository/dto/PayoutSummaryResult.java,8,8,0,
booking-service,LIVE,record,PayoutTotalResult,backend/booking-service/src/main/java/com/pml/booking/repository/dto/PayoutTotalResult.java,12,1,0,
booking-service,LIVE,record,RevenueResult,backend/booking-service/src/main/java/com/pml/booking/repository/dto/RevenueResult.java,12,3,0,
booking-service,LIVE,record,SpentResult,backend/booking-service/src/main/java/com/pml/booking/repository/dto/SpentResult.java,12,3,0,
booking-service,LIVE,record,TicketSummaryResult,backend/booking-service/src/main/java/com/pml/booking/repository/dto/TicketSummaryResult.java,12,8,0,
booking-service,LIVE,record,TransactionSummaryResult,backend/booking-service/src/main/java/com/pml/booking/repository/dto/TransactionSummaryResult.java,14,8,0,
booking-service,LIVE,class,ActorOrganizationResolver,backend/booking-service/src/main/java/com/pml/booking/security/ActorOrganizationResolver.java,39,1,0,Component RequiredArgsConstructor Slf4j
booking-service,LIVE,class,NoOrganizationException,backend/booking-service/src/main/java/com/pml/booking/security/ActorOrganizationResolver.java,44,5,0,
booking-service,LIVE,class,CallerScope,backend/booking-service/src/main/java/com/pml/booking/security/CallerScope.java,33,3,6,
booking-service,LIVE,class,EventGateAccess,backend/booking-service/src/main/java/com/pml/booking/security/EventGateAccess.java,32,2,4,Component
booking-service,LIVE,class,EventSecurityService,backend/booking-service/src/main/java/com/pml/booking/security/EventSecurityService.java,31,1,0,RequiredArgsConstructor Service Slf4j
booking-service,LIVE,class,OrganizationSecurityService,backend/booking-service/src/main/java/com/pml/booking/security/OrganizationSecurityService.java,41,1,2,RequiredArgsConstructor Service Slf4j
booking-service,LIVE,class,RefundSecurityService,backend/booking-service/src/main/java/com/pml/booking/security/RefundSecurityService.java,22,1,2,RequiredArgsConstructor Service Slf4j
booking-service,LIVE,class,TenantAccessGuard,backend/booking-service/src/main/java/com/pml/booking/security/TenantAccessGuard.java,41,1,1,Component RequiredArgsConstructor Slf4j
booking-service,LIVE,class,TenantAccessDeniedException,backend/booking-service/src/main/java/com/pml/booking/security/TenantAccessGuard.java,46,6,0,
booking-service,LIVE,class,TenantReads,backend/booking-service/src/main/java/com/pml/booking/security/TenantReads.java,30,8,4,Component
booking-service,LIVE,class,TicketSecurityService,backend/booking-service/src/main/java/com/pml/booking/security/TicketSecurityService.java,21,1,0,RequiredArgsConstructor Service Slf4j
booking-service,LIVE,interface,AccountingService,backend/booking-service/src/main/java/com/pml/booking/service/AccountingService.java,56,10,7,
booking-service,LIVE,interface,BankAccountService,backend/booking-service/src/main/java/com/pml/booking/service/BankAccountService.java,34,3,0,
booking-service,LIVE,class,BankVerificationService,backend/booking-service/src/main/java/com/pml/booking/service/BankVerificationService.java,24,4,1,Service
booking-service,LIVE,class,CatalogLifecycleService,backend/booking-service/src/main/java/com/pml/booking/service/CatalogLifecycleService.java,25,2,0,Component RequiredArgsConstructor Slf4j
booking-service,LIVE,record,DisputeEvidence,backend/booking-service/src/main/java/com/pml/booking/service/ChargebackService.java,166,3,0,
booking-service,LIVE,record,ChargebackStats,backend/booking-service/src/main/java/com/pml/booking/service/ChargebackService.java,357,7,0,
booking-service,LIVE,interface,ChargebackService,backend/booking-service/src/main/java/com/pml/booking/service/ChargebackService.java,59,7,0,
booking-service,LIVE,interface,ChartOfAccountsService,backend/booking-service/src/main/java/com/pml/booking/service/ChartOfAccountsService.java,65,4,0,
booking-service,LIVE,interface,CheckInService,backend/booking-service/src/main/java/com/pml/booking/service/CheckInService.java,18,7,0,
booking-service,LIVE,enum,Outcome,backend/booking-service/src/main/java/com/pml/booking/service/CheckInService.java,28,84,36,
booking-service,LIVE,record,ScanCommand,backend/booking-service/src/main/java/com/pml/booking/service/CheckInService.java,64,10,0,
booking-service,LIVE,record,ScanResult,backend/booking-service/src/main/java/com/pml/booking/service/CheckInService.java,85,13,0,
booking-service,LIVE,record,Summary,backend/booking-service/src/main/java/com/pml/booking/service/CheckInService.java,98,14,4,
booking-service,LIVE,interface,CommissionService,backend/booking-service/src/main/java/com/pml/booking/service/CommissionService.java,24,6,2,
booking-service,LIVE,interface,EscrowService,backend/booking-service/src/main/java/com/pml/booking/service/EscrowService.java,18,12,2,
booking-service,LIVE,interface,EscrowTransactionService,backend/booking-service/src/main/java/com/pml/booking/service/EscrowTransactionService.java,44,2,0,
booking-service,LIVE,class,FinanceEscalations,backend/booking-service/src/main/java/com/pml/booking/service/FinanceEscalations.java,17,6,2,Service
booking-service,LIVE,record,Escalation,backend/booking-service/src/main/java/com/pml/booking/service/FinanceEscalations.java,32,3,2,
booking-service,LIVE,interface,FinancialReportService,backend/booking-service/src/main/java/com/pml/booking/service/FinancialReportService.java,12,1,0,
booking-service,LIVE,interface,JournalService,backend/booking-service/src/main/java/com/pml/booking/service/JournalService.java,56,4,0,
booking-service,LIVE,interface,LiveDashboardService,backend/booking-service/src/main/java/com/pml/booking/service/LiveDashboardService.java,18,1,0,
booking-service,LIVE,interface,NotificationService,backend/booking-service/src/main/java/com/pml/booking/service/NotificationService.java,31,5,2,
booking-service,LIVE,interface,OrganizerDashboardService,backend/booking-service/src/main/java/com/pml/booking/service/OrganizerDashboardService.java,33,1,0,
booking-service,LIVE,interface,PaymentAttemptRecorder,backend/booking-service/src/main/java/com/pml/booking/service/PaymentAttemptRecorder.java,18,6,1,
booking-service,LIVE,record,ProviderCall,backend/booking-service/src/main/java/com/pml/booking/service/PaymentAttemptRecorder.java,33,5,6,
booking-service,LIVE,enum,CallOutcome,backend/booking-service/src/main/java/com/pml/booking/service/PaymentAttemptRecorder.java,45,10,4,
booking-service,LIVE,interface,PaymentAttemptService,backend/booking-service/src/main/java/com/pml/booking/service/PaymentAttemptService.java,18,2,0,
booking-service,LIVE,class,PaymentOutcomeService,backend/booking-service/src/main/java/com/pml/booking/service/PaymentOutcomeService.java,64,10,11,Service Slf4j
booking-service,LIVE,enum,Verdict,backend/booking-service/src/main/java/com/pml/booking/service/PaymentOutcomeService.java,67,17,8,
booking-service,LIVE,class,UnknownDeposit,backend/booking-service/src/main/java/com/pml/booking/service/PaymentOutcomeService.java,70,3,1,
booking-service,LIVE,interface,PaymentService,backend/booking-service/src/main/java/com/pml/booking/service/PaymentService.java,15,4,0,
booking-service,LIVE,interface,PayoutEligibilityService,backend/booking-service/src/main/java/com/pml/booking/service/PayoutEligibilityService.java,16,1,0,
booking-service,LIVE,class,IssueTypeCount,backend/booking-service/src/main/java/com/pml/booking/service/PayoutRecoveryService.java,261,3,0,Data
booking-service,LIVE,class,AmountResult,backend/booking-service/src/main/java/com/pml/booking/service/PayoutRecoveryService.java,268,1,0,Data
booking-service,LIVE,class,PayoutRecoveryService,backend/booking-service/src/main/java/com/pml/booking/service/PayoutRecoveryService.java,39,2,1,RequiredArgsConstructor Service Slf4j
booking-service,LIVE,interface,PayoutRequestService,backend/booking-service/src/main/java/com/pml/booking/service/PayoutRequestService.java,41,5,1,
booking-service,LIVE,class,PayoutSettlementService,backend/booking-service/src/main/java/com/pml/booking/service/PayoutSettlementService.java,54,2,2,Service Slf4j
booking-service,LIVE,class,PendingApprovalStatsService,backend/booking-service/src/main/java/com/pml/booking/service/PendingApprovalStatsService.java,33,1,0,RequiredArgsConstructor Service Slf4j
booking-service,LIVE,class,CountResult,backend/booking-service/src/main/java/com/pml/booking/service/PendingApprovalStatsService.java,81,4,0,Data
booking-service,LIVE,record,TransferResult,backend/booking-service/src/main/java/com/pml/booking/service/PlatformAccountService.java,171,3,0,
booking-service,LIVE,interface,PlatformAccountService,backend/booking-service/src/main/java/com/pml/booking/service/PlatformAccountService.java,56,2,0,
booking-service,LIVE,interface,PlatformSummaryService,backend/booking-service/src/main/java/com/pml/booking/service/PlatformSummaryService.java,36,1,0,
booking-service,LIVE,interface,PromoCodeService,backend/booking-service/src/main/java/com/pml/booking/service/PromoCodeService.java,16,2,0,
booking-service,LIVE,class,PurchaseEscalationService,backend/booking-service/src/main/java/com/pml/booking/service/PurchaseEscalationService.java,31,4,2,RequiredArgsConstructor Service Slf4j
booking-service,LIVE,interface,PurchaseService,backend/booking-service/src/main/java/com/pml/booking/service/PurchaseService.java,24,5,3,
booking-service,LIVE,record,BankStatementEntry,backend/booking-service/src/main/java/com/pml/booking/service/ReconciliationService.java,126,3,0,
booking-service,LIVE,record,EscrowReconciliationResult,backend/booking-service/src/main/java/com/pml/booking/service/ReconciliationService.java,169,4,0,
booking-service,LIVE,record,EscrowJournalVerificationResult,backend/booking-service/src/main/java/com/pml/booking/service/ReconciliationService.java,269,10,0,
booking-service,LIVE,enum,VerificationStatus,backend/booking-service/src/main/java/com/pml/booking/service/ReconciliationService.java,319,27,17,
booking-service,LIVE,record,ReconciliationSummary,backend/booking-service/src/main/java/com/pml/booking/service/ReconciliationService.java,468,8,0,
booking-service,LIVE,record,ReconciliationReport,backend/booking-service/src/main/java/com/pml/booking/service/ReconciliationService.java,497,3,0,
booking-service,LIVE,record,UnresolvedItem,backend/booking-service/src/main/java/com/pml/booking/service/ReconciliationService.java,514,3,0,
booking-service,LIVE,interface,ReconciliationService,backend/booking-service/src/main/java/com/pml/booking/service/ReconciliationService.java,75,5,0,
booking-service,LIVE,interface,RefundService,backend/booking-service/src/main/java/com/pml/booking/service/RefundService.java,18,6,2,
booking-service,LIVE,interface,ReservationService,backend/booking-service/src/main/java/com/pml/booking/service/ReservationService.java,25,5,0,
booking-service,LIVE,interface,TicketService,backend/booking-service/src/main/java/com/pml/booking/service/TicketService.java,18,7,0,
booking-service,LIVE,class,StatusAggResult,backend/booking-service/src/main/java/com/pml/booking/service/TicketStatsService.java,213,3,0,Data
booking-service,LIVE,class,CategoryAggResult,backend/booking-service/src/main/java/com/pml/booking/service/TicketStatsService.java,219,3,0,Data
booking-service,LIVE,class,TicketStatsService,backend/booking-service/src/main/java/com/pml/booking/service/TicketStatsService.java,34,1,0,RequiredArgsConstructor Service Slf4j
booking-service,LIVE,class,WebhookSignatureVerificationService,backend/booking-service/src/main/java/com/pml/booking/service/WebhookSignatureVerificationService.java,53,1,0,RequiredArgsConstructor Service Slf4j
booking-service,LIVE,class,SignatureInputParams,backend/booking-service/src/main/java/com/pml/booking/service/WebhookSignatureVerificationService.java,579,5,0,
booking-service,LIVE,record,RecoveryResult,backend/booking-service/src/main/java/com/pml/booking/service/impl/ChargebackServiceImpl.java,478,12,0,
booking-service,LIVE,record,BasicStats,backend/booking-service/src/main/java/com/pml/booking/service/impl/LiveDashboardServiceImpl.java,200,4,0,
booking-service,LIVE,class,ReservationStateInvalid,backend/booking-service/src/main/java/com/pml/booking/service/impl/PurchaseServiceImpl.java,301,4,0,
booking-service,LIVE,class,PurchaseServiceImpl,backend/booking-service/src/main/java/com/pml/booking/service/impl/PurchaseServiceImpl.java,65,2,2,RequiredArgsConstructor Service Slf4j
booking-service,LIVE,class,Tickets,backend/booking-service/src/main/java/com/pml/booking/service/referencedata/BookingStatusSemanticStampers.java,26,2,3,Component
booking-service,LIVE,class,Payouts,backend/booking-service/src/main/java/com/pml/booking/service/referencedata/BookingStatusSemanticStampers.java,43,4,1,Component
booking-service,LIVE,class,EscrowAccounts,backend/booking-service/src/main/java/com/pml/booking/service/referencedata/BookingStatusSemanticStampers.java,60,1,0,Component
booking-service,LIVE,record,AccountBalanceDto,backend/booking-service/src/main/java/com/pml/booking/web/graphql/dto/AccountBalanceDto.java,16,5,14,
booking-service,LIVE,record,AccountSummary,backend/booking-service/src/main/java/com/pml/booking/web/graphql/dto/AccountSummary.java,9,3,0,
booking-service,LIVE,record,AdminTicketUpdateInput,backend/booking-service/src/main/java/com/pml/booking/web/graphql/dto/AdminTicketUpdateInput.java,9,3,0,
booking-service,LIVE,record,BookingPendingCounts,backend/booking-service/src/main/java/com/pml/booking/web/graphql/dto/BookingPendingCounts.java,14,3,0,
booking-service,LIVE,record,BulkOperationResponse,backend/booking-service/src/main/java/com/pml/booking/web/graphql/dto/BulkOperationResponse.java,12,12,0,
booking-service,LIVE,class,BulkPayoutOperationResponse,backend/booking-service/src/main/java/com/pml/booking/web/graphql/dto/BulkPayoutOperationResponse.java,19,4,0,AllArgsConstructor Builder Data NoArgsConstructor
booking-service,LIVE,record,ChargebackFilterInput,backend/booking-service/src/main/java/com/pml/booking/web/graphql/dto/ChargebackFilterInput.java,20,2,0,
booking-service,LIVE,record,ChargebackOffsetPage,backend/booking-service/src/main/java/com/pml/booking/web/graphql/dto/ChargebackOffsetPage.java,15,5,0,
booking-service,LIVE,record,ChartOfAccountsOffsetPage,backend/booking-service/src/main/java/com/pml/booking/web/graphql/dto/ChartOfAccountsOffsetPage.java,15,3,0,
booking-service,LIVE,class,CheckInEvent,backend/booking-service/src/main/java/com/pml/booking/web/graphql/dto/CheckInEvent.java,20,4,0,AllArgsConstructor Builder Data NoArgsConstructor
booking-service,LIVE,record,CreateBankAccountInput,backend/booking-service/src/main/java/com/pml/booking/web/graphql/dto/CreateBankAccountInput.java,26,3,0,
booking-service,LIVE,record,CreateChartOfAccountsInput,backend/booking-service/src/main/java/com/pml/booking/web/graphql/dto/CreateChartOfAccountsInput.java,19,2,0,
booking-service,LIVE,record,CreateEscrowAccountInput,backend/booking-service/src/main/java/com/pml/booking/web/graphql/dto/CreateEscrowAccountInput.java,9,1,0,
booking-service,LIVE,record,CreateJournalEntryInput,backend/booking-service/src/main/java/com/pml/booking/web/graphql/dto/CreateJournalEntryInput.java,25,1,0,
booking-service,LIVE,record,CreatePayoutRequestInput,backend/booking-service/src/main/java/com/pml/booking/web/graphql/dto/CreatePayoutRequestInput.java,30,3,2,
booking-service,LIVE,record,CreatePromoCodeInput,backend/booking-service/src/main/java/com/pml/booking/web/graphql/dto/CreatePromoCodeInput.java,15,6,1,
booking-service,LIVE,record,CreateRefundRequestInput,backend/booking-service/src/main/java/com/pml/booking/web/graphql/dto/CreateRefundRequestInput.java,24,1,1,
booking-service,LIVE,record,CursorPaginationInput,backend/booking-service/src/main/java/com/pml/booking/web/graphql/dto/CursorPaginationInput.java,7,4,1,
booking-service,LIVE,record,DisputeChargebackInput,backend/booking-service/src/main/java/com/pml/booking/web/graphql/dto/DisputeChargebackInput.java,15,2,0,
booking-service,LIVE,record,EscrowAccountFilterInput,backend/booking-service/src/main/java/com/pml/booking/web/graphql/dto/EscrowAccountFilterInput.java,9,2,1,
booking-service,LIVE,record,EscrowAccountOffsetPage,backend/booking-service/src/main/java/com/pml/booking/web/graphql/dto/EscrowAccountOffsetPage.java,11,5,0,
booking-service,LIVE,record,EscrowJournalVerificationResponse,backend/booking-service/src/main/java/com/pml/booking/web/graphql/dto/EscrowJournalVerificationResponse.java,17,10,0,
booking-service,LIVE,record,EscrowTransactionOffsetPage,backend/booking-service/src/main/java/com/pml/booking/web/graphql/dto/EscrowTransactionOffsetPage.java,15,3,0,
booking-service,LIVE,record,EventFinancialSummary,backend/booking-service/src/main/java/com/pml/booking/web/graphql/dto/EventFinancialSummary.java,10,6,0,
booking-service,LIVE,enum,ExportFormat,backend/booking-service/src/main/java/com/pml/booking/web/graphql/dto/ExportFormat.java,8,8,0,
booking-service,LIVE,record,FinancialDataPoint,backend/booking-service/src/main/java/com/pml/booking/web/graphql/dto/FinancialDataPoint.java,10,4,0,
booking-service,LIVE,record,FinancialReport,backend/booking-service/src/main/java/com/pml/booking/web/graphql/dto/FinancialReport.java,13,4,0,
booking-service,LIVE,record,FinancialReportFilterInput,backend/booking-service/src/main/java/com/pml/booking/web/graphql/dto/FinancialReportFilterInput.java,10,6,0,
booking-service,LIVE,record,JournalEntryFilterInput,backend/booking-service/src/main/java/com/pml/booking/web/graphql/dto/JournalEntryFilterInput.java,20,2,0,
booking-service,LIVE,record,JournalEntryOffsetPage,backend/booking-service/src/main/java/com/pml/booking/web/graphql/dto/JournalEntryOffsetPage.java,15,5,0,
booking-service,LIVE,record,JournalLineInput,backend/booking-service/src/main/java/com/pml/booking/web/graphql/dto/JournalLineInput.java,20,4,0,
booking-service,LIVE,class,LiveDashboard,backend/booking-service/src/main/java/com/pml/booking/web/graphql/dto/LiveDashboard.java,21,5,0,AllArgsConstructor Builder Data NoArgsConstructor
booking-service,LIVE,enum,SortDirection,backend/booking-service/src/main/java/com/pml/booking/web/graphql/dto/OffsetPaginationInput.java,13,5,0,
booking-service,LIVE,record,OffsetPaginationInput,backend/booking-service/src/main/java/com/pml/booking/web/graphql/dto/OffsetPaginationInput.java,7,76,1,
booking-service,LIVE,record,PageInfo,backend/booking-service/src/main/java/com/pml/booking/web/graphql/dto/PageInfo.java,6,14,0,
booking-service,LIVE,record,PaginationInfo,backend/booking-service/src/main/java/com/pml/booking/web/graphql/dto/PaginationInfo.java,3,46,0,
booking-service,LIVE,record,PayReservationInput,backend/booking-service/src/main/java/com/pml/booking/web/graphql/dto/PayReservationInput.java,12,2,0,
booking-service,LIVE,record,PaymentInitiationResponse,backend/booking-service/src/main/java/com/pml/booking/web/graphql/dto/PaymentInitiationResponse.java,14,7,0,
booking-service,LIVE,record,PayoutRequestFilterInput,backend/booking-service/src/main/java/com/pml/booking/web/graphql/dto/PayoutRequestFilterInput.java,10,2,2,
booking-service,LIVE,record,PayoutRequestOffsetPage,backend/booking-service/src/main/java/com/pml/booking/web/graphql/dto/PayoutRequestOffsetPage.java,7,15,0,
booking-service,LIVE,record,PlatformSummary,backend/booking-service/src/main/java/com/pml/booking/web/graphql/dto/PlatformSummary.java,9,4,0,
booking-service,LIVE,class,PromoCodeValidation,backend/booking-service/src/main/java/com/pml/booking/web/graphql/dto/PromoCodeValidation.java,21,3,0,AllArgsConstructor Builder Data NoArgsConstructor
booking-service,LIVE,record,ReceiveChargebackInput,backend/booking-service/src/main/java/com/pml/booking/web/graphql/dto/ReceiveChargebackInput.java,27,2,0,
booking-service,LIVE,record,ReconciliationFilterInput,backend/booking-service/src/main/java/com/pml/booking/web/graphql/dto/ReconciliationFilterInput.java,18,2,0,
booking-service,LIVE,record,ReconciliationRunOffsetPage,backend/booking-service/src/main/java/com/pml/booking/web/graphql/dto/ReconciliationRunOffsetPage.java,15,4,0,
booking-service,LIVE,record,ReconciliationSummary,backend/booking-service/src/main/java/com/pml/booking/web/graphql/dto/ReconciliationSummary.java,19,8,0,
booking-service,LIVE,record,RecordGatewaySettlementInput,backend/booking-service/src/main/java/com/pml/booking/web/graphql/dto/RecordGatewaySettlementInput.java,40,1,0,
booking-service,LIVE,class,RefundCalculation,backend/booking-service/src/main/java/com/pml/booking/web/graphql/dto/RefundCalculation.java,23,14,0,AllArgsConstructor Builder Data NoArgsConstructor
booking-service,LIVE,record,RefundRequestFilterInput,backend/booking-service/src/main/java/com/pml/booking/web/graphql/dto/RefundRequestFilterInput.java,8,2,0,
booking-service,LIVE,record,RefundRequestOffsetPage,backend/booking-service/src/main/java/com/pml/booking/web/graphql/dto/RefundRequestOffsetPage.java,7,7,0,
booking-service,LIVE,record,RefundStatusSummary,backend/booking-service/src/main/java/com/pml/booking/web/graphql/dto/RefundStatusSummary.java,5,9,0,
booking-service,LIVE,record,RefundSummary,backend/booking-service/src/main/java/com/pml/booking/web/graphql/dto/RefundSummary.java,7,3,0,
booking-service,LIVE,record,RefundTypeSummary,backend/booking-service/src/main/java/com/pml/booking/web/graphql/dto/RefundTypeSummary.java,5,9,0,
booking-service,LIVE,record,ReportExport,backend/booking-service/src/main/java/com/pml/booking/web/graphql/dto/ReportExport.java,11,8,1,
booking-service,LIVE,record,ReservationOffsetPage,backend/booking-service/src/main/java/com/pml/booking/web/graphql/dto/ReservationOffsetPage.java,11,4,0,
booking-service,LIVE,record,ReserveTicketsInput,backend/booking-service/src/main/java/com/pml/booking/web/graphql/dto/ReserveTicketsInput.java,12,11,1,
booking-service,LIVE,record,ResolveReconciliationItemInput,backend/booking-service/src/main/java/com/pml/booking/web/graphql/dto/ResolveReconciliationItemInput.java,11,1,0,
booking-service,LIVE,record,StartReconciliationInput,backend/booking-service/src/main/java/com/pml/booking/web/graphql/dto/StartReconciliationInput.java,19,1,0,
booking-service,LIVE,record,TicketConnection,backend/booking-service/src/main/java/com/pml/booking/web/graphql/dto/TicketConnection.java,9,4,1,
booking-service,LIVE,record,TicketEdge,backend/booking-service/src/main/java/com/pml/booking/web/graphql/dto/TicketEdge.java,8,3,0,
booking-service,LIVE,record,TicketFilterInput,backend/booking-service/src/main/java/com/pml/booking/web/graphql/dto/TicketFilterInput.java,6,3,3,
booking-service,LIVE,record,TicketOffsetPage,backend/booking-service/src/main/java/com/pml/booking/web/graphql/dto/TicketOffsetPage.java,7,6,0,
booking-service,LIVE,record,TicketSelectionInput,backend/booking-service/src/main/java/com/pml/booking/web/graphql/dto/TicketSelectionInput.java,9,7,1,
booking-service,LIVE,class,TierCheckInStats,backend/booking-service/src/main/java/com/pml/booking/web/graphql/dto/TierCheckInStats.java,18,4,0,AllArgsConstructor Builder Data NoArgsConstructor
booking-service,LIVE,enum,TimeUnit,backend/booking-service/src/main/java/com/pml/booking/web/graphql/dto/TimeUnit.java,8,12,4,
booking-service,LIVE,record,TransactionStats,backend/booking-service/src/main/java/com/pml/booking/web/graphql/dto/TransactionStats.java,11,4,0,
booking-service,LIVE,record,UpdateBankAccountInput,backend/booking-service/src/main/java/com/pml/booking/web/graphql/dto/UpdateBankAccountInput.java,3,3,0,
booking-service,LIVE,record,CheckInConflictPage,backend/booking-service/src/main/java/com/pml/booking/web/graphql/dto/checkin/CheckInConflictPage.java,13,2,0,
booking-service,LIVE,record,CheckInSummary,backend/booking-service/src/main/java/com/pml/booking/web/graphql/dto/checkin/CheckInSummary.java,24,2,0,
booking-service,LIVE,record,ValidateTicketInput,backend/booking-service/src/main/java/com/pml/booking/web/graphql/dto/checkin/ValidateTicketInput.java,27,5,3,
booking-service,LIVE,record,ValidationResult,backend/booking-service/src/main/java/com/pml/booking/web/graphql/dto/checkin/ValidationResult.java,22,4,1,
booking-service,LIVE,class,OrganizerActivityItem,backend/booking-service/src/main/java/com/pml/booking/web/graphql/dto/organizer/OrganizerActivityItem.java,25,16,1,AllArgsConstructor Builder Data NoArgsConstructor
booking-service,LIVE,enum,OrganizerActivityType,backend/booking-service/src/main/java/com/pml/booking/web/graphql/dto/organizer/OrganizerActivityItem.java,70,6,0,
booking-service,LIVE,class,OrganizerCheckInRate,backend/booking-service/src/main/java/com/pml/booking/web/graphql/dto/organizer/OrganizerCheckInRate.java,24,4,0,AllArgsConstructor Builder Data NoArgsConstructor
booking-service,LIVE,class,OrganizerDashboardStats,backend/booking-service/src/main/java/com/pml/booking/web/graphql/dto/organizer/OrganizerDashboardStats.java,25,6,0,AllArgsConstructor Builder Data NoArgsConstructor
booking-service,LIVE,class,OrganizerFinanceOverview,backend/booking-service/src/main/java/com/pml/booking/web/graphql/dto/organizer/OrganizerFinanceOverview.java,24,6,0,AllArgsConstructor Builder Data NoArgsConstructor
booking-service,LIVE,class,OrganizerPayoutSource,backend/booking-service/src/main/java/com/pml/booking/web/graphql/dto/organizer/OrganizerPayoutSource.java,27,5,0,AllArgsConstructor Builder Data NoArgsConstructor
booking-service,LIVE,class,OrganizerPayoutWindow,backend/booking-service/src/main/java/com/pml/booking/web/graphql/dto/organizer/OrganizerPayoutWindow.java,27,6,0,AllArgsConstructor Builder Data NoArgsConstructor
booking-service,LIVE,class,OrganizerRevenuePoint,backend/booking-service/src/main/java/com/pml/booking/web/graphql/dto/organizer/OrganizerRevenuePoint.java,23,4,0,AllArgsConstructor Builder Data NoArgsConstructor
booking-service,LIVE,class,OrganizerShareRow,backend/booking-service/src/main/java/com/pml/booking/web/graphql/dto/organizer/OrganizerShareRow.java,22,4,0,AllArgsConstructor Builder Data NoArgsConstructor
booking-service,LIVE,class,OrganizerTicketMix,backend/booking-service/src/main/java/com/pml/booking/web/graphql/dto/organizer/OrganizerTicketMix.java,22,5,0,AllArgsConstructor Builder Data NoArgsConstructor
booking-service,LIVE,class,OrganizerTransaction,backend/booking-service/src/main/java/com/pml/booking/web/graphql/dto/organizer/OrganizerTransaction.java,25,7,0,AllArgsConstructor Builder Data NoArgsConstructor
booking-service,LIVE,enum,OrganizerTransactionType,backend/booking-service/src/main/java/com/pml/booking/web/graphql/dto/organizer/OrganizerTransaction.java,91,3,0,
booking-service,LIVE,record,OrganizerTransactionFilterInput,backend/booking-service/src/main/java/com/pml/booking/web/graphql/dto/organizer/OrganizerTransactionFilterInput.java,9,4,0,
booking-service,LIVE,class,OrganizerTransactionOffsetPage,backend/booking-service/src/main/java/com/pml/booking/web/graphql/dto/organizer/OrganizerTransactionOffsetPage.java,18,5,0,AllArgsConstructor Builder Data NoArgsConstructor
booking-service,LIVE,class,OrganizerUpcomingEvent,backend/booking-service/src/main/java/com/pml/booking/web/graphql/dto/organizer/OrganizerUpcomingEvent.java,23,4,0,AllArgsConstructor Builder Data NoArgsConstructor
booking-service,LIVE,record,PayoutEligibilityResult,backend/booking-service/src/main/java/com/pml/booking/web/graphql/dto/organizer/PayoutEligibilityResult.java,20,2,0,
booking-service,LIVE,class,PayoutIssueTypeStats,backend/booking-service/src/main/java/com/pml/booking/web/graphql/dto/stats/PayoutIssueTypeStats.java,18,4,0,AllArgsConstructor Builder Data NoArgsConstructor
booking-service,LIVE,class,PayoutRecoverySummary,backend/booking-service/src/main/java/com/pml/booking/web/graphql/dto/stats/PayoutRecoverySummary.java,19,3,0,AllArgsConstructor Builder Data NoArgsConstructor
booking-service,LIVE,record,PayoutRequestStats,backend/booking-service/src/main/java/com/pml/booking/web/graphql/dto/stats/PayoutRequestStats.java,8,2,0,
booking-service,LIVE,class,TicketCategoryStats,backend/booking-service/src/main/java/com/pml/booking/web/graphql/dto/stats/TicketCategoryStats.java,17,5,0,AllArgsConstructor Builder Data NoArgsConstructor
booking-service,LIVE,class,TicketStats,backend/booking-service/src/main/java/com/pml/booking/web/graphql/dto/stats/TicketStats.java,19,5,0,AllArgsConstructor Builder Data NoArgsConstructor
booking-service,LIVE,class,TicketStatusStats,backend/booking-service/src/main/java/com/pml/booking/web/graphql/dto/stats/TicketStatusStats.java,16,8,0,AllArgsConstructor Builder Data NoArgsConstructor
booking-service,LIVE,record,DepositCallbackPayload,backend/booking-service/src/main/java/com/pml/booking/web/rest/dto/DepositCallbackPayload.java,22,2,0,
booking-service,LIVE,record,FailureReason,backend/booking-service/src/main/java/com/pml/booking/web/rest/dto/FailureReason.java,13,17,2,
booking-service,LIVE,record,PayoutCallbackPayload,backend/booking-service/src/main/java/com/pml/booking/web/rest/dto/PayoutCallbackPayload.java,19,2,0,
booking-service,LIVE,record,RefundCallbackPayload,backend/booking-service/src/main/java/com/pml/booking/web/rest/dto/RefundCallbackPayload.java,20,2,0,
booking-service,LIVE,interface,BankVerificationActivities,backend/booking-service/src/main/java/com/pml/booking/workflow/bank/BankVerificationActivities.java,12,4,0,ActivityInterface
booking-service,LIVE,class,BankVerificationProcess,backend/booking-service/src/main/java/com/pml/booking/workflow/bank/BankVerificationProcess.java,28,1,0,Service
booking-service,LIVE,class,BankVerificationRules,backend/booking-service/src/main/java/com/pml/booking/workflow/bank/BankVerificationRules.java,14,10,14,
booking-service,LIVE,interface,BankVerificationWorkflow,backend/booking-service/src/main/java/com/pml/booking/workflow/bank/BankVerificationWorkflow.java,19,8,20,WorkflowInterface
booking-service,LIVE,enum,DepositOutcome,backend/booking-service/src/main/java/com/pml/booking/workflow/bank/BankVerificationWorkflow.java,38,8,5,
booking-service,LIVE,record,Start,backend/booking-service/src/main/java/com/pml/booking/workflow/bank/BankVerificationWorkflow.java,40,34,16,
booking-service,LIVE,record,Confirmation,backend/booking-service/src/main/java/com/pml/booking/workflow/bank/BankVerificationWorkflow.java,43,5,5,
booking-service,LIVE,record,View,backend/booking-service/src/main/java/com/pml/booking/workflow/bank/BankVerificationWorkflow.java,46,142,50,
booking-service,LIVE,interface,ChargebackActivities,backend/booking-service/src/main/java/com/pml/booking/workflow/chargeback/ChargebackActivities.java,12,2,0,ActivityInterface
booking-service,LIVE,class,ChargebackProcess,backend/booking-service/src/main/java/com/pml/booking/workflow/chargeback/ChargebackProcess.java,33,1,0,Service
booking-service,LIVE,class,ChargebackRules,backend/booking-service/src/main/java/com/pml/booking/workflow/chargeback/ChargebackRules.java,15,10,5,
booking-service,LIVE,interface,ChargebackWorkflow,backend/booking-service/src/main/java/com/pml/booking/workflow/chargeback/ChargebackWorkflow.java,20,4,14,WorkflowInterface
booking-service,LIVE,record,Start,backend/booking-service/src/main/java/com/pml/booking/workflow/chargeback/ChargebackWorkflow.java,55,34,16,
booking-service,LIVE,record,Receive,backend/booking-service/src/main/java/com/pml/booking/workflow/chargeback/ChargebackWorkflow.java,58,6,3,
booking-service,LIVE,record,Decision,backend/booking-service/src/main/java/com/pml/booking/workflow/chargeback/ChargebackWorkflow.java,64,73,22,
booking-service,LIVE,record,Dispute,backend/booking-service/src/main/java/com/pml/booking/workflow/chargeback/ChargebackWorkflow.java,67,10,3,
booking-service,LIVE,record,Outcome,backend/booking-service/src/main/java/com/pml/booking/workflow/chargeback/ChargebackWorkflow.java,71,84,36,
booking-service,LIVE,record,View,backend/booking-service/src/main/java/com/pml/booking/workflow/chargeback/ChargebackWorkflow.java,74,142,50,
booking-service,LIVE,interface,EventFinanceActivities,backend/booking-service/src/main/java/com/pml/booking/workflow/finance/EventFinanceActivities.java,9,2,0,ActivityInterface
booking-service,LIVE,class,EventFinanceProcess,backend/booking-service/src/main/java/com/pml/booking/workflow/finance/EventFinanceProcess.java,32,4,7,Service Slf4j
booking-service,LIVE,class,EventFinanceRules,backend/booking-service/src/main/java/com/pml/booking/workflow/finance/EventFinanceRules.java,12,6,5,
booking-service,LIVE,interface,EventFinanceWorkflow,backend/booking-service/src/main/java/com/pml/booking/workflow/finance/EventFinanceWorkflow.java,17,3,11,WorkflowInterface
booking-service,LIVE,record,Start,backend/booking-service/src/main/java/com/pml/booking/workflow/finance/EventFinanceWorkflow.java,41,34,16,
booking-service,LIVE,record,Published,backend/booking-service/src/main/java/com/pml/booking/workflow/finance/EventFinanceWorkflow.java,44,6,6,
booking-service,LIVE,record,Completed,backend/booking-service/src/main/java/com/pml/booking/workflow/finance/EventFinanceWorkflow.java,47,16,7,
booking-service,LIVE,record,Cancelled,backend/booking-service/src/main/java/com/pml/booking/workflow/finance/EventFinanceWorkflow.java,50,14,4,
booking-service,LIVE,record,Rescheduled,backend/booking-service/src/main/java/com/pml/booking/workflow/finance/EventFinanceWorkflow.java,53,6,2,
booking-service,LIVE,enum,Stage,backend/booking-service/src/main/java/com/pml/booking/workflow/finance/EventFinanceWorkflow.java,56,20,4,
booking-service,LIVE,interface,PayoutActivities,backend/booking-service/src/main/java/com/pml/booking/workflow/payout/PayoutActivities.java,16,2,0,ActivityInterface
booking-service,LIVE,class,UnknownPayout,backend/booking-service/src/main/java/com/pml/booking/workflow/payout/PayoutProcess.java,121,3,0,
booking-service,LIVE,class,PayoutProcess,backend/booking-service/src/main/java/com/pml/booking/workflow/payout/PayoutProcess.java,38,3,5,Service
booking-service,LIVE,interface,PayoutProviderActivities,backend/booking-service/src/main/java/com/pml/booking/workflow/payout/PayoutProviderActivities.java,13,4,0,ActivityInterface
booking-service,LIVE,class,PayoutRules,backend/booking-service/src/main/java/com/pml/booking/workflow/payout/PayoutRules.java,18,25,26,
booking-service,LIVE,record,Answer,backend/booking-service/src/main/java/com/pml/booking/workflow/payout/PayoutWorkflow.java,106,38,29,
booking-service,LIVE,enum,Outcome,backend/booking-service/src/main/java/com/pml/booking/workflow/payout/PayoutWorkflow.java,108,84,36,
booking-service,LIVE,interface,PayoutWorkflow,backend/booking-service/src/main/java/com/pml/booking/workflow/payout/PayoutWorkflow.java,27,5,23,WorkflowInterface
booking-service,LIVE,record,Start,backend/booking-service/src/main/java/com/pml/booking/workflow/payout/PayoutWorkflow.java,74,34,16,
booking-service,LIVE,record,Submit,backend/booking-service/src/main/java/com/pml/booking/workflow/payout/PayoutWorkflow.java,77,19,11,
booking-service,LIVE,record,Decision,backend/booking-service/src/main/java/com/pml/booking/workflow/payout/PayoutWorkflow.java,91,73,22,
booking-service,LIVE,record,Evidence,backend/booking-service/src/main/java/com/pml/booking/workflow/payout/PayoutWorkflow.java,94,11,3,
booking-service,LIVE,record,View,backend/booking-service/src/main/java/com/pml/booking/workflow/payout/PayoutWorkflow.java,97,142,50,
booking-service,LIVE,interface,CheckoutActivities,backend/booking-service/src/main/java/com/pml/booking/workflow/purchase/CheckoutActivities.java,13,4,0,ActivityInterface
booking-service,LIVE,class,PurchaseProcess,backend/booking-service/src/main/java/com/pml/booking/workflow/purchase/PurchaseProcess.java,43,3,2,Service Slf4j
booking-service,LIVE,class,PurchaseRules,backend/booking-service/src/main/java/com/pml/booking/workflow/purchase/PurchaseRules.java,14,8,10,
booking-service,LIVE,interface,PurchaseWorkflow,backend/booking-service/src/main/java/com/pml/booking/workflow/purchase/PurchaseWorkflow.java,26,7,21,WorkflowInterface
booking-service,LIVE,record,Start,backend/booking-service/src/main/java/com/pml/booking/workflow/purchase/PurchaseWorkflow.java,54,34,16,
booking-service,LIVE,record,Selection,backend/booking-service/src/main/java/com/pml/booking/workflow/purchase/PurchaseWorkflow.java,57,2,1,
booking-service,LIVE,record,ReserveCommand,backend/booking-service/src/main/java/com/pml/booking/workflow/purchase/PurchaseWorkflow.java,60,9,4,
booking-service,LIVE,record,PayCommand,backend/booking-service/src/main/java/com/pml/booking/workflow/purchase/PurchaseWorkflow.java,64,5,8,
booking-service,LIVE,record,CancelCommand,backend/booking-service/src/main/java/com/pml/booking/workflow/purchase/PurchaseWorkflow.java,67,5,3,
booking-service,LIVE,record,Evidence,backend/booking-service/src/main/java/com/pml/booking/workflow/purchase/PurchaseWorkflow.java,70,11,3,
booking-service,LIVE,record,ReservationView,backend/booking-service/src/main/java/com/pml/booking/workflow/purchase/PurchaseWorkflow.java,73,14,8,
booking-service,LIVE,record,PaymentView,backend/booking-service/src/main/java/com/pml/booking/workflow/purchase/PurchaseWorkflow.java,77,6,3,
booking-service,LIVE,record,Progress,backend/booking-service/src/main/java/com/pml/booking/workflow/purchase/PurchaseWorkflow.java,81,4,10,
booking-service,LIVE,enum,Stage,backend/booking-service/src/main/java/com/pml/booking/workflow/purchase/PurchaseWorkflow.java,99,20,4,
booking-service,LIVE,class,ReconciliationRules,backend/booking-service/src/main/java/com/pml/booking/workflow/recon/ReconciliationRules.java,22,5,15,
booking-service,LIVE,record,Definition,backend/booking-service/src/main/java/com/pml/booking/workflow/recon/ReconciliationRules.java,37,7,10,
booking-service,LIVE,interface,ReconciliationWorkflow,backend/booking-service/src/main/java/com/pml/booking/workflow/recon/ReconciliationWorkflow.java,14,1,4,WorkflowInterface
booking-service,LIVE,enum,Type,backend/booking-service/src/main/java/com/pml/booking/workflow/recon/ReconciliationWorkflow.java,19,21,25,
booking-service,LIVE,record,Job,backend/booking-service/src/main/java/com/pml/booking/workflow/recon/ReconciliationWorkflow.java,21,3,2,
booking-service,LIVE,record,Result,backend/booking-service/src/main/java/com/pml/booking/workflow/recon/ReconciliationWorkflow.java,24,104,13,
booking-service,LIVE,interface,Activities,backend/booking-service/src/main/java/com/pml/booking/workflow/recon/ReconciliationWorkflow.java,28,5,1,ActivityInterface
booking-service,LIVE,interface,CancellationRefundsWorkflow,backend/booking-service/src/main/java/com/pml/booking/workflow/refund/CancellationRefundsWorkflow.java,18,3,5,WorkflowInterface
booking-service,LIVE,record,Start,backend/booking-service/src/main/java/com/pml/booking/workflow/refund/CancellationRefundsWorkflow.java,26,34,16,
booking-service,LIVE,record,Batch,backend/booking-service/src/main/java/com/pml/booking/workflow/refund/CancellationRefundsWorkflow.java,29,4,4,
booking-service,LIVE,record,Summary,backend/booking-service/src/main/java/com/pml/booking/workflow/refund/CancellationRefundsWorkflow.java,32,14,4,
booking-service,LIVE,interface,Activities,backend/booking-service/src/main/java/com/pml/booking/workflow/refund/CancellationRefundsWorkflow.java,36,5,1,ActivityInterface
booking-service,LIVE,interface,RefundActivities,backend/booking-service/src/main/java/com/pml/booking/workflow/refund/RefundActivities.java,13,4,0,ActivityInterface
booking-service,LIVE,class,UnknownRefund,backend/booking-service/src/main/java/com/pml/booking/workflow/refund/RefundProcess.java,132,3,0,
booking-service,LIVE,class,RefundProcess,backend/booking-service/src/main/java/com/pml/booking/workflow/refund/RefundProcess.java,37,3,0,Service
booking-service,LIVE,class,RefundRules,backend/booking-service/src/main/java/com/pml/booking/workflow/refund/RefundRules.java,13,9,8,
booking-service,LIVE,interface,RefundWorkflow,backend/booking-service/src/main/java/com/pml/booking/workflow/refund/RefundWorkflow.java,21,9,25,WorkflowInterface
booking-service,LIVE,record,Start,backend/booking-service/src/main/java/com/pml/booking/workflow/refund/RefundWorkflow.java,54,34,16,
booking-service,LIVE,record,Submit,backend/booking-service/src/main/java/com/pml/booking/workflow/refund/RefundWorkflow.java,57,19,11,
booking-service,LIVE,enum,Kind,backend/booking-service/src/main/java/com/pml/booking/workflow/refund/RefundWorkflow.java,59,3,4,
booking-service,LIVE,record,Decision,backend/booking-service/src/main/java/com/pml/booking/workflow/refund/RefundWorkflow.java,62,73,22,
booking-service,LIVE,record,Evidence,backend/booking-service/src/main/java/com/pml/booking/workflow/refund/RefundWorkflow.java,65,11,3,
booking-service,LIVE,record,View,backend/booking-service/src/main/java/com/pml/booking/workflow/refund/RefundWorkflow.java,68,142,50,
booking-service,LIVE,record,Answer,backend/booking-service/src/main/java/com/pml/booking/workflow/refund/RefundWorkflow.java,71,38,29,
booking-service,LIVE,enum,Outcome,backend/booking-service/src/main/java/com/pml/booking/workflow/refund/RefundWorkflow.java,73,84,36,
catalog-service,KEEP_BEAN,class,PlatformConfigurationInitializer,backend/catalog-service/src/main/java/com/pml/catalog/config/PlatformConfigurationInitializer.java,23,0,0,Component RequiredArgsConstructor Slf4j
catalog-service,KEEP_BEAN,class,ReferenceDataSeeder,backend/catalog-service/src/main/java/com/pml/catalog/config/ReferenceDataSeeder.java,44,0,0,Component RequiredArgsConstructor Slf4j
catalog-service,KEEP_BEAN,class,CatalogMigrationRunner,backend/catalog-service/src/main/java/com/pml/catalog/migration/CatalogMigrationRunner.java,36,0,0,Component RequiredArgsConstructor Slf4j
catalog-service,KEEP_BEAN,class,ApprovalEscalationServiceImpl,backend/catalog-service/src/main/java/com/pml/catalog/service/impl/ApprovalEscalationServiceImpl.java,23,0,0,RequiredArgsConstructor Service Slf4j
catalog-service,KEEP_BEAN,class,ApprovalTimelineServiceImpl,backend/catalog-service/src/main/java/com/pml/catalog/service/impl/ApprovalTimelineServiceImpl.java,21,0,0,RequiredArgsConstructor Service Slf4j
catalog-service,KEEP_BEAN,class,ApprovalWorkflowServiceImpl,backend/catalog-service/src/main/java/com/pml/catalog/service/impl/ApprovalWorkflowServiceImpl.java,27,0,0,RequiredArgsConstructor Service Slf4j
catalog-service,KEEP_BEAN,class,CityServiceImpl,backend/catalog-service/src/main/java/com/pml/catalog/service/impl/CityServiceImpl.java,18,0,0,RequiredArgsConstructor Service Slf4j
catalog-service,KEEP_BEAN,class,EventAccessibilityServiceImpl,backend/catalog-service/src/main/java/com/pml/catalog/service/impl/EventAccessibilityServiceImpl.java,25,0,1,RequiredArgsConstructor Service Slf4j
catalog-service,KEEP_BEAN,class,EventCategoryServiceImpl,backend/catalog-service/src/main/java/com/pml/catalog/service/impl/EventCategoryServiceImpl.java,18,0,0,RequiredArgsConstructor Service Slf4j
catalog-service,KEEP_BEAN,class,EventLifecycleServiceImpl,backend/catalog-service/src/main/java/com/pml/catalog/service/impl/EventLifecycleServiceImpl.java,27,0,3,RequiredArgsConstructor Service Slf4j
catalog-service,KEEP_BEAN,class,EventServiceImpl,backend/catalog-service/src/main/java/com/pml/catalog/service/impl/EventServiceImpl.java,44,0,9,RequiredArgsConstructor Service Slf4j
catalog-service,KEEP_BEAN,class,ExportServiceImpl,backend/catalog-service/src/main/java/com/pml/catalog/service/impl/ExportServiceImpl.java,35,0,0,RequiredArgsConstructor Service Slf4j
catalog-service,KEEP_BEAN,class,InventoryServiceImpl,backend/catalog-service/src/main/java/com/pml/catalog/service/impl/InventoryServiceImpl.java,60,0,4,RequiredArgsConstructor Service Slf4j
catalog-service,KEEP_BEAN,class,LocationServiceImpl,backend/catalog-service/src/main/java/com/pml/catalog/service/impl/LocationServiceImpl.java,22,0,0,RequiredArgsConstructor Service Slf4j
catalog-service,KEEP_BEAN,class,PlatformConfigurationServiceImpl,backend/catalog-service/src/main/java/com/pml/catalog/service/impl/PlatformConfigurationServiceImpl.java,17,0,0,RequiredArgsConstructor Service Slf4j
catalog-service,KEEP_BEAN,class,ProvinceServiceImpl,backend/catalog-service/src/main/java/com/pml/catalog/service/impl/ProvinceServiceImpl.java,18,0,0,RequiredArgsConstructor Service Slf4j
catalog-service,KEEP_BEAN,class,ReferenceDataServiceImpl,backend/catalog-service/src/main/java/com/pml/catalog/service/impl/ReferenceDataServiceImpl.java,55,0,0,RequiredArgsConstructor Service Slf4j
catalog-service,KEEP_BEAN,class,TicketTierServiceImpl,backend/catalog-service/src/main/java/com/pml/catalog/service/impl/TicketTierServiceImpl.java,38,0,5,RequiredArgsConstructor Service Slf4j
catalog-service,KEEP_BEAN,class,EventApprovalAdoptionRunner,backend/catalog-service/src/main/java/com/pml/catalog/workflow/approval/EventApprovalAdoptionRunner.java,29,0,0,Component Slf4j
catalog-service,KEEP_BEAN,class,EventLifecycleAdoptionRunner,backend/catalog-service/src/main/java/com/pml/catalog/workflow/lifecycle/EventLifecycleAdoptionRunner.java,29,0,0,Component Slf4j
catalog-service,KEEP_ENTRY,class,CatalogServiceApplication,backend/catalog-service/src/main/java/com/pml/catalog/CatalogServiceApplication.java,38,0,0,EnableConfigurationProperties EnableReactiveMongoRepositories SpringBootApplication
catalog-service,KEEP_ENTRY,class,GraphQLConfig,backend/catalog-service/src/main/java/com/pml/catalog/config/GraphQLConfig.java,18,0,0,Configuration
catalog-service,KEEP_ENTRY,class,MongoSchemaValidationConfig,backend/catalog-service/src/main/java/com/pml/catalog/config/MongoSchemaValidationConfig.java,38,1,0,Configuration Slf4j
catalog-service,KEEP_ENTRY,class,EventEntityFetcher,backend/catalog-service/src/main/java/com/pml/catalog/web/graphql/federation/EventEntityFetcher.java,58,0,0,DgsComponent RequiredArgsConstructor Slf4j
catalog-service,KEEP_ENTRY,class,EventFieldResolver,backend/catalog-service/src/main/java/com/pml/catalog/web/graphql/federation/EventFieldResolver.java,68,0,0,DgsComponent RequiredArgsConstructor Slf4j
catalog-service,KEEP_ENTRY,class,ApprovalWorkflowMutationResolver,backend/catalog-service/src/main/java/com/pml/catalog/web/graphql/mutation/ApprovalWorkflowMutationResolver.java,38,0,1,DgsComponent RequiredArgsConstructor Slf4j Validated
catalog-service,KEEP_ENTRY,class,CityMutationResolver,backend/catalog-service/src/main/java/com/pml/catalog/web/graphql/mutation/CityMutationResolver.java,31,0,0,DgsComponent RequiredArgsConstructor Slf4j Validated
catalog-service,KEEP_ENTRY,class,EventAccessibilityMutationResolver,backend/catalog-service/src/main/java/com/pml/catalog/web/graphql/mutation/EventAccessibilityMutationResolver.java,30,0,0,DgsComponent RequiredArgsConstructor Slf4j Validated
catalog-service,KEEP_ENTRY,class,EventCategoryMutationResolver,backend/catalog-service/src/main/java/com/pml/catalog/web/graphql/mutation/EventCategoryMutationResolver.java,31,0,0,DgsComponent RequiredArgsConstructor Slf4j Validated
catalog-service,KEEP_ENTRY,class,EventMutationResolver,backend/catalog-service/src/main/java/com/pml/catalog/web/graphql/mutation/EventMutationResolver.java,60,0,0,DgsComponent RequiredArgsConstructor Slf4j Validated
catalog-service,KEEP_ENTRY,class,ProvinceMutationResolver,backend/catalog-service/src/main/java/com/pml/catalog/web/graphql/mutation/ProvinceMutationResolver.java,31,0,0,DgsComponent RequiredArgsConstructor Slf4j Validated
catalog-service,KEEP_ENTRY,class,ReferenceDataMutationResolver,backend/catalog-service/src/main/java/com/pml/catalog/web/graphql/mutation/ReferenceDataMutationResolver.java,31,0,1,DgsComponent FailClosedOnRevocation RequiredArgsConstructor Slf4j Validated
catalog-service,KEEP_ENTRY,class,TicketTierMutationResolver,backend/catalog-service/src/main/java/com/pml/catalog/web/graphql/mutation/TicketTierMutationResolver.java,33,0,3,DgsComponent RequiredArgsConstructor Slf4j Validated
catalog-service,KEEP_ENTRY,class,ApprovalWorkflowQueryResolver,backend/catalog-service/src/main/java/com/pml/catalog/web/graphql/query/ApprovalWorkflowQueryResolver.java,33,0,0,DgsComponent RequiredArgsConstructor Slf4j
catalog-service,KEEP_ENTRY,class,CityQueryResolver,backend/catalog-service/src/main/java/com/pml/catalog/web/graphql/query/CityQueryResolver.java,26,0,0,DgsComponent RequiredArgsConstructor Slf4j
catalog-service,KEEP_ENTRY,class,EventCategoryQueryResolver,backend/catalog-service/src/main/java/com/pml/catalog/web/graphql/query/EventCategoryQueryResolver.java,26,0,0,DgsComponent RequiredArgsConstructor Slf4j
catalog-service,KEEP_ENTRY,class,EventLifecycleQueryResolver,backend/catalog-service/src/main/java/com/pml/catalog/web/graphql/query/EventLifecycleQueryResolver.java,23,0,0,DgsComponent RequiredArgsConstructor Slf4j
catalog-service,KEEP_ENTRY,class,EventQueryResolver,backend/catalog-service/src/main/java/com/pml/catalog/web/graphql/query/EventQueryResolver.java,36,0,0,DgsComponent RequiredArgsConstructor Slf4j
catalog-service,KEEP_ENTRY,class,ExportQueryResolver,backend/catalog-service/src/main/java/com/pml/catalog/web/graphql/query/ExportQueryResolver.java,22,0,0,DgsComponent RequiredArgsConstructor Slf4j
catalog-service,KEEP_ENTRY,class,LocationQueryResolver,backend/catalog-service/src/main/java/com/pml/catalog/web/graphql/query/LocationQueryResolver.java,27,0,0,DgsComponent RequiredArgsConstructor Slf4j
catalog-service,KEEP_ENTRY,class,OrganizerEventQueryResolver,backend/catalog-service/src/main/java/com/pml/catalog/web/graphql/query/OrganizerEventQueryResolver.java,32,0,0,DgsComponent RequiredArgsConstructor Slf4j
catalog-service,KEEP_ENTRY,class,ProvinceQueryResolver,backend/catalog-service/src/main/java/com/pml/catalog/web/graphql/query/ProvinceQueryResolver.java,26,0,0,DgsComponent RequiredArgsConstructor Slf4j
catalog-service,KEEP_ENTRY,class,ReferenceDataQueryResolver,backend/catalog-service/src/main/java/com/pml/catalog/web/graphql/query/ReferenceDataQueryResolver.java,33,0,0,DgsComponent RequiredArgsConstructor Slf4j
catalog-service,KEEP_ENTRY,class,TicketTierQueryResolver,backend/catalog-service/src/main/java/com/pml/catalog/web/graphql/query/TicketTierQueryResolver.java,24,0,0,DgsComponent RequiredArgsConstructor Slf4j
catalog-service,KEEP_ENTRY,class,ApprovalTimelineFieldResolver,backend/catalog-service/src/main/java/com/pml/catalog/web/graphql/resolver/ApprovalTimelineFieldResolver.java,23,0,0,DgsComponent RequiredArgsConstructor Slf4j
catalog-service,KEEP_ENTRY,class,EventApprovalBlockersResolver,backend/catalog-service/src/main/java/com/pml/catalog/web/graphql/resolver/EventApprovalBlockersResolver.java,18,0,0,DgsComponent
catalog-service,KEEP_ENTRY,class,EventComputedFieldResolver,backend/catalog-service/src/main/java/com/pml/catalog/web/graphql/resolver/EventComputedFieldResolver.java,32,0,0,DgsComponent RequiredArgsConstructor Slf4j
catalog-service,KEEP_ENTRY,class,LocationFieldResolver,backend/catalog-service/src/main/java/com/pml/catalog/web/graphql/resolver/LocationFieldResolver.java,21,0,0,DgsComponent Slf4j
catalog-service,KEEP_ENTRY,class,ReferenceDataFieldResolver,backend/catalog-service/src/main/java/com/pml/catalog/web/graphql/resolver/ReferenceDataFieldResolver.java,38,0,0,DgsComponent RequiredArgsConstructor Slf4j
catalog-service,KEEP_ENTRY,class,TicketTierFieldResolver,backend/catalog-service/src/main/java/com/pml/catalog/web/graphql/resolver/TicketTierFieldResolver.java,16,0,0,DgsComponent Slf4j
catalog-service,KEEP_ENTRY,class,InternalEventController,backend/catalog-service/src/main/java/com/pml/catalog/web/rest/InternalEventController.java,22,0,0,RequestMapping RequiredArgsConstructor RestController Slf4j
catalog-service,KEEP_ENTRY,class,InternalInventoryController,backend/catalog-service/src/main/java/com/pml/catalog/web/rest/InternalInventoryController.java,38,0,0,PreAuthorize RequestMapping RequiredArgsConstructor RestController Slf4j
catalog-service,KEEP_ENTRY,class,EventApprovalActivitiesImpl,backend/catalog-service/src/main/java/com/pml/catalog/workflow/approval/EventApprovalActivitiesImpl.java,25,0,0,ActivityImpl Component
catalog-service,KEEP_ENTRY,class,EventApprovalWorkflowImpl,backend/catalog-service/src/main/java/com/pml/catalog/workflow/approval/EventApprovalWorkflowImpl.java,35,0,3,WorkflowImpl
catalog-service,KEEP_ENTRY,class,EventLifecycleActivitiesImpl,backend/catalog-service/src/main/java/com/pml/catalog/workflow/lifecycle/EventLifecycleActivitiesImpl.java,35,0,2,ActivityImpl Component
catalog-service,KEEP_ENTRY,class,EventLifecycleWorkflowImpl,backend/catalog-service/src/main/java/com/pml/catalog/workflow/lifecycle/EventLifecycleWorkflowImpl.java,30,0,2,WorkflowImpl
catalog-service,LIVE,class,CatalogIndexInitializer,backend/catalog-service/src/main/java/com/pml/catalog/config/CatalogIndexInitializer.java,37,3,6,Component RequiredArgsConstructor Slf4j
catalog-service,LIVE,enum,ApprovalAction,backend/catalog-service/src/main/java/com/pml/catalog/domain/enums/ApprovalAction.java,9,12,10,
catalog-service,LIVE,enum,ApprovalNotificationChannel,backend/catalog-service/src/main/java/com/pml/catalog/domain/enums/ApprovalNotificationChannel.java,8,6,0,
catalog-service,LIVE,enum,EscalationStatus,backend/catalog-service/src/main/java/com/pml/catalog/domain/enums/EscalationStatus.java,8,12,1,
catalog-service,LIVE,enum,ExportFormat,backend/catalog-service/src/main/java/com/pml/catalog/domain/enums/ExportFormat.java,6,11,0,
catalog-service,LIVE,enum,ReferenceType,backend/catalog-service/src/main/java/com/pml/catalog/domain/enums/ReferenceType.java,13,54,0,
catalog-service,LIVE,enum,ReferenceGroup,backend/catalog-service/src/main/java/com/pml/catalog/domain/enums/ReferenceType.java,145,34,0,
catalog-service,LIVE,class,ApprovalEscalation,backend/catalog-service/src/main/java/com/pml/catalog/domain/model/ApprovalEscalation.java,31,40,8,AllArgsConstructor Builder Data Document NoArgsConstructor TypeAlias
catalog-service,LIVE,class,ApprovalTimeline,backend/catalog-service/src/main/java/com/pml/catalog/domain/model/ApprovalTimeline.java,38,36,4,AllArgsConstructor Builder Data Document NoArgsConstructor TypeAlias
catalog-service,LIVE,class,City,backend/catalog-service/src/main/java/com/pml/catalog/domain/model/City.java,27,57,0,AllArgsConstructor Builder Data Document NoArgsConstructor TypeAlias
catalog-service,LIVE,class,EventTicketCategory,backend/catalog-service/src/main/java/com/pml/catalog/domain/model/Event.java,366,2,0,AllArgsConstructor Builder Data NoArgsConstructor
catalog-service,LIVE,class,Event,backend/catalog-service/src/main/java/com/pml/catalog/domain/model/Event.java,43,259,54,AllArgsConstructor Builder Data Document NoArgsConstructor TypeAlias
catalog-service,LIVE,class,EventCategory,backend/catalog-service/src/main/java/com/pml/catalog/domain/model/EventCategory.java,29,55,0,AllArgsConstructor Builder Data Document NoArgsConstructor TypeAlias
catalog-service,LIVE,class,Location,backend/catalog-service/src/main/java/com/pml/catalog/domain/model/Location.java,25,44,0,AllArgsConstructor Builder Data Document NoArgsConstructor TypeAlias
catalog-service,LIVE,class,PlatformConfiguration,backend/catalog-service/src/main/java/com/pml/catalog/domain/model/PlatformConfiguration.java,30,13,0,AllArgsConstructor Builder Data Document NoArgsConstructor TypeAlias
catalog-service,LIVE,class,Province,backend/catalog-service/src/main/java/com/pml/catalog/domain/model/Province.java,27,49,0,AllArgsConstructor Builder Data Document NoArgsConstructor TypeAlias
catalog-service,LIVE,class,ReferenceData,backend/catalog-service/src/main/java/com/pml/catalog/domain/model/ReferenceData.java,44,42,0,AllArgsConstructor Builder Data Document NoArgsConstructor TypeAlias
catalog-service,LIVE,class,InventoryMovement,backend/catalog-service/src/main/java/com/pml/catalog/domain/model/TicketTier.java,154,8,0,AllArgsConstructor Builder Data NoArgsConstructor
catalog-service,LIVE,class,TicketTier,backend/catalog-service/src/main/java/com/pml/catalog/domain/model/TicketTier.java,47,55,61,AllArgsConstructor Builder Data Document NoArgsConstructor TypeAlias
catalog-service,LIVE,class,EventAccessibility,backend/catalog-service/src/main/java/com/pml/catalog/domain/valueobject/EventAccessibility.java,20,3,0,AllArgsConstructor Builder Data NoArgsConstructor
catalog-service,LIVE,class,TimelineEvent,backend/catalog-service/src/main/java/com/pml/catalog/domain/valueobject/TimelineEvent.java,31,15,2,AllArgsConstructor Builder Data NoArgsConstructor
catalog-service,LIVE,class,CatalogRefusalTranslator,backend/catalog-service/src/main/java/com/pml/catalog/error/CatalogRefusalTranslator.java,31,2,4,Component Order
catalog-service,LIVE,class,EventNotFoundException,backend/catalog-service/src/main/java/com/pml/catalog/exception/EventNotFoundException.java,6,7,1,
catalog-service,LIVE,class,InvalidEventStateException,backend/catalog-service/src/main/java/com/pml/catalog/exception/InvalidEventStateException.java,6,10,5,
catalog-service,LIVE,class,BookingServiceClient,backend/catalog-service/src/main/java/com/pml/catalog/infrastructure/client/BookingServiceClient.java,22,2,9,Component Slf4j
catalog-service,LIVE,record,SharedOrganizationResponse,backend/catalog-service/src/main/java/com/pml/catalog/infrastructure/client/IdentityServiceClient.java,135,5,0,
catalog-service,LIVE,class,AuthorizationDeniedException,backend/catalog-service/src/main/java/com/pml/catalog/infrastructure/client/IdentityServiceClient.java,147,3,0,
catalog-service,LIVE,class,IdentityServiceClient,backend/catalog-service/src/main/java/com/pml/catalog/infrastructure/client/IdentityServiceClient.java,29,5,9,Component Slf4j
catalog-service,LIVE,class,TaskQueues,backend/catalog-service/src/main/java/com/pml/catalog/infrastructure/temporal/TaskQueues.java,10,11,8,
catalog-service,LIVE,class,WorkflowIds,backend/catalog-service/src/main/java/com/pml/catalog/infrastructure/temporal/WorkflowIds.java,9,5,12,
catalog-service,LIVE,class,CatalogCollectionRenameMigrationService,backend/catalog-service/src/main/java/com/pml/catalog/migration/CatalogCollectionRenameMigrationService.java,33,1,0,Autowired RequiredArgsConstructor Service Slf4j
catalog-service,LIVE,class,CatalogRegistryConformanceMigrationService,backend/catalog-service/src/main/java/com/pml/catalog/migration/CatalogRegistryConformanceMigrationService.java,36,1,0,Autowired RequiredArgsConstructor Service Slf4j
catalog-service,LIVE,class,CatalogCollections,backend/catalog-service/src/main/java/com/pml/catalog/persistence/CatalogCollections.java,20,96,14,
catalog-service,LIVE,interface,ApprovalEscalationRepository,backend/catalog-service/src/main/java/com/pml/catalog/repository/ApprovalEscalationRepository.java,16,2,0,Repository
catalog-service,LIVE,interface,ApprovalTimelineRepository,backend/catalog-service/src/main/java/com/pml/catalog/repository/ApprovalTimelineRepository.java,16,5,4,Repository
catalog-service,LIVE,interface,CityRepository,backend/catalog-service/src/main/java/com/pml/catalog/repository/CityRepository.java,15,1,0,Repository
catalog-service,LIVE,interface,EventCategoryRepository,backend/catalog-service/src/main/java/com/pml/catalog/repository/EventCategoryRepository.java,13,1,0,Repository
catalog-service,LIVE,interface,EventRepository,backend/catalog-service/src/main/java/com/pml/catalog/repository/EventRepository.java,20,7,14,Repository
catalog-service,LIVE,interface,LocationRepository,backend/catalog-service/src/main/java/com/pml/catalog/repository/LocationRepository.java,17,1,0,Repository
catalog-service,LIVE,interface,PlatformConfigurationRepository,backend/catalog-service/src/main/java/com/pml/catalog/repository/PlatformConfigurationRepository.java,14,2,0,Repository
catalog-service,LIVE,interface,ProvinceRepository,backend/catalog-service/src/main/java/com/pml/catalog/repository/ProvinceRepository.java,12,1,0,Repository
catalog-service,LIVE,interface,ReferenceDataRepository,backend/catalog-service/src/main/java/com/pml/catalog/repository/ReferenceDataRepository.java,20,2,0,Repository
catalog-service,LIVE,interface,TicketTierRepository,backend/catalog-service/src/main/java/com/pml/catalog/repository/TicketTierRepository.java,20,2,8,Repository
catalog-service,LIVE,class,EventWriteGuard,backend/catalog-service/src/main/java/com/pml/catalog/security/EventWriteGuard.java,58,2,6,Component RequiredArgsConstructor Slf4j
catalog-service,LIVE,class,OrganizationSecurityService,backend/catalog-service/src/main/java/com/pml/catalog/security/OrganizationSecurityService.java,37,1,0,RequiredArgsConstructor Service Slf4j
catalog-service,LIVE,class,ApprovalAnnouncer,backend/catalog-service/src/main/java/com/pml/catalog/service/ApprovalAnnouncer.java,18,2,2,Service Slf4j
catalog-service,LIVE,interface,ApprovalEscalationService,backend/catalog-service/src/main/java/com/pml/catalog/service/ApprovalEscalationService.java,12,3,0,
catalog-service,LIVE,interface,ApprovalTimelineService,backend/catalog-service/src/main/java/com/pml/catalog/service/ApprovalTimelineService.java,12,4,0,
catalog-service,LIVE,interface,ApprovalWorkflowService,backend/catalog-service/src/main/java/com/pml/catalog/service/ApprovalWorkflowService.java,15,2,0,
catalog-service,LIVE,interface,CityService,backend/catalog-service/src/main/java/com/pml/catalog/service/CityService.java,10,3,0,
catalog-service,LIVE,interface,EventAccessibilityService,backend/catalog-service/src/main/java/com/pml/catalog/service/EventAccessibilityService.java,15,1,0,
catalog-service,LIVE,interface,EventCategoryService,backend/catalog-service/src/main/java/com/pml/catalog/service/EventCategoryService.java,10,3,0,
catalog-service,LIVE,interface,EventLifecycleService,backend/catalog-service/src/main/java/com/pml/catalog/service/EventLifecycleService.java,13,1,0,
catalog-service,LIVE,record,Moved,backend/catalog-service/src/main/java/com/pml/catalog/service/EventReviewService.java,384,3,0,
catalog-service,LIVE,class,EventReviewService,backend/catalog-service/src/main/java/com/pml/catalog/service/EventReviewService.java,52,4,4,Service Slf4j
catalog-service,LIVE,interface,EventService,backend/catalog-service/src/main/java/com/pml/catalog/service/EventService.java,14,16,0,
catalog-service,LIVE,record,CapacitySales,backend/catalog-service/src/main/java/com/pml/catalog/service/EventStatsService.java,238,4,0,
catalog-service,LIVE,class,CapacitySalesResult,backend/catalog-service/src/main/java/com/pml/catalog/service/EventStatsService.java,241,1,0,Data
catalog-service,LIVE,class,CategoryAggResult,backend/catalog-service/src/main/java/com/pml/catalog/service/EventStatsService.java,247,3,0,Data
catalog-service,LIVE,class,OrganizerAggResult,backend/catalog-service/src/main/java/com/pml/catalog/service/EventStatsService.java,256,1,0,Data
catalog-service,LIVE,class,EventStatsService,backend/catalog-service/src/main/java/com/pml/catalog/service/EventStatsService.java,37,1,0,RequiredArgsConstructor Service Slf4j
catalog-service,LIVE,interface,ExportService,backend/catalog-service/src/main/java/com/pml/catalog/service/ExportService.java,12,1,0,
catalog-service,LIVE,interface,InventoryService,backend/catalog-service/src/main/java/com/pml/catalog/service/InventoryService.java,33,1,1,
catalog-service,LIVE,interface,LocationService,backend/catalog-service/src/main/java/com/pml/catalog/service/LocationService.java,13,2,0,
catalog-service,LIVE,class,PendingApprovalStatsService,backend/catalog-service/src/main/java/com/pml/catalog/service/PendingApprovalStatsService.java,29,1,0,RequiredArgsConstructor Service Slf4j
catalog-service,LIVE,class,CountResult,backend/catalog-service/src/main/java/com/pml/catalog/service/PendingApprovalStatsService.java,63,2,0,Data
catalog-service,LIVE,interface,PlatformConfigurationService,backend/catalog-service/src/main/java/com/pml/catalog/service/PlatformConfigurationService.java,9,2,0,
catalog-service,LIVE,interface,ProvinceService,backend/catalog-service/src/main/java/com/pml/catalog/service/ProvinceService.java,10,3,0,
catalog-service,LIVE,interface,ReferenceDataService,backend/catalog-service/src/main/java/com/pml/catalog/service/ReferenceDataService.java,14,2,0,
catalog-service,LIVE,class,ReferenceMetadataValidator,backend/catalog-service/src/main/java/com/pml/catalog/service/ReferenceMetadataValidator.java,21,2,0,Component
catalog-service,LIVE,interface,TicketTierService,backend/catalog-service/src/main/java/com/pml/catalog/service/TicketTierService.java,19,3,2,
catalog-service,LIVE,class,ReferenceDataBootstrapper,backend/catalog-service/src/main/java/com/pml/catalog/service/referencedata/ReferenceDataBootstrapper.java,44,2,0,RequiredArgsConstructor Service Slf4j
catalog-service,LIVE,record,Result,backend/catalog-service/src/main/java/com/pml/catalog/service/referencedata/ReferenceDataBootstrapper.java,55,40,7,
catalog-service,LIVE,class,ReferenceDataRegistrations,backend/catalog-service/src/main/java/com/pml/catalog/service/referencedata/ReferenceDataRegistrations.java,48,2,0,
catalog-service,LIVE,class,ReferenceDataSource,backend/catalog-service/src/main/java/com/pml/catalog/service/referencedata/ReferenceDataSource.java,23,17,0,
catalog-service,LIVE,record,Registration,backend/catalog-service/src/main/java/com/pml/catalog/service/referencedata/ReferenceDataSource.java,27,7,0,
catalog-service,LIVE,class,CursorUtils,backend/catalog-service/src/main/java/com/pml/catalog/util/CursorUtils.java,10,10,0,
catalog-service,LIVE,class,ApprovalEscalationMutationResponse,backend/catalog-service/src/main/java/com/pml/catalog/web/graphql/dto/ApprovalEscalationMutationResponse.java,19,9,0,AllArgsConstructor Builder Data NoArgsConstructor
catalog-service,LIVE,record,ApprovalEscalationOffsetPage,backend/catalog-service/src/main/java/com/pml/catalog/web/graphql/dto/ApprovalEscalationOffsetPage.java,11,8,0,
catalog-service,LIVE,class,ApprovalStats,backend/catalog-service/src/main/java/com/pml/catalog/web/graphql/dto/ApprovalStats.java,18,4,0,AllArgsConstructor Builder Data NoArgsConstructor
catalog-service,LIVE,class,DaysWaitingBreakdown,backend/catalog-service/src/main/java/com/pml/catalog/web/graphql/dto/ApprovalStats.java,50,1,0,AllArgsConstructor Builder Data NoArgsConstructor
catalog-service,LIVE,class,ApprovalTimelineFilterInput,backend/catalog-service/src/main/java/com/pml/catalog/web/graphql/dto/ApprovalTimelineFilterInput.java,19,3,0,AllArgsConstructor Builder Data NoArgsConstructor
catalog-service,LIVE,class,ApprovalTimelineMutationResponse,backend/catalog-service/src/main/java/com/pml/catalog/web/graphql/dto/ApprovalTimelineMutationResponse.java,19,3,0,AllArgsConstructor Builder Data NoArgsConstructor
catalog-service,LIVE,record,ApprovalTimelineOffsetPage,backend/catalog-service/src/main/java/com/pml/catalog/web/graphql/dto/ApprovalTimelineOffsetPage.java,11,16,0,
catalog-service,LIVE,class,AssignReviewerInput,backend/catalog-service/src/main/java/com/pml/catalog/web/graphql/dto/AssignReviewerInput.java,16,1,0,AllArgsConstructor Builder Data NoArgsConstructor
catalog-service,LIVE,class,BulkReminderResponse,backend/catalog-service/src/main/java/com/pml/catalog/web/graphql/dto/BulkReminderResponse.java,24,2,0,AllArgsConstructor Builder Data NoArgsConstructor
catalog-service,LIVE,class,CategoryMutationResponse,backend/catalog-service/src/main/java/com/pml/catalog/web/graphql/dto/CategoryMutationResponse.java,21,6,0,AllArgsConstructor Builder Data NoArgsConstructor
catalog-service,LIVE,class,CityConnection,backend/catalog-service/src/main/java/com/pml/catalog/web/graphql/dto/CityConnection.java,19,7,0,AllArgsConstructor Builder Data NoArgsConstructor
catalog-service,LIVE,class,CityEdge,backend/catalog-service/src/main/java/com/pml/catalog/web/graphql/dto/CityEdge.java,18,3,0,AllArgsConstructor Builder Data NoArgsConstructor
catalog-service,LIVE,record,CityOffsetPage,backend/catalog-service/src/main/java/com/pml/catalog/web/graphql/dto/CityOffsetPage.java,11,6,0,
catalog-service,LIVE,record,Coordinates,backend/catalog-service/src/main/java/com/pml/catalog/web/graphql/dto/Coordinates.java,7,2,0,
catalog-service,LIVE,record,CreateCityInput,backend/catalog-service/src/main/java/com/pml/catalog/web/graphql/dto/CreateCityInput.java,3,2,0,
catalog-service,LIVE,record,CreateEventCategoryInput,backend/catalog-service/src/main/java/com/pml/catalog/web/graphql/dto/CreateEventCategoryInput.java,3,2,3,
catalog-service,LIVE,record,CreateEventInput,backend/catalog-service/src/main/java/com/pml/catalog/web/graphql/dto/CreateEventInput.java,6,2,13,
catalog-service,LIVE,record,CreateProvinceInput,backend/catalog-service/src/main/java/com/pml/catalog/web/graphql/dto/CreateProvinceInput.java,3,2,0,
catalog-service,LIVE,record,CreateReferenceDataInput,backend/catalog-service/src/main/java/com/pml/catalog/web/graphql/dto/CreateReferenceDataInput.java,12,2,0,
catalog-service,LIVE,record,CreateTicketTierInput,backend/catalog-service/src/main/java/com/pml/catalog/web/graphql/dto/CreateTicketTierInput.java,12,3,3,
catalog-service,LIVE,class,CursorPaginationInput,backend/catalog-service/src/main/java/com/pml/catalog/web/graphql/dto/CursorPaginationInput.java,15,57,1,AllArgsConstructor Data NoArgsConstructor
catalog-service,LIVE,record,EventAccessibilityInput,backend/catalog-service/src/main/java/com/pml/catalog/web/graphql/dto/EventAccessibilityInput.java,8,3,0,
catalog-service,LIVE,class,EventCancellationInputDto,backend/catalog-service/src/main/java/com/pml/catalog/web/graphql/dto/EventCancellationInputDto.java,15,1,0,AllArgsConstructor Builder Data NoArgsConstructor
catalog-service,LIVE,class,EventCancellationResponseDto,backend/catalog-service/src/main/java/com/pml/catalog/web/graphql/dto/EventCancellationResponseDto.java,18,2,0,AllArgsConstructor Builder Data NoArgsConstructor
catalog-service,LIVE,class,EventCategoryConnection,backend/catalog-service/src/main/java/com/pml/catalog/web/graphql/dto/EventCategoryConnection.java,19,6,0,AllArgsConstructor Builder Data NoArgsConstructor
catalog-service,LIVE,class,EventCategoryEdge,backend/catalog-service/src/main/java/com/pml/catalog/web/graphql/dto/EventCategoryEdge.java,18,3,0,AllArgsConstructor Builder Data NoArgsConstructor
catalog-service,LIVE,record,EventCategoryOffsetPage,backend/catalog-service/src/main/java/com/pml/catalog/web/graphql/dto/EventCategoryOffsetPage.java,11,5,0,
catalog-service,LIVE,class,EventConnection,backend/catalog-service/src/main/java/com/pml/catalog/web/graphql/dto/EventConnection.java,19,14,0,AllArgsConstructor Builder Data NoArgsConstructor
catalog-service,LIVE,record,EventDiscoveryFilterInput,backend/catalog-service/src/main/java/com/pml/catalog/web/graphql/dto/EventDiscoveryFilterInput.java,11,1,3,
catalog-service,LIVE,class,EventEdge,backend/catalog-service/src/main/java/com/pml/catalog/web/graphql/dto/EventEdge.java,16,3,0,AllArgsConstructor Data NoArgsConstructor
catalog-service,LIVE,class,EventFilterInput,backend/catalog-service/src/main/java/com/pml/catalog/web/graphql/dto/EventFilterInput.java,18,5,2,AllArgsConstructor Builder Data NoArgsConstructor
catalog-service,LIVE,class,EventLifecycleDto,backend/catalog-service/src/main/java/com/pml/catalog/web/graphql/dto/EventLifecycleDto.java,20,13,0,AllArgsConstructor Builder Data NoArgsConstructor
catalog-service,LIVE,class,StatusTransitionDto,backend/catalog-service/src/main/java/com/pml/catalog/web/graphql/dto/EventLifecycleDto.java,37,7,0,AllArgsConstructor Builder Data NoArgsConstructor
catalog-service,LIVE,class,EventMutationResponse,backend/catalog-service/src/main/java/com/pml/catalog/web/graphql/dto/EventMutationResponse.java,21,12,0,AllArgsConstructor Builder Data NoArgsConstructor
catalog-service,LIVE,record,EventOffsetPage,backend/catalog-service/src/main/java/com/pml/catalog/web/graphql/dto/EventOffsetPage.java,11,24,0,
catalog-service,LIVE,class,LocationConnection,backend/catalog-service/src/main/java/com/pml/catalog/web/graphql/dto/LocationConnection.java,19,8,0,AllArgsConstructor Builder Data NoArgsConstructor
catalog-service,LIVE,class,LocationEdge,backend/catalog-service/src/main/java/com/pml/catalog/web/graphql/dto/LocationEdge.java,18,3,0,AllArgsConstructor Builder Data NoArgsConstructor
catalog-service,LIVE,record,NearbyLocationInput,backend/catalog-service/src/main/java/com/pml/catalog/web/graphql/dto/NearbyLocationInput.java,7,1,0,
catalog-service,LIVE,enum,SortDirection,backend/catalog-service/src/main/java/com/pml/catalog/web/graphql/dto/OffsetPaginationInput.java,46,36,0,
catalog-service,LIVE,record,OffsetPaginationInput,backend/catalog-service/src/main/java/com/pml/catalog/web/graphql/dto/OffsetPaginationInput.java,8,113,1,
catalog-service,LIVE,class,PageInfo,backend/catalog-service/src/main/java/com/pml/catalog/web/graphql/dto/PageInfo.java,16,20,0,AllArgsConstructor Builder Data NoArgsConstructor
catalog-service,LIVE,class,PageableInput,backend/catalog-service/src/main/java/com/pml/catalog/web/graphql/dto/PageableInput.java,20,5,1,AllArgsConstructor Builder Data NoArgsConstructor
catalog-service,LIVE,enum,SortDirection,backend/catalog-service/src/main/java/com/pml/catalog/web/graphql/dto/PageableInput.java,53,36,0,
catalog-service,LIVE,class,PagedResult,backend/catalog-service/src/main/java/com/pml/catalog/web/graphql/dto/PagedResult.java,20,3,0,AllArgsConstructor Builder Data NoArgsConstructor
catalog-service,LIVE,class,PlatformConfigurationMutationResponse,backend/catalog-service/src/main/java/com/pml/catalog/web/graphql/dto/PlatformConfigurationMutationResponse.java,19,3,0,AllArgsConstructor Builder Data NoArgsConstructor
catalog-service,LIVE,class,ProvinceConnection,backend/catalog-service/src/main/java/com/pml/catalog/web/graphql/dto/ProvinceConnection.java,19,6,0,AllArgsConstructor Builder Data NoArgsConstructor
catalog-service,LIVE,class,ProvinceEdge,backend/catalog-service/src/main/java/com/pml/catalog/web/graphql/dto/ProvinceEdge.java,18,3,0,AllArgsConstructor Builder Data NoArgsConstructor
catalog-service,LIVE,record,ProvinceOffsetPage,backend/catalog-service/src/main/java/com/pml/catalog/web/graphql/dto/ProvinceOffsetPage.java,11,5,0,
catalog-service,LIVE,class,ReferenceDataMutationResponse,backend/catalog-service/src/main/java/com/pml/catalog/web/graphql/dto/ReferenceDataMutationResponse.java,21,9,0,AllArgsConstructor Builder Data NoArgsConstructor
catalog-service,LIVE,record,ReferenceDataOffsetPage,backend/catalog-service/src/main/java/com/pml/catalog/web/graphql/dto/ReferenceDataOffsetPage.java,11,2,0,
catalog-service,LIVE,record,ReferenceDataPatch,backend/catalog-service/src/main/java/com/pml/catalog/web/graphql/dto/ReferenceDataPatch.java,15,4,0,
catalog-service,LIVE,record,ReferenceTypeInfo,backend/catalog-service/src/main/java/com/pml/catalog/web/graphql/dto/ReferenceTypeInfo.java,10,2,0,
catalog-service,LIVE,class,ReportExportDto,backend/catalog-service/src/main/java/com/pml/catalog/web/graphql/dto/ReportExportDto.java,18,11,0,AllArgsConstructor Builder Data NoArgsConstructor
catalog-service,LIVE,record,RescheduleEventInput,backend/catalog-service/src/main/java/com/pml/catalog/web/graphql/dto/RescheduleEventInput.java,13,1,0,
catalog-service,LIVE,class,ResolveEscalationInput,backend/catalog-service/src/main/java/com/pml/catalog/web/graphql/dto/ResolveEscalationInput.java,17,1,0,AllArgsConstructor Builder Data NoArgsConstructor
catalog-service,LIVE,record,UpdateCityInput,backend/catalog-service/src/main/java/com/pml/catalog/web/graphql/dto/UpdateCityInput.java,3,2,0,
catalog-service,LIVE,record,UpdateEventCategoryInput,backend/catalog-service/src/main/java/com/pml/catalog/web/graphql/dto/UpdateEventCategoryInput.java,3,2,3,
catalog-service,LIVE,record,UpdateEventInput,backend/catalog-service/src/main/java/com/pml/catalog/web/graphql/dto/UpdateEventInput.java,7,2,14,
catalog-service,LIVE,class,UpdatePlatformConfigurationInput,backend/catalog-service/src/main/java/com/pml/catalog/web/graphql/dto/UpdatePlatformConfigurationInput.java,16,1,0,AllArgsConstructor Builder Data NoArgsConstructor
catalog-service,LIVE,record,UpdateProvinceInput,backend/catalog-service/src/main/java/com/pml/catalog/web/graphql/dto/UpdateProvinceInput.java,3,2,0,
catalog-service,LIVE,record,UpdateReferenceDataInput,backend/catalog-service/src/main/java/com/pml/catalog/web/graphql/dto/UpdateReferenceDataInput.java,13,2,0,
catalog-service,LIVE,record,UpdateTicketTierInput,backend/catalog-service/src/main/java/com/pml/catalog/web/graphql/dto/UpdateTicketTierInput.java,12,3,3,
catalog-service,LIVE,class,CatalogPendingCounts,backend/catalog-service/src/main/java/com/pml/catalog/web/graphql/dto/stats/CatalogPendingCounts.java,21,3,0,AllArgsConstructor Builder Data NoArgsConstructor
catalog-service,LIVE,class,EventCategoryStats,backend/catalog-service/src/main/java/com/pml/catalog/web/graphql/dto/stats/EventCategoryStats.java,17,5,0,AllArgsConstructor Builder Data NoArgsConstructor
catalog-service,LIVE,class,EventOrganizerStats,backend/catalog-service/src/main/java/com/pml/catalog/web/graphql/dto/stats/EventOrganizerStats.java,17,4,0,AllArgsConstructor Builder Data NoArgsConstructor
catalog-service,LIVE,class,EventStats,backend/catalog-service/src/main/java/com/pml/catalog/web/graphql/dto/stats/EventStats.java,20,3,0,AllArgsConstructor Builder Data NoArgsConstructor
catalog-service,LIVE,class,EventStatusStats,backend/catalog-service/src/main/java/com/pml/catalog/web/graphql/dto/stats/EventStatusStats.java,16,5,0,AllArgsConstructor Builder Data NoArgsConstructor
catalog-service,LIVE,record,EventTicketStatistics,backend/catalog-service/src/main/java/com/pml/catalog/web/graphql/dto/stats/EventTicketStatistics.java,11,1,0,
catalog-service,LIVE,record,TicketTierStats,backend/catalog-service/src/main/java/com/pml/catalog/web/graphql/dto/stats/TicketTierStats.java,9,2,0,
catalog-service,LIVE,record,OrganizerEventFilterInput,backend/catalog-service/src/main/java/com/pml/catalog/web/graphql/query/OrganizerEventQueryResolver.java,217,2,0,
catalog-service,LIVE,record,InventoryCommitRequest,backend/catalog-service/src/main/java/com/pml/catalog/web/rest/dto/InventoryCommitRequest.java,13,1,0,
catalog-service,LIVE,class,InventoryOperationResult,backend/catalog-service/src/main/java/com/pml/catalog/web/rest/dto/InventoryOperationResult.java,11,23,5,Builder Data
catalog-service,LIVE,record,InventoryReleaseRequest,backend/catalog-service/src/main/java/com/pml/catalog/web/rest/dto/InventoryReleaseRequest.java,12,1,0,
catalog-service,LIVE,record,InventoryReservationRequest,backend/catalog-service/src/main/java/com/pml/catalog/web/rest/dto/InventoryReservationRequest.java,12,1,0,
catalog-service,LIVE,class,InventoryReservationResult,backend/catalog-service/src/main/java/com/pml/catalog/web/rest/dto/InventoryReservationResult.java,13,10,10,Builder Data
catalog-service,LIVE,record,InventoryRestoreRequest,backend/catalog-service/src/main/java/com/pml/catalog/web/rest/dto/InventoryRestoreRequest.java,13,1,0,
catalog-service,LIVE,enum,ApprovalBlocker,backend/catalog-service/src/main/java/com/pml/catalog/workflow/approval/ApprovalRules.java,139,9,9,
catalog-service,LIVE,class,ApprovalRules,backend/catalog-service/src/main/java/com/pml/catalog/workflow/approval/ApprovalRules.java,22,28,78,
catalog-service,LIVE,interface,EventApprovalActivities,backend/catalog-service/src/main/java/com/pml/catalog/workflow/approval/EventApprovalActivities.java,17,4,0,ActivityInterface
catalog-service,LIVE,class,EventApprovalProcess,backend/catalog-service/src/main/java/com/pml/catalog/workflow/approval/EventApprovalProcess.java,37,2,0,Service
catalog-service,LIVE,interface,EventApprovalWorkflow,backend/catalog-service/src/main/java/com/pml/catalog/workflow/approval/EventApprovalWorkflow.java,23,6,20,WorkflowInterface
catalog-service,LIVE,record,Start,backend/catalog-service/src/main/java/com/pml/catalog/workflow/approval/EventApprovalWorkflow.java,75,14,9,
catalog-service,LIVE,record,Submission,backend/catalog-service/src/main/java/com/pml/catalog/workflow/approval/EventApprovalWorkflow.java,78,9,7,
catalog-service,LIVE,record,Claim,backend/catalog-service/src/main/java/com/pml/catalog/workflow/approval/EventApprovalWorkflow.java,82,15,9,
catalog-service,LIVE,record,Decision,backend/catalog-service/src/main/java/com/pml/catalog/workflow/approval/EventApprovalWorkflow.java,85,25,28,
catalog-service,LIVE,record,View,backend/catalog-service/src/main/java/com/pml/catalog/workflow/approval/EventApprovalWorkflow.java,88,54,22,
catalog-service,LIVE,record,Snapshot,backend/catalog-service/src/main/java/com/pml/catalog/workflow/approval/EventApprovalWorkflow.java,93,27,10,
catalog-service,LIVE,class,SlaClock,backend/catalog-service/src/main/java/com/pml/catalog/workflow/approval/SlaClock.java,13,6,18,
catalog-service,LIVE,interface,EventLifecycleActivities,backend/catalog-service/src/main/java/com/pml/catalog/workflow/lifecycle/EventLifecycleActivities.java,14,2,0,ActivityInterface
catalog-service,LIVE,class,EventLifecycleProcess,backend/catalog-service/src/main/java/com/pml/catalog/workflow/lifecycle/EventLifecycleProcess.java,37,1,0,Service
catalog-service,LIVE,interface,EventLifecycleWorkflow,backend/catalog-service/src/main/java/com/pml/catalog/workflow/lifecycle/EventLifecycleWorkflow.java,22,5,21,WorkflowInterface
catalog-service,LIVE,record,Start,backend/catalog-service/src/main/java/com/pml/catalog/workflow/lifecycle/EventLifecycleWorkflow.java,55,14,9,
catalog-service,LIVE,record,Command,backend/catalog-service/src/main/java/com/pml/catalog/workflow/lifecycle/EventLifecycleWorkflow.java,58,10,5,
catalog-service,LIVE,record,Reschedule,backend/catalog-service/src/main/java/com/pml/catalog/workflow/lifecycle/EventLifecycleWorkflow.java,61,5,6,
catalog-service,LIVE,record,Cancel,backend/catalog-service/src/main/java/com/pml/catalog/workflow/lifecycle/EventLifecycleWorkflow.java,64,7,3,
catalog-service,LIVE,record,View,backend/catalog-service/src/main/java/com/pml/catalog/workflow/lifecycle/EventLifecycleWorkflow.java,68,54,22,
catalog-service,LIVE,class,LifecycleRules,backend/catalog-service/src/main/java/com/pml/catalog/workflow/lifecycle/LifecycleRules.java,24,15,31,
identity-service,KEEP_BEAN,class,IdentityMigrationRunner,backend/identity-service/src/main/java/com/pml/identity/migration/IdentityMigrationRunner.java,42,0,0,Component RequiredArgsConstructor Slf4j
identity-service,KEEP_BEAN,class,IdentityTenantMemberships,backend/identity-service/src/main/java/com/pml/identity/security/IdentityTenantMemberships.java,27,0,0,Component RequiredArgsConstructor Slf4j
identity-service,KEEP_BEAN,class,AuthorizationServiceImpl,backend/identity-service/src/main/java/com/pml/identity/service/impl/AuthorizationServiceImpl.java,34,0,2,RequiredArgsConstructor Service Slf4j
identity-service,KEEP_BEAN,class,EventAccessServiceImpl,backend/identity-service/src/main/java/com/pml/identity/service/impl/EventAccessServiceImpl.java,30,0,0,RequiredArgsConstructor Service Slf4j
identity-service,KEEP_BEAN,class,EventReminderServiceImpl,backend/identity-service/src/main/java/com/pml/identity/service/impl/EventReminderServiceImpl.java,23,0,2,RequiredArgsConstructor Service Slf4j
identity-service,KEEP_BEAN,class,NotificationPreferencesServiceImpl,backend/identity-service/src/main/java/com/pml/identity/service/impl/NotificationPreferencesServiceImpl.java,19,0,0,RequiredArgsConstructor Service Slf4j
identity-service,KEEP_BEAN,class,NotificationServiceImpl,backend/identity-service/src/main/java/com/pml/identity/service/impl/NotificationServiceImpl.java,29,0,0,RequiredArgsConstructor Service Slf4j
identity-service,KEEP_BEAN,class,OrganizationMemberServiceImpl,backend/identity-service/src/main/java/com/pml/identity/service/impl/OrganizationMemberServiceImpl.java,39,0,2,RequiredArgsConstructor Service Slf4j
identity-service,KEEP_BEAN,class,OrganizationOnboardingServiceImpl,backend/identity-service/src/main/java/com/pml/identity/service/impl/OrganizationOnboardingServiceImpl.java,53,0,0,RequiredArgsConstructor Service Slf4j
identity-service,KEEP_BEAN,class,OrganizationServiceImpl,backend/identity-service/src/main/java/com/pml/identity/service/impl/OrganizationServiceImpl.java,44,0,0,RequiredArgsConstructor Service Slf4j
identity-service,KEEP_BEAN,class,OwnershipTransferServiceImpl,backend/identity-service/src/main/java/com/pml/identity/service/impl/OwnershipTransferServiceImpl.java,39,0,4,RequiredArgsConstructor Service Slf4j
identity-service,KEEP_BEAN,class,PayoutConfigAuditServiceImpl,backend/identity-service/src/main/java/com/pml/identity/service/impl/PayoutConfigAuditServiceImpl.java,29,0,0,RequiredArgsConstructor Service Slf4j
identity-service,KEEP_BEAN,class,TeamInvitationServiceImpl,backend/identity-service/src/main/java/com/pml/identity/service/impl/TeamInvitationServiceImpl.java,48,0,1,RequiredArgsConstructor Service Slf4j
identity-service,KEEP_BEAN,class,UserDeviceServiceImpl,backend/identity-service/src/main/java/com/pml/identity/service/impl/UserDeviceServiceImpl.java,20,0,0,RequiredArgsConstructor Service Slf4j
identity-service,KEEP_BEAN,class,UserServiceImpl,backend/identity-service/src/main/java/com/pml/identity/service/impl/UserServiceImpl.java,38,0,0,RequiredArgsConstructor Service Slf4j
identity-service,KEEP_BEAN,class,UserSyncServiceImpl,backend/identity-service/src/main/java/com/pml/identity/service/impl/UserSyncServiceImpl.java,37,0,0,RequiredArgsConstructor Service Slf4j
identity-service,KEEP_BEAN,class,VerificationDocumentServiceImpl,backend/identity-service/src/main/java/com/pml/identity/service/impl/VerificationDocumentServiceImpl.java,28,0,0,RequiredArgsConstructor Service Slf4j
identity-service,KEEP_BEAN,class,OrganizationStatusSemanticStamper,backend/identity-service/src/main/java/com/pml/identity/service/referencedata/OrganizationStatusSemanticStamper.java,22,0,0,Component
identity-service,KEEP_BEAN,class,LocalFileStorageService,backend/identity-service/src/main/java/com/pml/identity/service/storage/LocalFileStorageService.java,35,0,2,ConditionalOnProperty Service Slf4j
identity-service,KEEP_BEAN,class,S3FileStorageService,backend/identity-service/src/main/java/com/pml/identity/service/storage/S3FileStorageService.java,47,0,2,ConditionalOnProperty RequiredArgsConstructor Service Slf4j
identity-service,KEEP_BEAN,class,GroupMirrorScheduleRunner,backend/identity-service/src/main/java/com/pml/identity/workflow/mirror/GroupMirrorScheduleRunner.java,28,0,0,Component Slf4j
identity-service,KEEP_BEAN,class,ReminderAdoptionRunner,backend/identity-service/src/main/java/com/pml/identity/workflow/reminder/ReminderAdoptionRunner.java,28,0,0,Component Slf4j
identity-service,KEEP_BEAN,class,UserReconciliationScheduleRunner,backend/identity-service/src/main/java/com/pml/identity/workflow/usersync/UserReconciliationScheduleRunner.java,27,0,1,Component Slf4j
identity-service,KEEP_ENTRY,class,IdentityServiceApplication,backend/identity-service/src/main/java/com/pml/identity/IdentityServiceApplication.java,33,0,0,EnableConfigurationProperties SpringBootApplication
identity-service,KEEP_ENTRY,class,GraphQLConfig,backend/identity-service/src/main/java/com/pml/identity/config/GraphQLConfig.java,23,0,0,Configuration
identity-service,KEEP_ENTRY,class,MongoSchemaValidationConfig,backend/identity-service/src/main/java/com/pml/identity/config/MongoSchemaValidationConfig.java,37,1,0,Configuration Slf4j
identity-service,KEEP_ENTRY,class,SecurityConfig,backend/identity-service/src/main/java/com/pml/identity/security/SecurityConfig.java,44,0,4,Configuration EnableReactiveMethodSecurity EnableWebFluxSecurity
identity-service,KEEP_ENTRY,class,IdentityRevocationConfiguration,backend/identity-service/src/main/java/com/pml/identity/security/revocation/IdentityRevocationConfiguration.java,27,0,0,ConditionalOnProperty Configuration Slf4j
identity-service,KEEP_ENTRY,class,InternalRevocationController,backend/identity-service/src/main/java/com/pml/identity/security/revocation/InternalRevocationController.java,43,0,0,RequestMapping RequiredArgsConstructor RestController Slf4j
identity-service,KEEP_ENTRY,class,EventAccessGrantEntityFetcher,backend/identity-service/src/main/java/com/pml/identity/web/graphql/federation/EventAccessGrantEntityFetcher.java,36,0,0,DgsComponent RequiredArgsConstructor Slf4j
identity-service,KEEP_ENTRY,class,OrganizationEntityFetcher,backend/identity-service/src/main/java/com/pml/identity/web/graphql/federation/OrganizationEntityFetcher.java,37,0,0,DgsComponent RequiredArgsConstructor Slf4j
identity-service,KEEP_ENTRY,class,UserEntityFetcher,backend/identity-service/src/main/java/com/pml/identity/web/graphql/federation/UserEntityFetcher.java,75,0,0,DgsComponent RequiredArgsConstructor Slf4j
identity-service,KEEP_ENTRY,class,AuthenticationMutationResolver,backend/identity-service/src/main/java/com/pml/identity/web/graphql/mutation/AuthenticationMutationResolver.java,38,0,0,DgsComponent RequiredArgsConstructor Slf4j Validated
identity-service,KEEP_ENTRY,class,EventAccessMutationResolver,backend/identity-service/src/main/java/com/pml/identity/web/graphql/mutation/EventAccessMutationResolver.java,36,0,0,DgsComponent RequiredArgsConstructor Slf4j Validated
identity-service,KEEP_ENTRY,class,EventReminderMutationResolver,backend/identity-service/src/main/java/com/pml/identity/web/graphql/mutation/EventReminderMutationResolver.java,27,0,0,DgsComponent RequiredArgsConstructor Slf4j Validated
identity-service,KEEP_ENTRY,class,NotificationMutationResolver,backend/identity-service/src/main/java/com/pml/identity/web/graphql/mutation/NotificationMutationResolver.java,32,0,0,DgsComponent RequiredArgsConstructor Slf4j Validated
identity-service,KEEP_ENTRY,class,OrganizationMemberMutationResolver,backend/identity-service/src/main/java/com/pml/identity/web/graphql/mutation/OrganizationMemberMutationResolver.java,31,0,0,DgsComponent RequiredArgsConstructor Slf4j Validated
identity-service,KEEP_ENTRY,class,OrganizationMutationResolver,backend/identity-service/src/main/java/com/pml/identity/web/graphql/mutation/OrganizationMutationResolver.java,42,0,3,DgsComponent RequiredArgsConstructor Slf4j Validated
identity-service,KEEP_ENTRY,class,OwnershipTransferMutationResolver,backend/identity-service/src/main/java/com/pml/identity/web/graphql/mutation/OwnershipTransferMutationResolver.java,27,0,0,DgsComponent RequiredArgsConstructor Slf4j Validated
identity-service,KEEP_ENTRY,class,PayoutConfigMutationResolver,backend/identity-service/src/main/java/com/pml/identity/web/graphql/mutation/PayoutConfigMutationResolver.java,55,0,0,DgsComponent RequiredArgsConstructor Slf4j Validated
identity-service,KEEP_ENTRY,class,PhoneOtpMutationResolver,backend/identity-service/src/main/java/com/pml/identity/web/graphql/mutation/PhoneOtpMutationResolver.java,31,0,0,DgsComponent RequiredArgsConstructor Slf4j Validated
identity-service,KEEP_ENTRY,class,TeamInvitationMutationResolver,backend/identity-service/src/main/java/com/pml/identity/web/graphql/mutation/TeamInvitationMutationResolver.java,34,0,0,DgsComponent RequiredArgsConstructor Slf4j Validated
identity-service,KEEP_ENTRY,class,UserDeviceMutationResolver,backend/identity-service/src/main/java/com/pml/identity/web/graphql/mutation/UserDeviceMutationResolver.java,27,0,0,DgsComponent RequiredArgsConstructor Slf4j Validated
identity-service,KEEP_ENTRY,class,UserMutationResolver,backend/identity-service/src/main/java/com/pml/identity/web/graphql/mutation/UserMutationResolver.java,41,0,1,DgsComponent RequiredArgsConstructor Slf4j Validated
identity-service,KEEP_ENTRY,class,VerificationDocumentMutationResolver,backend/identity-service/src/main/java/com/pml/identity/web/graphql/mutation/VerificationDocumentMutationResolver.java,38,0,0,DgsComponent RequiredArgsConstructor Slf4j Validated
identity-service,KEEP_ENTRY,class,EventAccessQueryResolver,backend/identity-service/src/main/java/com/pml/identity/web/graphql/query/EventAccessQueryResolver.java,28,0,0,DgsComponent RequiredArgsConstructor Slf4j
identity-service,KEEP_ENTRY,class,EventReminderQueryResolver,backend/identity-service/src/main/java/com/pml/identity/web/graphql/query/EventReminderQueryResolver.java,21,0,0,DgsComponent RequiredArgsConstructor Slf4j
identity-service,KEEP_ENTRY,class,NotificationQueryResolver,backend/identity-service/src/main/java/com/pml/identity/web/graphql/query/NotificationQueryResolver.java,29,0,0,DgsComponent RequiredArgsConstructor Slf4j
identity-service,KEEP_ENTRY,class,OrganizationMemberQueryResolver,backend/identity-service/src/main/java/com/pml/identity/web/graphql/query/OrganizationMemberQueryResolver.java,32,0,1,DgsComponent RequiredArgsConstructor Slf4j
identity-service,KEEP_ENTRY,class,OrganizationQueryResolver,backend/identity-service/src/main/java/com/pml/identity/web/graphql/query/OrganizationQueryResolver.java,28,0,0,DgsComponent RequiredArgsConstructor Slf4j
identity-service,KEEP_ENTRY,class,OwnershipTransferQueryResolver,backend/identity-service/src/main/java/com/pml/identity/web/graphql/query/OwnershipTransferQueryResolver.java,29,0,1,DgsComponent RequiredArgsConstructor Slf4j
identity-service,KEEP_ENTRY,class,PermissionQueryResolver,backend/identity-service/src/main/java/com/pml/identity/web/graphql/query/PermissionQueryResolver.java,37,0,1,DgsComponent RequiredArgsConstructor Slf4j
identity-service,KEEP_ENTRY,class,TeamInvitationQueryResolver,backend/identity-service/src/main/java/com/pml/identity/web/graphql/query/TeamInvitationQueryResolver.java,30,0,0,DgsComponent RequiredArgsConstructor Slf4j
identity-service,KEEP_ENTRY,class,UserDeviceQueryResolver,backend/identity-service/src/main/java/com/pml/identity/web/graphql/query/UserDeviceQueryResolver.java,20,0,0,DgsComponent RequiredArgsConstructor Slf4j
identity-service,KEEP_ENTRY,class,UserQueryResolver,backend/identity-service/src/main/java/com/pml/identity/web/graphql/query/UserQueryResolver.java,34,0,0,DgsComponent RequiredArgsConstructor Slf4j
identity-service,KEEP_ENTRY,class,VerificationDocumentQueryResolver,backend/identity-service/src/main/java/com/pml/identity/web/graphql/query/VerificationDocumentQueryResolver.java,25,0,0,DgsComponent RequiredArgsConstructor Slf4j
identity-service,KEEP_ENTRY,class,OrganizationPrivateFields,backend/identity-service/src/main/java/com/pml/identity/web/graphql/resolver/OrganizationPrivateFields.java,25,0,4,DgsComponent
identity-service,KEEP_ENTRY,class,InternalApprovalNotificationController,backend/identity-service/src/main/java/com/pml/identity/web/rest/InternalApprovalNotificationController.java,23,0,0,RequestMapping RestController
identity-service,KEEP_ENTRY,class,InternalAuthorizationController,backend/identity-service/src/main/java/com/pml/identity/web/rest/InternalAuthorizationController.java,37,0,0,PreAuthorize RequestMapping RequiredArgsConstructor RestController Slf4j
identity-service,KEEP_ENTRY,class,InternalFinanceLeadController,backend/identity-service/src/main/java/com/pml/identity/web/rest/InternalFinanceLeadController.java,25,0,0,RequestMapping RestController
identity-service,KEEP_ENTRY,class,InternalOtpController,backend/identity-service/src/main/java/com/pml/identity/web/rest/InternalOtpController.java,34,0,0,PreAuthorize RequestMapping RequiredArgsConstructor RestController Slf4j
identity-service,KEEP_ENTRY,class,KeycloakSyncController,backend/identity-service/src/main/java/com/pml/identity/web/rest/KeycloakSyncController.java,39,0,0,RequestMapping RequiredArgsConstructor RestController Slf4j
identity-service,KEEP_ENTRY,class,VerificationDocumentRestController,backend/identity-service/src/main/java/com/pml/identity/web/rest/VerificationDocumentRestController.java,61,0,0,RequestMapping RequiredArgsConstructor RestController Slf4j Validated
identity-service,KEEP_ENTRY,class,GroupMirrorActivitiesImpl,backend/identity-service/src/main/java/com/pml/identity/workflow/mirror/GroupMirrorActivitiesImpl.java,43,0,1,ActivityImpl Component Slf4j
identity-service,KEEP_ENTRY,class,GroupMirrorRepairWorkflowImpl,backend/identity-service/src/main/java/com/pml/identity/workflow/mirror/GroupMirrorRepairWorkflowImpl.java,19,0,2,WorkflowImpl
identity-service,KEEP_ENTRY,class,NotificationActivitiesImpl,backend/identity-service/src/main/java/com/pml/identity/workflow/notify/NotificationActivitiesImpl.java,39,0,2,ActivityImpl Component
identity-service,KEEP_ENTRY,class,NotificationWorkflowImpl,backend/identity-service/src/main/java/com/pml/identity/workflow/notify/NotificationWorkflowImpl.java,21,0,2,WorkflowImpl
identity-service,KEEP_ENTRY,class,NotifyActivitiesImpl,backend/identity-service/src/main/java/com/pml/identity/workflow/notify/NotifyActivitiesImpl.java,13,0,0,ActivityImpl Component
identity-service,KEEP_ENTRY,class,OnboardingActivitiesImpl,backend/identity-service/src/main/java/com/pml/identity/workflow/onboarding/OnboardingActivitiesImpl.java,31,0,0,ActivityImpl Component
identity-service,KEEP_ENTRY,class,OnboardingKeycloakActivitiesImpl,backend/identity-service/src/main/java/com/pml/identity/workflow/onboarding/OnboardingKeycloakActivitiesImpl.java,26,0,0,ActivityImpl Component
identity-service,KEEP_ENTRY,class,OrganizerOnboardingWorkflowImpl,backend/identity-service/src/main/java/com/pml/identity/workflow/onboarding/OrganizerOnboardingWorkflowImpl.java,33,0,2,WorkflowImpl
identity-service,KEEP_ENTRY,class,OwnershipMirrorActivitiesImpl,backend/identity-service/src/main/java/com/pml/identity/workflow/ownership/OwnershipMirrorActivitiesImpl.java,22,0,1,ActivityImpl Component
identity-service,KEEP_ENTRY,class,OwnershipTransferActivitiesImpl,backend/identity-service/src/main/java/com/pml/identity/workflow/ownership/OwnershipTransferActivitiesImpl.java,20,0,0,ActivityImpl Component
identity-service,KEEP_ENTRY,class,OwnershipTransferWorkflowImpl,backend/identity-service/src/main/java/com/pml/identity/workflow/ownership/OwnershipTransferWorkflowImpl.java,33,0,2,WorkflowImpl
identity-service,KEEP_ENTRY,class,ReminderActivitiesImpl,backend/identity-service/src/main/java/com/pml/identity/workflow/reminder/ReminderActivitiesImpl.java,27,0,1,ActivityImpl Component
identity-service,KEEP_ENTRY,class,ReminderWorkflowImpl,backend/identity-service/src/main/java/com/pml/identity/workflow/reminder/ReminderWorkflowImpl.java,27,0,3,WorkflowImpl
identity-service,KEEP_ENTRY,class,UserBackfillActivitiesImpl,backend/identity-service/src/main/java/com/pml/identity/workflow/usersync/UserBackfillActivitiesImpl.java,24,0,0,ActivityImpl Component
identity-service,KEEP_ENTRY,class,UserBackfillWorkflowImpl,backend/identity-service/src/main/java/com/pml/identity/workflow/usersync/UserBackfillWorkflowImpl.java,16,0,2,WorkflowImpl
identity-service,KEEP_ENTRY,class,UserSyncActivitiesImpl,backend/identity-service/src/main/java/com/pml/identity/workflow/usersync/UserSyncActivitiesImpl.java,21,0,0,ActivityImpl Component
identity-service,KEEP_ENTRY,class,UserSyncWorkflowImpl,backend/identity-service/src/main/java/com/pml/identity/workflow/usersync/UserSyncWorkflowImpl.java,21,0,3,WorkflowImpl
identity-service,KEEP_MANUAL,class,AuditLog,backend/identity-service/src/main/java/com/pml/identity/domain/model/AuditLog.java,34,1,0,AllArgsConstructor Builder Data Document NoArgsConstructor TypeAlias
identity-service,KEEP_MANUAL,interface,PermissionResolutionService,backend/identity-service/src/main/java/com/pml/identity/service/PermissionResolutionService.java,23,5,1,
identity-service,KEEP_MANUAL,class,PermissionResolutionServiceImpl,backend/identity-service/src/main/java/com/pml/identity/service/impl/PermissionResolutionServiceImpl.java,33,0,4,RequiredArgsConstructor Service
identity-service,KEEP_MANUAL,record,FileUploadError,backend/identity-service/src/main/java/com/pml/identity/web/graphql/mutation/VerificationDocumentMutationResolver.java,340,0,1,
identity-service,KEEP_MANUAL,enum,FileUploadErrorCode,backend/identity-service/src/main/java/com/pml/identity/web/graphql/mutation/VerificationDocumentMutationResolver.java,350,1,0,
identity-service,LIVE,class,IdentityIndexInitializer,backend/identity-service/src/main/java/com/pml/identity/config/IdentityIndexInitializer.java,38,2,6,Component RequiredArgsConstructor Slf4j
identity-service,LIVE,class,KeycloakProperties,backend/identity-service/src/main/java/com/pml/identity/config/KeycloakProperties.java,13,2,0,Component ConfigurationProperties Data
identity-service,LIVE,enum,AccessGrantStatus,backend/identity-service/src/main/java/com/pml/identity/domain/enums/AccessGrantStatus.java,6,11,11,
identity-service,LIVE,enum,AccountStatus,backend/identity-service/src/main/java/com/pml/identity/domain/enums/AccountStatus.java,6,15,14,
identity-service,LIVE,enum,BusinessType,backend/identity-service/src/main/java/com/pml/identity/domain/enums/BusinessType.java,7,16,0,
identity-service,LIVE,enum,DevicePlatform,backend/identity-service/src/main/java/com/pml/identity/domain/enums/DevicePlatform.java,6,2,0,
identity-service,LIVE,enum,KybStatus,backend/identity-service/src/main/java/com/pml/identity/domain/enums/KybStatus.java,12,2,0,
identity-service,LIVE,enum,MemberStatus,backend/identity-service/src/main/java/com/pml/identity/domain/enums/MemberStatus.java,6,27,31,
identity-service,LIVE,enum,MobileMoneyProvider,backend/identity-service/src/main/java/com/pml/identity/domain/enums/MobileMoneyProvider.java,7,3,0,
identity-service,LIVE,enum,NotificationChannel,backend/identity-service/src/main/java/com/pml/identity/domain/enums/NotificationChannel.java,6,17,37,
identity-service,LIVE,enum,NotificationStatus,backend/identity-service/src/main/java/com/pml/identity/domain/enums/NotificationStatus.java,6,10,3,
identity-service,LIVE,enum,NotificationType,backend/identity-service/src/main/java/com/pml/identity/domain/enums/NotificationType.java,7,18,0,
identity-service,LIVE,enum,OnboardingStep,backend/identity-service/src/main/java/com/pml/identity/domain/enums/OnboardingStep.java,9,22,43,
identity-service,LIVE,enum,OrganizationType,backend/identity-service/src/main/java/com/pml/identity/domain/enums/OrganizationType.java,14,9,0,
identity-service,LIVE,enum,PayoutSchedule,backend/identity-service/src/main/java/com/pml/identity/domain/enums/PayoutSchedule.java,6,4,0,
identity-service,LIVE,enum,ReminderStatus,backend/identity-service/src/main/java/com/pml/identity/domain/enums/ReminderStatus.java,6,15,19,
identity-service,LIVE,enum,TransferStatus,backend/identity-service/src/main/java/com/pml/identity/domain/enums/TransferStatus.java,6,25,33,
identity-service,LIVE,enum,AuditAction,backend/identity-service/src/main/java/com/pml/identity/domain/model/AuditLog.java,108,24,0,
identity-service,LIVE,enum,AuditStatus,backend/identity-service/src/main/java/com/pml/identity/domain/model/AuditLog.java,149,3,0,
identity-service,LIVE,class,EventAccessGrant,backend/identity-service/src/main/java/com/pml/identity/domain/model/EventAccessGrant.java,51,50,21,AllArgsConstructor Builder Data Document NoArgsConstructor TypeAlias
identity-service,LIVE,class,EventReminder,backend/identity-service/src/main/java/com/pml/identity/domain/model/EventReminder.java,28,27,18,AllArgsConstructor Builder Data Document NoArgsConstructor TypeAlias
identity-service,LIVE,class,Notification,backend/identity-service/src/main/java/com/pml/identity/domain/model/Notification.java,33,42,8,AllArgsConstructor Builder Data Document NoArgsConstructor TypeAlias
identity-service,LIVE,class,NotificationPreferences,backend/identity-service/src/main/java/com/pml/identity/domain/model/NotificationPreferences.java,27,14,0,AllArgsConstructor Builder Data Document NoArgsConstructor TypeAlias
identity-service,LIVE,class,Organization,backend/identity-service/src/main/java/com/pml/identity/domain/model/Organization.java,72,195,36,AllArgsConstructor Builder Data Document NoArgsConstructor TypeAlias
identity-service,LIVE,class,OrganizationMember,backend/identity-service/src/main/java/com/pml/identity/domain/model/OrganizationMember.java,52,81,59,AllArgsConstructor Builder Data Document NoArgsConstructor TypeAlias
identity-service,LIVE,class,OwnershipTransferRequest,backend/identity-service/src/main/java/com/pml/identity/domain/model/OwnershipTransferRequest.java,51,62,26,AllArgsConstructor Builder Data Document NoArgsConstructor TypeAlias
identity-service,LIVE,enum,AuditAction,backend/identity-service/src/main/java/com/pml/identity/domain/model/PayoutConfigAuditLog.java,136,24,0,
identity-service,LIVE,class,PayoutConfigAuditLog,backend/identity-service/src/main/java/com/pml/identity/domain/model/PayoutConfigAuditLog.java,39,39,0,AllArgsConstructor Builder Data Document NoArgsConstructor TypeAlias
identity-service,LIVE,class,PlatformConfigurationView,backend/identity-service/src/main/java/com/pml/identity/domain/model/PlatformConfigurationView.java,35,3,0,Data Document NoArgsConstructor TypeAlias
identity-service,LIVE,class,EventAccessInput,backend/identity-service/src/main/java/com/pml/identity/domain/model/TeamInvitation.java,177,8,0,AllArgsConstructor Builder Data NoArgsConstructor
identity-service,LIVE,class,TeamInvitation,backend/identity-service/src/main/java/com/pml/identity/domain/model/TeamInvitation.java,49,61,32,AllArgsConstructor Builder Data Document NoArgsConstructor TypeAlias
identity-service,LIVE,class,User,backend/identity-service/src/main/java/com/pml/identity/domain/model/User.java,67,224,40,AllArgsConstructor Builder Data Document NoArgsConstructor TypeAlias
identity-service,LIVE,class,UserDevice,backend/identity-service/src/main/java/com/pml/identity/domain/model/UserDevice.java,28,12,0,AllArgsConstructor Builder Data Document NoArgsConstructor TypeAlias
identity-service,LIVE,class,VerificationDocument,backend/identity-service/src/main/java/com/pml/identity/domain/model/VerificationDocument.java,40,47,10,AllArgsConstructor Builder Data Document NoArgsConstructor TypeAlias
identity-service,LIVE,class,BusinessAddress,backend/identity-service/src/main/java/com/pml/identity/domain/valueobject/BusinessAddress.java,16,6,0,AllArgsConstructor Builder Data NoArgsConstructor
identity-service,LIVE,enum,EventRole,backend/identity-service/src/main/java/com/pml/identity/domain/valueobject/EventRole.java,27,20,17,
identity-service,LIVE,class,MobileMoneyAccount,backend/identity-service/src/main/java/com/pml/identity/domain/valueobject/MobileMoneyAccount.java,18,9,0,AllArgsConstructor Builder Data NoArgsConstructor
identity-service,LIVE,class,OrganizationGroups,backend/identity-service/src/main/java/com/pml/identity/domain/valueobject/OrganizationGroups.java,15,12,7,
identity-service,LIVE,class,Closure,backend/identity-service/src/main/java/com/pml/identity/domain/valueobject/OrganizationRole.java,115,1,0,
identity-service,LIVE,enum,OrganizationRole,backend/identity-service/src/main/java/com/pml/identity/domain/valueobject/OrganizationRole.java,53,43,119,
identity-service,LIVE,class,OrganizationSettings,backend/identity-service/src/main/java/com/pml/identity/domain/valueobject/OrganizationSettings.java,15,19,26,AllArgsConstructor Builder Data NoArgsConstructor
identity-service,LIVE,class,OrganizationStats,backend/identity-service/src/main/java/com/pml/identity/domain/valueobject/OrganizationStats.java,20,3,0,AllArgsConstructor Builder Data NoArgsConstructor
identity-service,LIVE,class,PayoutBankDetails,backend/identity-service/src/main/java/com/pml/identity/domain/valueobject/PayoutBankDetails.java,17,12,0,AllArgsConstructor Builder Data NoArgsConstructor
identity-service,LIVE,class,PayoutConfig,backend/identity-service/src/main/java/com/pml/identity/domain/valueobject/PayoutConfig.java,18,11,0,AllArgsConstructor Builder Data NoArgsConstructor
identity-service,LIVE,class,RequiredDocuments,backend/identity-service/src/main/java/com/pml/identity/domain/valueobject/RequiredDocuments.java,31,1,0,
identity-service,LIVE,class,SocialLinks,backend/identity-service/src/main/java/com/pml/identity/domain/valueobject/SocialLinks.java,16,5,0,AllArgsConstructor Builder Data NoArgsConstructor
identity-service,LIVE,class,IdentityRefusalTranslator,backend/identity-service/src/main/java/com/pml/identity/error/IdentityRefusalTranslator.java,28,2,2,Component Order
identity-service,LIVE,class,MissingRequiredDocumentsException,backend/identity-service/src/main/java/com/pml/identity/exception/MissingRequiredDocumentsException.java,21,2,0,
identity-service,LIVE,class,UserNotFoundException,backend/identity-service/src/main/java/com/pml/identity/exception/UserNotFoundException.java,6,5,0,
identity-service,LIVE,class,TokenResponse,backend/identity-service/src/main/java/com/pml/identity/infrastructure/keycloak/KeycloakAuthService.java,220,6,0,Data
identity-service,LIVE,class,KeycloakAuthService,backend/identity-service/src/main/java/com/pml/identity/infrastructure/keycloak/KeycloakAuthService.java,23,2,0,RequiredArgsConstructor Service Slf4j
identity-service,LIVE,class,TokenIntrospectionResponse,backend/identity-service/src/main/java/com/pml/identity/infrastructure/keycloak/KeycloakAuthService.java,242,2,0,Data
identity-service,LIVE,class,RealmAccess,backend/identity-service/src/main/java/com/pml/identity/infrastructure/keycloak/KeycloakAuthService.java,272,1,0,Data
identity-service,LIVE,class,KeycloakService,backend/identity-service/src/main/java/com/pml/identity/infrastructure/keycloak/KeycloakService.java,36,14,1,RequiredArgsConstructor Service Slf4j
identity-service,LIVE,class,KeycloakWriteFailed,backend/identity-service/src/main/java/com/pml/identity/infrastructure/keycloak/KeycloakWriteFailed.java,10,3,0,
identity-service,LIVE,class,MessagingService,backend/identity-service/src/main/java/com/pml/identity/infrastructure/messaging/MessagingService.java,22,7,4,RequiredArgsConstructor Service Slf4j
identity-service,LIVE,class,TaskQueues,backend/identity-service/src/main/java/com/pml/identity/infrastructure/temporal/TaskQueues.java,10,42,22,
identity-service,LIVE,class,WorkflowIds,backend/identity-service/src/main/java/com/pml/identity/infrastructure/temporal/WorkflowIds.java,9,9,31,
identity-service,LIVE,class,IdentityCollectionRenameMigrationService,backend/identity-service/src/main/java/com/pml/identity/migration/IdentityCollectionRenameMigrationService.java,41,1,0,Autowired RequiredArgsConstructor Service Slf4j
identity-service,LIVE,class,IdentityRegistryConformanceMigrationService,backend/identity-service/src/main/java/com/pml/identity/migration/IdentityRegistryConformanceMigrationService.java,35,1,0,Autowired RequiredArgsConstructor Service Slf4j
identity-service,LIVE,class,OrganizationStatusSemanticMigrationService,backend/identity-service/src/main/java/com/pml/identity/migration/OrganizationStatusSemanticMigrationService.java,37,1,0,RequiredArgsConstructor Service Slf4j
identity-service,LIVE,record,Result,backend/identity-service/src/main/java/com/pml/identity/migration/OrganizationStatusSemanticMigrationService.java,49,42,11,
identity-service,LIVE,enum,Outcome,backend/identity-service/src/main/java/com/pml/identity/migration/OrganizationStatusSemanticMigrationService.java,63,37,17,
identity-service,LIVE,record,Result,backend/identity-service/src/main/java/com/pml/identity/migration/PermissionModelMigrationService.java,174,42,11,
identity-service,LIVE,class,PermissionModelMigrationService,backend/identity-service/src/main/java/com/pml/identity/migration/PermissionModelMigrationService.java,41,1,12,Autowired RequiredArgsConstructor Service Slf4j
identity-service,LIVE,class,UserFieldCleanupMigrationService,backend/identity-service/src/main/java/com/pml/identity/migration/UserFieldCleanupMigrationService.java,31,1,0,Autowired RequiredArgsConstructor Service Slf4j
identity-service,LIVE,class,IdentityCollections,backend/identity-service/src/main/java/com/pml/identity/persistence/IdentityCollections.java,19,135,20,
identity-service,LIVE,interface,EventAccessGrantRepository,backend/identity-service/src/main/java/com/pml/identity/repository/EventAccessGrantRepository.java,16,5,7,Repository
identity-service,LIVE,interface,EventReminderRepository,backend/identity-service/src/main/java/com/pml/identity/repository/EventReminderRepository.java,15,3,2,Repository
identity-service,LIVE,interface,NotificationPreferencesRepository,backend/identity-service/src/main/java/com/pml/identity/repository/NotificationPreferencesRepository.java,13,2,0,Repository
identity-service,LIVE,interface,NotificationRepository,backend/identity-service/src/main/java/com/pml/identity/repository/NotificationRepository.java,16,1,0,Repository
identity-service,LIVE,interface,OrganizationMemberRepository,backend/identity-service/src/main/java/com/pml/identity/repository/OrganizationMemberRepository.java,17,8,14,Repository
identity-service,LIVE,interface,OrganizationRepository,backend/identity-service/src/main/java/com/pml/identity/repository/OrganizationRepository.java,16,11,4,Repository
identity-service,LIVE,interface,OwnershipTransferRepository,backend/identity-service/src/main/java/com/pml/identity/repository/OwnershipTransferRepository.java,14,1,3,Repository
identity-service,LIVE,interface,PayoutConfigAuditLogRepository,backend/identity-service/src/main/java/com/pml/identity/repository/PayoutConfigAuditLogRepository.java,17,1,0,Repository
identity-service,LIVE,interface,PlatformConfigurationRepository,backend/identity-service/src/main/java/com/pml/identity/repository/PlatformConfigurationRepository.java,16,1,0,Repository
identity-service,LIVE,interface,TeamInvitationRepository,backend/identity-service/src/main/java/com/pml/identity/repository/TeamInvitationRepository.java,16,3,6,Repository
identity-service,LIVE,interface,UserDeviceRepository,backend/identity-service/src/main/java/com/pml/identity/repository/UserDeviceRepository.java,14,2,0,Repository
identity-service,LIVE,interface,UserRepository,backend/identity-service/src/main/java/com/pml/identity/repository/UserRepository.java,18,10,11,Repository
identity-service,LIVE,interface,VerificationDocumentRepository,backend/identity-service/src/main/java/com/pml/identity/repository/VerificationDocumentRepository.java,15,4,4,Repository
identity-service,LIVE,class,EncryptionException,backend/identity-service/src/main/java/com/pml/identity/security/FieldEncryptionService.java,178,3,0,
identity-service,LIVE,class,FieldEncryptionService,backend/identity-service/src/main/java/com/pml/identity/security/FieldEncryptionService.java,66,1,1,Service Slf4j
identity-service,LIVE,class,IdentityTenantReads,backend/identity-service/src/main/java/com/pml/identity/security/IdentityTenantReads.java,29,8,3,Component
identity-service,LIVE,record,RevokeRequest,backend/identity-service/src/main/java/com/pml/identity/security/revocation/InternalRevocationController.java,52,1,0,
identity-service,LIVE,record,LogoutRequest,backend/identity-service/src/main/java/com/pml/identity/security/revocation/InternalRevocationController.java,66,1,0,
identity-service,LIVE,record,RevocationResponse,backend/identity-service/src/main/java/com/pml/identity/security/revocation/InternalRevocationController.java,74,6,0,
identity-service,LIVE,record,LogoutResponse,backend/identity-service/src/main/java/com/pml/identity/security/revocation/InternalRevocationController.java,82,3,0,
identity-service,LIVE,record,CheckRequest,backend/identity-service/src/main/java/com/pml/identity/security/revocation/InternalRevocationController.java,86,5,0,
identity-service,LIVE,record,Entry,backend/identity-service/src/main/java/com/pml/identity/security/revocation/InternalRevocationController.java,87,13,13,
identity-service,LIVE,record,CheckResponse,backend/identity-service/src/main/java/com/pml/identity/security/revocation/InternalRevocationController.java,91,5,0,
identity-service,LIVE,class,MongoRevocationStore,backend/identity-service/src/main/java/com/pml/identity/security/revocation/MongoRevocationStore.java,38,3,0,RequiredArgsConstructor Slf4j
identity-service,LIVE,class,RevocationCacheWarmer,backend/identity-service/src/main/java/com/pml/identity/security/revocation/RevocationCacheWarmer.java,42,2,0,RequiredArgsConstructor Slf4j
identity-service,LIVE,class,RevocationRecord,backend/identity-service/src/main/java/com/pml/identity/security/revocation/RevocationRecord.java,34,6,0,AllArgsConstructor Builder Data Document NoArgsConstructor TypeAlias
identity-service,LIVE,interface,RevocationRepository,backend/identity-service/src/main/java/com/pml/identity/security/revocation/RevocationRepository.java,14,4,0,Repository
identity-service,LIVE,class,ApprovalNotifier,backend/identity-service/src/main/java/com/pml/identity/service/ApprovalNotifier.java,25,2,2,Service Slf4j
identity-service,LIVE,interface,AuthorizationService,backend/identity-service/src/main/java/com/pml/identity/service/AuthorizationService.java,34,3,0,
identity-service,LIVE,interface,EventAccessService,backend/identity-service/src/main/java/com/pml/identity/service/EventAccessService.java,17,6,2,
identity-service,LIVE,record,GrantRequest,backend/identity-service/src/main/java/com/pml/identity/service/EventAccessService.java,89,4,0,
identity-service,LIVE,interface,EventReminderService,backend/identity-service/src/main/java/com/pml/identity/service/EventReminderService.java,15,5,0,
identity-service,LIVE,class,FinanceLeadNotifier,backend/identity-service/src/main/java/com/pml/identity/service/FinanceLeadNotifier.java,24,3,3,Service Slf4j
identity-service,LIVE,record,Contact,backend/identity-service/src/main/java/com/pml/identity/service/FinanceLeadNotifier.java,34,3,1,
identity-service,LIVE,interface,NotificationPreferencesService,backend/identity-service/src/main/java/com/pml/identity/service/NotificationPreferencesService.java,10,2,0,
identity-service,LIVE,interface,NotificationService,backend/identity-service/src/main/java/com/pml/identity/service/NotificationService.java,14,2,0,
identity-service,LIVE,class,OrganizationApprovalService,backend/identity-service/src/main/java/com/pml/identity/service/OrganizationApprovalService.java,37,4,2,Service
identity-service,LIVE,interface,OrganizationMemberService,backend/identity-service/src/main/java/com/pml/identity/service/OrganizationMemberService.java,18,11,4,
identity-service,LIVE,interface,OrganizationOnboardingService,backend/identity-service/src/main/java/com/pml/identity/service/OrganizationOnboardingService.java,24,3,1,
identity-service,LIVE,interface,OrganizationService,backend/identity-service/src/main/java/com/pml/identity/service/OrganizationService.java,21,12,4,
identity-service,LIVE,class,OtpService,backend/identity-service/src/main/java/com/pml/identity/service/OtpService.java,21,5,0,RequiredArgsConstructor Service Slf4j
identity-service,LIVE,class,OwnershipConfirmationCodes,backend/identity-service/src/main/java/com/pml/identity/service/OwnershipConfirmationCodes.java,40,2,2,Service Slf4j
identity-service,LIVE,interface,OwnershipTransferService,backend/identity-service/src/main/java/com/pml/identity/service/OwnershipTransferService.java,14,7,0,
identity-service,LIVE,interface,PayoutConfigAuditService,backend/identity-service/src/main/java/com/pml/identity/service/PayoutConfigAuditService.java,23,1,0,
identity-service,LIVE,class,PendingApprovalStatsService,backend/identity-service/src/main/java/com/pml/identity/service/PendingApprovalStatsService.java,32,1,0,RequiredArgsConstructor Service Slf4j
identity-service,LIVE,class,CountResult,backend/identity-service/src/main/java/com/pml/identity/service/PendingApprovalStatsService.java,83,15,0,Data
identity-service,LIVE,record,EffectivePermissions,backend/identity-service/src/main/java/com/pml/identity/service/PermissionResolutionService.java,49,9,0,
identity-service,LIVE,record,InviteRequest,backend/identity-service/src/main/java/com/pml/identity/service/TeamInvitationService.java,107,4,0,
identity-service,LIVE,interface,TeamInvitationService,backend/identity-service/src/main/java/com/pml/identity/service/TeamInvitationService.java,17,4,0,
identity-service,LIVE,interface,UserDeviceService,backend/identity-service/src/main/java/com/pml/identity/service/UserDeviceService.java,11,2,0,
identity-service,LIVE,interface,UserService,backend/identity-service/src/main/java/com/pml/identity/service/UserService.java,33,6,0,
identity-service,LIVE,class,TypeAggResult,backend/identity-service/src/main/java/com/pml/identity/service/UserStatsService.java,293,6,0,Data
identity-service,LIVE,class,CountResult,backend/identity-service/src/main/java/com/pml/identity/service/UserStatsService.java,299,15,0,Data
identity-service,LIVE,class,UserStatsService,backend/identity-service/src/main/java/com/pml/identity/service/UserStatsService.java,35,1,0,RequiredArgsConstructor Service Slf4j
identity-service,LIVE,interface,UserSyncService,backend/identity-service/src/main/java/com/pml/identity/service/UserSyncService.java,19,3,1,
identity-service,LIVE,interface,VerificationDocumentService,backend/identity-service/src/main/java/com/pml/identity/service/VerificationDocumentService.java,13,3,0,
identity-service,LIVE,interface,FileStorageService,backend/identity-service/src/main/java/com/pml/identity/service/storage/FileStorageService.java,19,2,4,
identity-service,LIVE,record,UploadResult,backend/identity-service/src/main/java/com/pml/identity/service/storage/FileStorageService.java,59,5,0,
identity-service,LIVE,class,FileUploadValidator,backend/identity-service/src/main/java/com/pml/identity/validation/FileUploadValidator.java,30,10,0,Component Slf4j
identity-service,LIVE,record,MagicNumber,backend/identity-service/src/main/java/com/pml/identity/validation/FileUploadValidator.java,354,6,0,
identity-service,LIVE,class,ValidationResult,backend/identity-service/src/main/java/com/pml/identity/validation/FileUploadValidator.java,360,49,1,
identity-service,LIVE,class,FinancialDataValidator,backend/identity-service/src/main/java/com/pml/identity/validation/FinancialDataValidator.java,25,10,0,Slf4j UtilityClass
identity-service,LIVE,record,InvitationPreview,backend/identity-service/src/main/java/com/pml/identity/web/graphql/dto/InvitationPreview.java,26,2,4,
identity-service,LIVE,record,RegisterDeviceInput,backend/identity-service/src/main/java/com/pml/identity/web/graphql/dto/RegisterDeviceInput.java,12,3,3,
identity-service,LIVE,record,SendNotificationInput,backend/identity-service/src/main/java/com/pml/identity/web/graphql/dto/SendNotificationInput.java,20,8,4,
identity-service,LIVE,record,SetEventReminderInput,backend/identity-service/src/main/java/com/pml/identity/web/graphql/dto/SetEventReminderInput.java,14,2,2,
identity-service,LIVE,record,UpdateNotificationPreferencesInput,backend/identity-service/src/main/java/com/pml/identity/web/graphql/dto/UpdateNotificationPreferencesInput.java,15,3,9,
identity-service,LIVE,record,UpdateUserInput,backend/identity-service/src/main/java/com/pml/identity/web/graphql/dto/UpdateUserInput.java,25,1,3,
identity-service,LIVE,record,AuthPayload,backend/identity-service/src/main/java/com/pml/identity/web/graphql/dto/auth/AuthPayload.java,9,4,1,
identity-service,LIVE,record,OtpRequestResponse,backend/identity-service/src/main/java/com/pml/identity/web/graphql/dto/auth/OtpRequestResponse.java,6,4,0,
identity-service,LIVE,record,PhoneAuthPayload,backend/identity-service/src/main/java/com/pml/identity/web/graphql/dto/auth/PhoneAuthPayload.java,8,5,0,
identity-service,LIVE,record,RegisterInput,backend/identity-service/src/main/java/com/pml/identity/web/graphql/dto/auth/RegisterInput.java,9,1,0,
identity-service,LIVE,record,TokenValidation,backend/identity-service/src/main/java/com/pml/identity/web/graphql/dto/auth/TokenValidation.java,9,4,0,
identity-service,LIVE,record,BulkEventAccessGrantInput,backend/identity-service/src/main/java/com/pml/identity/web/graphql/dto/organization/BulkEventAccessGrantInput.java,11,1,0,
identity-service,LIVE,record,EventAccessGrantInput,backend/identity-service/src/main/java/com/pml/identity/web/graphql/dto/organization/EventAccessGrantInput.java,11,1,0,
identity-service,LIVE,record,InviteMemberInput,backend/identity-service/src/main/java/com/pml/identity/web/graphql/dto/organization/InviteMemberInput.java,10,2,0,
identity-service,LIVE,record,SocialLinksInput,backend/identity-service/src/main/java/com/pml/identity/web/graphql/dto/organization/OrganizationApplicationInput.java,127,2,0,
identity-service,LIVE,record,OrganizationApplicationInput,backend/identity-service/src/main/java/com/pml/identity/web/graphql/dto/organization/OrganizationApplicationInput.java,41,8,0,Builder
identity-service,LIVE,record,UpdateMemberRoleInput,backend/identity-service/src/main/java/com/pml/identity/web/graphql/dto/organization/UpdateMemberRoleInput.java,10,1,2,
identity-service,LIVE,record,UpdateOrganizationInput,backend/identity-service/src/main/java/com/pml/identity/web/graphql/dto/organization/UpdateOrganizationInput.java,6,1,0,
identity-service,LIVE,record,UpdateOrganizationSettingsInput,backend/identity-service/src/main/java/com/pml/identity/web/graphql/dto/organization/UpdateOrganizationSettingsInput.java,12,2,10,
identity-service,LIVE,record,CursorPaginationInput,backend/identity-service/src/main/java/com/pml/identity/web/graphql/dto/pagination/CursorPaginationInput.java,15,4,1,
identity-service,LIVE,record,EventAccessGrantOffsetPage,backend/identity-service/src/main/java/com/pml/identity/web/graphql/dto/pagination/EventAccessGrantOffsetPage.java,16,4,0,
identity-service,LIVE,record,NotificationConnection,backend/identity-service/src/main/java/com/pml/identity/web/graphql/dto/pagination/NotificationConnection.java,16,5,0,
identity-service,LIVE,record,NotificationEdge,backend/identity-service/src/main/java/com/pml/identity/web/graphql/dto/pagination/NotificationEdge.java,14,3,0,
identity-service,LIVE,record,OffsetPaginationInput,backend/identity-service/src/main/java/com/pml/identity/web/graphql/dto/pagination/OffsetPaginationInput.java,15,25,1,
identity-service,LIVE,record,OrganizationApplicationOffsetPage,backend/identity-service/src/main/java/com/pml/identity/web/graphql/dto/pagination/OrganizationApplicationOffsetPage.java,16,3,0,
identity-service,LIVE,record,OrganizationMemberOffsetPage,backend/identity-service/src/main/java/com/pml/identity/web/graphql/dto/pagination/OrganizationMemberOffsetPage.java,16,3,0,
identity-service,LIVE,record,OrganizationOffsetPage,backend/identity-service/src/main/java/com/pml/identity/web/graphql/dto/pagination/OrganizationOffsetPage.java,16,3,0,
identity-service,LIVE,record,PageInfo,backend/identity-service/src/main/java/com/pml/identity/web/graphql/dto/pagination/PageInfo.java,22,28,0,
identity-service,LIVE,enum,SortDirection,backend/identity-service/src/main/java/com/pml/identity/web/graphql/dto/pagination/SortDirection.java,6,3,0,
identity-service,LIVE,record,TeamInvitationOffsetPage,backend/identity-service/src/main/java/com/pml/identity/web/graphql/dto/pagination/TeamInvitationOffsetPage.java,16,3,0,
identity-service,LIVE,record,UserOffsetPage,backend/identity-service/src/main/java/com/pml/identity/web/graphql/dto/pagination/UserOffsetPage.java,16,4,0,
identity-service,LIVE,class,IdentityPendingCounts,backend/identity-service/src/main/java/com/pml/identity/web/graphql/dto/stats/IdentityPendingCounts.java,22,3,0,AllArgsConstructor Builder Data NoArgsConstructor
identity-service,LIVE,class,UserRoleStats,backend/identity-service/src/main/java/com/pml/identity/web/graphql/dto/stats/UserRoleStats.java,19,8,0,AllArgsConstructor Builder Data NoArgsConstructor
identity-service,LIVE,class,UserStats,backend/identity-service/src/main/java/com/pml/identity/web/graphql/dto/stats/UserStats.java,19,3,0,AllArgsConstructor Builder Data NoArgsConstructor
identity-service,LIVE,class,UserStatusStats,backend/identity-service/src/main/java/com/pml/identity/web/graphql/dto/stats/UserStatusStats.java,16,7,0,AllArgsConstructor Builder Data NoArgsConstructor
identity-service,LIVE,record,DocumentUploadUrlResponse,backend/identity-service/src/main/java/com/pml/identity/web/graphql/mutation/VerificationDocumentMutationResolver.java,364,2,0,
identity-service,LIVE,record,ApprovalNotice,backend/identity-service/src/main/java/com/pml/identity/web/rest/InternalApprovalNotificationController.java,41,1,0,
identity-service,LIVE,record,SharedOrganizationResponse,backend/identity-service/src/main/java/com/pml/identity/web/rest/InternalAuthorizationController.java,144,10,0,
identity-service,LIVE,record,UserOrganizationsResponse,backend/identity-service/src/main/java/com/pml/identity/web/rest/InternalAuthorizationController.java,156,2,0,
identity-service,LIVE,record,OrganizationMembershipInfo,backend/identity-service/src/main/java/com/pml/identity/web/rest/InternalAuthorizationController.java,163,4,0,
identity-service,LIVE,record,EscalationRequest,backend/identity-service/src/main/java/com/pml/identity/web/rest/InternalFinanceLeadController.java,49,1,0,
identity-service,LIVE,class,OtpRequestDto,backend/identity-service/src/main/java/com/pml/identity/web/rest/InternalOtpController.java,160,1,0,AllArgsConstructor Data NoArgsConstructor
identity-service,LIVE,class,OtpVerifyDto,backend/identity-service/src/main/java/com/pml/identity/web/rest/InternalOtpController.java,171,1,0,AllArgsConstructor Data NoArgsConstructor
identity-service,LIVE,class,OtpRequestResult,backend/identity-service/src/main/java/com/pml/identity/web/rest/InternalOtpController.java,184,5,0,AllArgsConstructor Data NoArgsConstructor
identity-service,LIVE,class,OtpVerifyResult,backend/identity-service/src/main/java/com/pml/identity/web/rest/InternalOtpController.java,194,4,0,AllArgsConstructor Data NoArgsConstructor
identity-service,LIVE,class,OtpStatusResult,backend/identity-service/src/main/java/com/pml/identity/web/rest/InternalOtpController.java,202,3,0,AllArgsConstructor Data NoArgsConstructor
identity-service,LIVE,enum,OtpStatus,backend/identity-service/src/main/java/com/pml/identity/web/rest/InternalOtpController.java,207,5,0,
identity-service,LIVE,enum,OtpVerifyStatus,backend/identity-service/src/main/java/com/pml/identity/web/rest/InternalOtpController.java,214,4,0,
identity-service,LIVE,record,UploadUrlRequest,backend/identity-service/src/main/java/com/pml/identity/web/rest/VerificationDocumentRestController.java,430,1,0,
identity-service,LIVE,record,PresignedUploadUrlResponse,backend/identity-service/src/main/java/com/pml/identity/web/rest/VerificationDocumentRestController.java,441,9,0,
identity-service,LIVE,record,RegisterDocumentRequest,backend/identity-service/src/main/java/com/pml/identity/web/rest/VerificationDocumentRestController.java,468,1,0,
identity-service,LIVE,record,DocumentResponse,backend/identity-service/src/main/java/com/pml/identity/web/rest/VerificationDocumentRestController.java,480,9,0,
identity-service,LIVE,class,KeycloakEventDto,backend/identity-service/src/main/java/com/pml/identity/web/rest/dto/KeycloakEventDto.java,17,1,0,AllArgsConstructor Builder Data NoArgsConstructor
identity-service,LIVE,class,KeycloakUserDataDto,backend/identity-service/src/main/java/com/pml/identity/web/rest/dto/KeycloakUserDataDto.java,29,1,0,AllArgsConstructor Builder Data NoArgsConstructor
identity-service,LIVE,class,SyncResponse,backend/identity-service/src/main/java/com/pml/identity/web/rest/dto/SyncResponse.java,17,9,0,AllArgsConstructor Builder Data NoArgsConstructor
identity-service,LIVE,interface,GroupMirrorActivities,backend/identity-service/src/main/java/com/pml/identity/workflow/mirror/GroupMirrorActivities.java,9,2,1,ActivityInterface
identity-service,LIVE,class,GroupMirrorSchedule,backend/identity-service/src/main/java/com/pml/identity/workflow/mirror/GroupMirrorSchedule.java,25,6,11,
identity-service,LIVE,interface,NotificationActivities,backend/identity-service/src/main/java/com/pml/identity/workflow/notify/NotificationActivities.java,11,4,1,ActivityInterface
identity-service,LIVE,class,NotificationProcess,backend/identity-service/src/main/java/com/pml/identity/workflow/notify/NotificationProcess.java,25,10,5,Service Slf4j
identity-service,LIVE,class,NotificationRules,backend/identity-service/src/main/java/com/pml/identity/workflow/notify/NotificationRules.java,20,30,48,
identity-service,LIVE,record,Message,backend/identity-service/src/main/java/com/pml/identity/workflow/notify/NotificationRules.java,55,18,11,
identity-service,LIVE,interface,NotificationWorkflow,backend/identity-service/src/main/java/com/pml/identity/workflow/notify/NotificationWorkflow.java,22,5,5,WorkflowInterface
identity-service,LIVE,record,Request,backend/identity-service/src/main/java/com/pml/identity/workflow/notify/NotificationWorkflow.java,36,24,19,
identity-service,LIVE,record,Attempt,backend/identity-service/src/main/java/com/pml/identity/workflow/notify/NotificationWorkflow.java,43,5,2,
identity-service,LIVE,record,Delivery,backend/identity-service/src/main/java/com/pml/identity/workflow/notify/NotificationWorkflow.java,46,3,5,
identity-service,LIVE,interface,NotifyActivities,backend/identity-service/src/main/java/com/pml/identity/workflow/notify/NotifyActivities.java,10,2,1,ActivityInterface
identity-service,LIVE,interface,OnboardingActivities,backend/identity-service/src/main/java/com/pml/identity/workflow/onboarding/OnboardingActivities.java,16,4,1,ActivityInterface
identity-service,LIVE,interface,OnboardingKeycloakActivities,backend/identity-service/src/main/java/com/pml/identity/workflow/onboarding/OnboardingKeycloakActivities.java,12,4,1,ActivityInterface
identity-service,LIVE,class,OnboardingRules,backend/identity-service/src/main/java/com/pml/identity/workflow/onboarding/OnboardingRules.java,21,14,18,
identity-service,LIVE,class,OrganizerOnboardingProcess,backend/identity-service/src/main/java/com/pml/identity/workflow/onboarding/OrganizerOnboardingProcess.java,34,1,1,Service
identity-service,LIVE,interface,OrganizerOnboardingWorkflow,backend/identity-service/src/main/java/com/pml/identity/workflow/onboarding/OrganizerOnboardingWorkflow.java,20,2,17,WorkflowInterface
identity-service,LIVE,record,Start,backend/identity-service/src/main/java/com/pml/identity/workflow/onboarding/OrganizerOnboardingWorkflow.java,55,29,5,
identity-service,LIVE,record,Submission,backend/identity-service/src/main/java/com/pml/identity/workflow/onboarding/OrganizerOnboardingWorkflow.java,58,7,2,
identity-service,LIVE,record,Approval,backend/identity-service/src/main/java/com/pml/identity/workflow/onboarding/OrganizerOnboardingWorkflow.java,61,9,12,
identity-service,LIVE,record,Decision,backend/identity-service/src/main/java/com/pml/identity/workflow/onboarding/OrganizerOnboardingWorkflow.java,64,15,5,
identity-service,LIVE,record,View,backend/identity-service/src/main/java/com/pml/identity/workflow/onboarding/OrganizerOnboardingWorkflow.java,68,101,36,
identity-service,LIVE,interface,OwnershipMirrorActivities,backend/identity-service/src/main/java/com/pml/identity/workflow/ownership/OwnershipMirrorActivities.java,11,2,1,ActivityInterface
identity-service,LIVE,interface,OwnershipTransferActivities,backend/identity-service/src/main/java/com/pml/identity/workflow/ownership/OwnershipTransferActivities.java,11,4,1,ActivityInterface
identity-service,LIVE,class,OwnershipTransferProcess,backend/identity-service/src/main/java/com/pml/identity/workflow/ownership/OwnershipTransferProcess.java,35,1,0,Service
identity-service,LIVE,enum,Command,backend/identity-service/src/main/java/com/pml/identity/workflow/ownership/OwnershipTransferProcess.java,77,4,0,
identity-service,LIVE,class,OwnershipTransferRules,backend/identity-service/src/main/java/com/pml/identity/workflow/ownership/OwnershipTransferRules.java,18,14,24,
identity-service,LIVE,interface,OwnershipTransferWorkflow,backend/identity-service/src/main/java/com/pml/identity/workflow/ownership/OwnershipTransferWorkflow.java,18,2,17,WorkflowInterface
identity-service,LIVE,record,Start,backend/identity-service/src/main/java/com/pml/identity/workflow/ownership/OwnershipTransferWorkflow.java,52,29,5,
identity-service,LIVE,record,Nomination,backend/identity-service/src/main/java/com/pml/identity/workflow/ownership/OwnershipTransferWorkflow.java,55,9,6,
identity-service,LIVE,record,Response,backend/identity-service/src/main/java/com/pml/identity/workflow/ownership/OwnershipTransferWorkflow.java,62,16,9,
identity-service,LIVE,record,View,backend/identity-service/src/main/java/com/pml/identity/workflow/ownership/OwnershipTransferWorkflow.java,66,101,36,
identity-service,LIVE,interface,ReminderActivities,backend/identity-service/src/main/java/com/pml/identity/workflow/reminder/ReminderActivities.java,12,4,1,ActivityInterface
identity-service,LIVE,class,ReminderProcess,backend/identity-service/src/main/java/com/pml/identity/workflow/reminder/ReminderProcess.java,34,1,2,Service
identity-service,LIVE,class,ReminderRules,backend/identity-service/src/main/java/com/pml/identity/workflow/reminder/ReminderRules.java,19,16,20,
identity-service,LIVE,enum,Offset,backend/identity-service/src/main/java/com/pml/identity/workflow/reminder/ReminderRules.java,22,18,27,
identity-service,LIVE,interface,ReminderWorkflow,backend/identity-service/src/main/java/com/pml/identity/workflow/reminder/ReminderWorkflow.java,21,4,14,WorkflowInterface
identity-service,LIVE,record,Start,backend/identity-service/src/main/java/com/pml/identity/workflow/reminder/ReminderWorkflow.java,45,29,5,
identity-service,LIVE,record,Reschedule,backend/identity-service/src/main/java/com/pml/identity/workflow/reminder/ReminderWorkflow.java,48,9,8,
identity-service,LIVE,record,Cancel,backend/identity-service/src/main/java/com/pml/identity/workflow/reminder/ReminderWorkflow.java,51,6,2,
identity-service,LIVE,record,View,backend/identity-service/src/main/java/com/pml/identity/workflow/reminder/ReminderWorkflow.java,55,101,36,
identity-service,LIVE,interface,UserBackfillActivities,backend/identity-service/src/main/java/com/pml/identity/workflow/usersync/UserBackfillActivities.java,11,4,1,ActivityInterface
identity-service,LIVE,class,UserBackfillProcess,backend/identity-service/src/main/java/com/pml/identity/workflow/usersync/UserBackfillProcess.java,22,2,0,Service
identity-service,LIVE,class,UserBackfillRules,backend/identity-service/src/main/java/com/pml/identity/workflow/usersync/UserBackfillRules.java,12,5,8,
identity-service,LIVE,interface,UserBackfillWorkflow,backend/identity-service/src/main/java/com/pml/identity/workflow/usersync/UserBackfillWorkflow.java,15,3,3,WorkflowInterface
identity-service,LIVE,record,Start,backend/identity-service/src/main/java/com/pml/identity/workflow/usersync/UserBackfillWorkflow.java,28,29,5,
identity-service,LIVE,record,Progress,backend/identity-service/src/main/java/com/pml/identity/workflow/usersync/UserBackfillWorkflow.java,31,7,1,
identity-service,LIVE,class,UserReconciliationSchedule,backend/identity-service/src/main/java/com/pml/identity/workflow/usersync/UserReconciliationSchedule.java,23,5,8,
identity-service,LIVE,interface,UserSyncActivities,backend/identity-service/src/main/java/com/pml/identity/workflow/usersync/UserSyncActivities.java,10,2,1,ActivityInterface
identity-service,LIVE,class,UserSyncProcess,backend/identity-service/src/main/java/com/pml/identity/workflow/usersync/UserSyncProcess.java,22,3,0,Service
identity-service,LIVE,class,UserSyncRules,backend/identity-service/src/main/java/com/pml/identity/workflow/usersync/UserSyncRules.java,17,11,39,
identity-service,LIVE,interface,UserSyncWorkflow,backend/identity-service/src/main/java/com/pml/identity/workflow/usersync/UserSyncWorkflow.java,19,2,4,WorkflowInterface
identity-service,LIVE,record,Start,backend/identity-service/src/main/java/com/pml/identity/workflow/usersync/UserSyncWorkflow.java,35,29,5,
identity-service,LIVE,record,Change,backend/identity-service/src/main/java/com/pml/identity/workflow/usersync/UserSyncWorkflow.java,39,16,3,
identity-service,LIVE,enum,Kind,backend/identity-service/src/main/java/com/pml/identity/workflow/usersync/UserSyncWorkflow.java,42,7,24,
identity-service,LIVE,record,Progress,backend/identity-service/src/main/java/com/pml/identity/workflow/usersync/UserSyncWorkflow.java,44,7,1,
keycloak-extensions,LIVE,class,OtpRequestResult,backend/keycloak-extensions/src/main/java/com/pml/keycloak/authenticator/OtpServiceClient.java,248,6,0,
keycloak-extensions,LIVE,class,OtpServiceClient,backend/keycloak-extensions/src/main/java/com/pml/keycloak/authenticator/OtpServiceClient.java,25,4,0,
keycloak-extensions,LIVE,class,OtpVerifyResult,backend/keycloak-extensions/src/main/java/com/pml/keycloak/authenticator/OtpServiceClient.java,278,6,0,
keycloak-extensions,LIVE,class,PhoneOtpAuthenticator,backend/keycloak-extensions/src/main/java/com/pml/keycloak/authenticator/PhoneOtpAuthenticator.java,30,2,0,
keycloak-extensions,LIVE,class,PhoneOtpAuthenticatorFactory,backend/keycloak-extensions/src/main/java/com/pml/keycloak/authenticator/PhoneOtpAuthenticatorFactory.java,19,1,0,
keycloak-extensions,LIVE,class,SyncResult,backend/keycloak-extensions/src/main/java/com/pml/keycloak/client/IdentityServiceClient.java,291,16,0,
keycloak-extensions,LIVE,class,KeycloakEventData,backend/keycloak-extensions/src/main/java/com/pml/keycloak/client/IdentityServiceClient.java,312,5,0,
keycloak-extensions,LIVE,class,IdentityServiceClient,backend/keycloak-extensions/src/main/java/com/pml/keycloak/client/IdentityServiceClient.java,34,9,0,
keycloak-extensions,LIVE,class,KeycloakUserData,backend/keycloak-extensions/src/main/java/com/pml/keycloak/client/IdentityServiceClient.java,402,6,0,
keycloak-extensions,LIVE,class,UserSyncEventListener,backend/keycloak-extensions/src/main/java/com/pml/keycloak/eventlistener/UserSyncEventListener.java,43,4,0,
keycloak-extensions,LIVE,class,NoOpEventListener,backend/keycloak-extensions/src/main/java/com/pml/keycloak/eventlistener/UserSyncEventListenerFactory.java,114,1,0,
keycloak-extensions,LIVE,class,UserSyncEventListenerFactory,backend/keycloak-extensions/src/main/java/com/pml/keycloak/eventlistener/UserSyncEventListenerFactory.java,32,1,0,
keycloak-extensions,LIVE,class,AccountTypeRoleMapper,backend/keycloak-extensions/src/main/java/com/pml/keycloak/registration/AccountTypeRoleMapper.java,49,1,0,
keycloak-extensions,LIVE,class,AccountTypeRoleMapperFactory,backend/keycloak-extensions/src/main/java/com/pml/keycloak/registration/AccountTypeRoleMapperFactory.java,35,1,0,
shared-library,KEEP_BEAN,class,GraphQLErrorLoggingInstrumentation,backend/shared-library/src/main/java/com/pml/shared/graphql/GraphQLErrorLoggingInstrumentation.java,31,0,0,Component Slf4j
shared-library,KEEP_BEAN,class,SecurityDebugWebFilter,backend/shared-library/src/main/java/com/pml/shared/security/SecurityDebugWebFilter.java,46,0,0,Component ConditionalOnProperty
shared-library,KEEP_ENTRY,class,LocalDatastoreGuardAutoConfiguration,backend/shared-library/src/main/java/com/pml/shared/config/LocalDatastoreGuardAutoConfiguration.java,30,1,5,AutoConfiguration
shared-library,KEEP_ENTRY,class,PlatformAuditingAutoConfiguration,backend/shared-library/src/main/java/com/pml/shared/config/PlatformAuditingAutoConfiguration.java,44,1,6,AutoConfiguration ConditionalOnClass
shared-library,KEEP_ENTRY,class,ReactiveMongoAuditing,backend/shared-library/src/main/java/com/pml/shared/config/PlatformAuditingAutoConfiguration.java,57,0,0,ConditionalOnClass Configuration EnableReactiveMongoAuditing
shared-library,KEEP_ENTRY,class,PlatformClockAutoConfiguration,backend/shared-library/src/main/java/com/pml/shared/config/PlatformClockAutoConfiguration.java,41,2,4,AutoConfiguration
shared-library,KEEP_ENTRY,class,PlatformJacksonAutoConfiguration,backend/shared-library/src/main/java/com/pml/shared/config/PlatformJacksonAutoConfiguration.java,23,1,1,AutoConfiguration ConditionalOnClass
shared-library,KEEP_ENTRY,class,SharedPersistenceSupportAutoConfiguration,backend/shared-library/src/main/java/com/pml/shared/config/SharedPersistenceSupportAutoConfiguration.java,49,1,0,AutoConfiguration ConditionalOnClass
shared-library,KEEP_ENTRY,class,SharedScalarConfig,backend/shared-library/src/main/java/com/pml/shared/config/SharedScalarConfig.java,26,0,0,Configuration
shared-library,KEEP_ENTRY,class,ErrorContractAutoConfiguration,backend/shared-library/src/main/java/com/pml/shared/error/ErrorContractAutoConfiguration.java,50,1,2,AutoConfiguration ConditionalOnClass
shared-library,KEEP_ENTRY,class,PlatformProblemDetailAdvice,backend/shared-library/src/main/java/com/pml/shared/error/PlatformProblemDetailAdvice.java,44,2,2,RestControllerAdvice Slf4j
shared-library,KEEP_ENTRY,class,ConsumerRetryAutoConfiguration,backend/shared-library/src/main/java/com/pml/shared/event/ConsumerRetryAutoConfiguration.java,9,1,0,AutoConfiguration EnableConfigurationProperties
shared-library,KEEP_ENTRY,class,OutboxAutoConfiguration,backend/shared-library/src/main/java/com/pml/shared/event/OutboxAutoConfiguration.java,45,1,0,AutoConfiguration ConditionalOnClass ConditionalOnProperty EnableConfigurationProperties EnableScheduling
shared-library,KEEP_ENTRY,class,DateTimeScalar,backend/shared-library/src/main/java/com/pml/shared/graphql/DateTimeScalar.java,36,0,0,DgsScalar
shared-library,KEEP_ENTRY,class,GraphQLSecurityAutoConfiguration,backend/shared-library/src/main/java/com/pml/shared/graphql/GraphQLSecurityAutoConfiguration.java,76,1,0,AutoConfiguration ConditionalOnClass ConditionalOnProperty EnableConfigurationProperties Slf4j
shared-library,KEEP_ENTRY,class,PhoneNumberScalar,backend/shared-library/src/main/java/com/pml/shared/graphql/PhoneNumberScalar.java,26,0,0,DgsScalar
shared-library,KEEP_ENTRY,class,AuthDirectiveWiringConfigurer,backend/shared-library/src/main/java/com/pml/shared/graphql/auth/AuthDirectiveAutoConfiguration.java,104,2,0,DgsComponent
shared-library,KEEP_ENTRY,class,AuthDirectiveAutoConfiguration,backend/shared-library/src/main/java/com/pml/shared/graphql/auth/AuthDirectiveAutoConfiguration.java,76,1,1,AutoConfiguration ConditionalOnClass ConditionalOnProperty Slf4j
shared-library,KEEP_ENTRY,class,TemporalGatewayAutoConfiguration,backend/shared-library/src/main/java/com/pml/shared/infrastructure/temporal/TemporalGatewayAutoConfiguration.java,18,1,1,AutoConfiguration ConditionalOnClass
shared-library,KEEP_ENTRY,class,MoneyConversions,backend/shared-library/src/main/java/com/pml/shared/persistence/MoneyConversions.java,36,0,0,Configuration
shared-library,KEEP_ENTRY,class,PlatformMongoTransactionAutoConfiguration,backend/shared-library/src/main/java/com/pml/shared/persistence/PlatformMongoTransactionAutoConfiguration.java,24,1,1,AutoConfiguration ConditionalOnBean ConditionalOnClass
shared-library,KEEP_ENTRY,class,InternalServiceClientAutoConfiguration,backend/shared-library/src/main/java/com/pml/shared/security/InternalServiceClientAutoConfiguration.java,32,3,1,AutoConfiguration ConditionalOnClass
shared-library,KEEP_ENTRY,class,SecurityDebugConfiguration,backend/shared-library/src/main/java/com/pml/shared/security/SecurityDebugConfiguration.java,25,0,0,ConditionalOnProperty Configuration
shared-library,KEEP_ENTRY,class,SecurityObservabilityConfig,backend/shared-library/src/main/java/com/pml/shared/security/SecurityObservabilityConfig.java,48,0,0,ConditionalOnClass ConditionalOnProperty Configuration
shared-library,KEEP_ENTRY,class,ServiceSecurityAutoConfiguration,backend/shared-library/src/main/java/com/pml/shared/security/ServiceSecurityAutoConfiguration.java,40,1,2,AutoConfiguration ConditionalOnClass ConditionalOnProperty ConditionalOnWebApplication
shared-library,KEEP_ENTRY,class,ServiceChain,backend/shared-library/src/main/java/com/pml/shared/security/ServiceSecurityAutoConfiguration.java,63,0,0,ConditionalOnMissingBean Configuration EnableReactiveMethodSecurity EnableWebFluxSecurity
shared-library,KEEP_ENTRY,class,RemoteRevocationStoreAutoConfiguration,backend/shared-library/src/main/java/com/pml/shared/security/revocation/RemoteRevocationStoreAutoConfiguration.java,23,1,1,AutoConfiguration ConditionalOnProperty EnableConfigurationProperties
shared-library,KEEP_ENTRY,class,RevocationAutoConfiguration,backend/shared-library/src/main/java/com/pml/shared/security/revocation/RevocationAutoConfiguration.java,52,2,0,AutoConfiguration ConditionalOnClass ConditionalOnProperty EnableConfigurationProperties Slf4j
shared-library,KEEP_ENTRY,class,RevocationGuardAspect,backend/shared-library/src/main/java/com/pml/shared/security/revocation/RevocationGuardAspect.java,30,2,1,Aspect Order RequiredArgsConstructor Slf4j
shared-library,KEEP_ENTRY,class,RemoteTenantMembershipsAutoConfiguration,backend/shared-library/src/main/java/com/pml/shared/security/tenancy/RemoteTenantMembershipsAutoConfiguration.java,19,1,0,AutoConfiguration ConditionalOnProperty EnableConfigurationProperties
shared-library,KEEP_ENTRY,class,TenantScopeAutoConfiguration,backend/shared-library/src/main/java/com/pml/shared/security/tenancy/TenantScopeAutoConfiguration.java,22,2,2,AutoConfiguration ConditionalOnClass EnableConfigurationProperties
shared-library,KEEP_MANUAL,class,BoundedRetry,backend/shared-library/src/main/java/com/pml/shared/persistence/BoundedRetry.java,30,0,3,
shared-library,KEEP_MANUAL,class,HttpDurableRevocationStore,backend/shared-library/src/main/java/com/pml/shared/security/revocation/HttpDurableRevocationStore.java,37,2,4,RequiredArgsConstructor
shared-library,LIVE,class,LocalDatastoreGuard,backend/shared-library/src/main/java/com/pml/shared/config/LocalDatastoreGuard.java,39,1,12,
shared-library,LIVE,class,MongoSchemaValidationConfig,backend/shared-library/src/main/java/com/pml/shared/config/MongoSchemaValidationConfig.java,58,6,3,RequiredArgsConstructor Slf4j
shared-library,LIVE,class,MongoSchemaValidationProperties,backend/shared-library/src/main/java/com/pml/shared/config/MongoSchemaValidationProperties.java,19,7,1,ConfigurationProperties Data
shared-library,LIVE,class,PlatformPaymentDefaults,backend/shared-library/src/main/java/com/pml/shared/config/model/PlatformPaymentDefaults.java,29,4,0,AllArgsConstructor Builder Data NoArgsConstructor
shared-library,LIVE,enum,ChargebackStatus,backend/shared-library/src/main/java/com/pml/shared/constants/ChargebackStatus.java,54,58,15,
shared-library,LIVE,enum,DocumentStatus,backend/shared-library/src/main/java/com/pml/shared/constants/DocumentStatus.java,11,23,0,
shared-library,LIVE,enum,EscrowStatus,backend/shared-library/src/main/java/com/pml/shared/constants/EscrowStatus.java,28,52,5,
shared-library,LIVE,enum,EventStatus,backend/shared-library/src/main/java/com/pml/shared/constants/EventStatus.java,8,184,160,
shared-library,LIVE,enum,InvitationStatus,backend/shared-library/src/main/java/com/pml/shared/constants/InvitationStatus.java,11,22,26,
shared-library,LIVE,class,Money,backend/shared-library/src/main/java/com/pml/shared/constants/Money.java,21,35,19,
shared-library,LIVE,enum,OrganizationStatus,backend/shared-library/src/main/java/com/pml/shared/constants/OrganizationStatus.java,31,67,58,
shared-library,LIVE,enum,PaymentProvider,backend/shared-library/src/main/java/com/pml/shared/constants/PaymentProvider.java,6,8,1,
shared-library,LIVE,enum,PayoutMethod,backend/shared-library/src/main/java/com/pml/shared/constants/PayoutMethod.java,8,17,19,
shared-library,LIVE,enum,PayoutRequestStatus,backend/shared-library/src/main/java/com/pml/shared/constants/PayoutRequestStatus.java,15,79,29,
shared-library,LIVE,enum,PayoutReviewStatus,backend/shared-library/src/main/java/com/pml/shared/constants/PayoutReviewStatus.java,8,11,0,
shared-library,LIVE,class,PlatformTime,backend/shared-library/src/main/java/com/pml/shared/constants/PlatformTime.java,29,41,1,
shared-library,LIVE,enum,RefundRequestStatus,backend/shared-library/src/main/java/com/pml/shared/constants/RefundRequestStatus.java,8,59,27,
shared-library,LIVE,enum,RefundRequestType,backend/shared-library/src/main/java/com/pml/shared/constants/RefundRequestType.java,6,7,0,
shared-library,LIVE,enum,ReservationStatus,backend/shared-library/src/main/java/com/pml/shared/constants/ReservationStatus.java,32,46,64,
shared-library,LIVE,enum,TicketCategory,backend/shared-library/src/main/java/com/pml/shared/constants/TicketCategory.java,6,1,0,
shared-library,LIVE,enum,TicketPaymentStatus,backend/shared-library/src/main/java/com/pml/shared/constants/TicketPaymentStatus.java,6,1,0,
shared-library,LIVE,enum,TicketRefundStatus,backend/shared-library/src/main/java/com/pml/shared/constants/TicketRefundStatus.java,6,2,0,
shared-library,LIVE,enum,TicketStatus,backend/shared-library/src/main/java/com/pml/shared/constants/TicketStatus.java,33,98,2,
shared-library,LIVE,enum,TransactionStatus,backend/shared-library/src/main/java/com/pml/shared/constants/TransactionStatus.java,8,1,0,
shared-library,LIVE,enum,TransactionType,backend/shared-library/src/main/java/com/pml/shared/constants/TransactionType.java,6,32,0,
shared-library,LIVE,enum,UserType,backend/shared-library/src/main/java/com/pml/shared/constants/UserType.java,17,85,19,
shared-library,LIVE,enum,WorkflowSemantic,backend/shared-library/src/main/java/com/pml/shared/constants/WorkflowSemantic.java,34,18,0,
shared-library,LIVE,class,EventSummaryDto,backend/shared-library/src/main/java/com/pml/shared/dto/EventSummaryDto.java,23,19,12,AllArgsConstructor Builder Data NoArgsConstructor
shared-library,LIVE,class,TicketCategoryDto,backend/shared-library/src/main/java/com/pml/shared/dto/EventSummaryDto.java,79,7,3,AllArgsConstructor Builder Data NoArgsConstructor
shared-library,LIVE,class,AuthorizationRequest,backend/shared-library/src/main/java/com/pml/shared/dto/authorization/AuthorizationRequest.java,25,11,11,AllArgsConstructor Builder Data NoArgsConstructor
shared-library,LIVE,class,AuthorizationResult,backend/shared-library/src/main/java/com/pml/shared/dto/authorization/AuthorizationResult.java,20,31,18,AllArgsConstructor Builder Data NoArgsConstructor
shared-library,LIVE,class,DomainRefusal,backend/shared-library/src/main/java/com/pml/shared/error/DomainRefusal.java,44,22,82,
shared-library,LIVE,class,DuplicateKeys,backend/shared-library/src/main/java/com/pml/shared/error/DuplicateKeys.java,30,3,3,
shared-library,LIVE,enum,ErrorClassification,backend/shared-library/src/main/java/com/pml/shared/error/ErrorClassification.java,10,104,3,
shared-library,LIVE,enum,ErrorCode,backend/shared-library/src/main/java/com/pml/shared/error/ErrorCode.java,24,247,239,
shared-library,LIVE,record,FieldViolation,backend/shared-library/src/main/java/com/pml/shared/error/FieldViolation.java,24,17,2,
shared-library,LIVE,class,GraphQlErrors,backend/shared-library/src/main/java/com/pml/shared/error/GraphQlErrors.java,34,11,55,
shared-library,LIVE,class,PlatformDataFetcherExceptionHandler,backend/shared-library/src/main/java/com/pml/shared/error/PlatformDataFetcherExceptionHandler.java,41,1,17,Slf4j
shared-library,LIVE,class,PlatformRefusalTranslator,backend/shared-library/src/main/java/com/pml/shared/error/PlatformRefusalTranslator.java,40,2,11,Order
shared-library,LIVE,class,RefusalResolution,backend/shared-library/src/main/java/com/pml/shared/error/RefusalResolution.java,26,4,2,
shared-library,LIVE,interface,RefusalTranslator,backend/shared-library/src/main/java/com/pml/shared/error/RefusalTranslator.java,32,10,8,FunctionalInterface
shared-library,LIVE,class,TenantBoundary,backend/shared-library/src/main/java/com/pml/shared/error/TenantBoundary.java,33,9,9,
shared-library,LIVE,class,TranslatedRefusal,backend/shared-library/src/main/java/com/pml/shared/error/TranslatedRefusal.java,16,84,12,
shared-library,LIVE,class,ValidationRefusal,backend/shared-library/src/main/java/com/pml/shared/error/ValidationRefusal.java,30,2,2,
shared-library,LIVE,class,ValidationTranslation,backend/shared-library/src/main/java/com/pml/shared/error/ValidationTranslation.java,25,1,0,
shared-library,LIVE,class,ConsumerDispatch,backend/shared-library/src/main/java/com/pml/shared/event/ConsumerDispatch.java,35,3,36,Slf4j
shared-library,LIVE,enum,Outcome,backend/shared-library/src/main/java/com/pml/shared/event/ConsumerDispatch.java,38,91,38,
shared-library,LIVE,class,ConsumerGuard,backend/shared-library/src/main/java/com/pml/shared/event/ConsumerGuard.java,49,8,13,Slf4j
shared-library,LIVE,interface,DurablyHandled,backend/shared-library/src/main/java/com/pml/shared/event/ConsumerGuard.java,62,5,0,FunctionalInterface
shared-library,LIVE,record,DeadLetter,backend/shared-library/src/main/java/com/pml/shared/event/DeadLetter.java,25,7,12,
shared-library,LIVE,interface,Sink,backend/shared-library/src/main/java/com/pml/shared/event/DeadLetter.java,66,4,0,FunctionalInterface
shared-library,LIVE,class,DeadLetterDepth,backend/shared-library/src/main/java/com/pml/shared/event/DeadLetterDepth.java,32,3,10,
shared-library,LIVE,class,EventPublicationFailed,backend/shared-library/src/main/java/com/pml/shared/event/EventBridge.java,113,2,0,
shared-library,LIVE,class,EventBridge,backend/shared-library/src/main/java/com/pml/shared/event/EventBridge.java,34,6,13,Slf4j
shared-library,LIVE,class,MissingSessionKey,backend/shared-library/src/main/java/com/pml/shared/event/EventBridge.java,87,2,0,
shared-library,LIVE,record,EventEnvelope,backend/shared-library/src/main/java/com/pml/shared/event/EventEnvelope.java,43,30,62,
shared-library,LIVE,class,EventEnvelopes,backend/shared-library/src/main/java/com/pml/shared/event/EventEnvelopes.java,31,7,23,
shared-library,LIVE,enum,EventType,backend/shared-library/src/main/java/com/pml/shared/event/EventType.java,24,37,69,
shared-library,LIVE,class,Outbox,backend/shared-library/src/main/java/com/pml/shared/event/Outbox.java,46,18,30,Slf4j
shared-library,LIVE,class,OutboxDrain,backend/shared-library/src/main/java/com/pml/shared/event/OutboxDrain.java,41,2,7,Slf4j
shared-library,LIVE,record,OutboxProperties,backend/shared-library/src/main/java/com/pml/shared/event/OutboxProperties.java,20,3,0,ConfigurationProperties Validated
shared-library,LIVE,interface,PermanentFailure,backend/shared-library/src/main/java/com/pml/shared/event/PermanentFailure.java,15,2,0,
shared-library,LIVE,record,RetryBudget,backend/shared-library/src/main/java/com/pml/shared/event/RetryBudget.java,35,4,11,ConfigurationProperties
shared-library,LIVE,class,GraphQLSecurityProperties,backend/shared-library/src/main/java/com/pml/shared/graphql/GraphQLSecurityProperties.java,49,3,0,ConfigurationProperties Getter Setter
shared-library,LIVE,class,PageSize,backend/shared-library/src/main/java/com/pml/shared/graphql/PageSize.java,24,14,30,
shared-library,LIVE,class,PageSizeExceeded,backend/shared-library/src/main/java/com/pml/shared/graphql/PageSize.java,79,3,7,
shared-library,LIVE,class,AuthDirective,backend/shared-library/src/main/java/com/pml/shared/graphql/auth/AuthDirective.java,71,1,0,Slf4j
shared-library,LIVE,enum,Role,backend/shared-library/src/main/java/com/pml/shared/graphql/auth/Role.java,26,22,1,
shared-library,LIVE,class,TemporalGateway,backend/shared-library/src/main/java/com/pml/shared/infrastructure/temporal/TemporalGateway.java,22,40,8,
shared-library,LIVE,class,CollectionRenameMigration,backend/shared-library/src/main/java/com/pml/shared/migration/CollectionRenameMigration.java,53,11,8,Slf4j
shared-library,LIVE,enum,Status,backend/shared-library/src/main/java/com/pml/shared/migration/CollectionRenameMigration.java,55,54,0,
shared-library,LIVE,record,Outcome,backend/shared-library/src/main/java/com/pml/shared/migration/CollectionRenameMigration.java,66,91,38,
shared-library,LIVE,record,Result,backend/shared-library/src/main/java/com/pml/shared/migration/CollectionRenameMigration.java,69,130,17,
shared-library,LIVE,class,ConflictingIndexRepair,backend/shared-library/src/main/java/com/pml/shared/migration/ConflictingIndexRepair.java,43,6,2,Slf4j
shared-library,LIVE,record,Outcome,backend/shared-library/src/main/java/com/pml/shared/migration/ConflictingIndexRepair.java,46,91,38,
shared-library,LIVE,class,DocumentBackfill,backend/shared-library/src/main/java/com/pml/shared/migration/DocumentBackfill.java,43,6,9,Slf4j
shared-library,LIVE,record,Result,backend/shared-library/src/main/java/com/pml/shared/migration/DocumentBackfill.java,45,130,17,
shared-library,LIVE,record,Operation,backend/shared-library/src/main/java/com/pml/shared/migration/DocumentBackfill.java,71,6,19,
shared-library,LIVE,class,MigrationLedger,backend/shared-library/src/main/java/com/pml/shared/migration/MigrationLedger.java,43,7,0,Slf4j
shared-library,LIVE,enum,Status,backend/shared-library/src/main/java/com/pml/shared/migration/MigrationLedger.java,69,54,0,
shared-library,LIVE,record,Entry,backend/shared-library/src/main/java/com/pml/shared/migration/MigrationLedger.java,77,36,13,
shared-library,LIVE,class,MigrationRunner,backend/shared-library/src/main/java/com/pml/shared/migration/MigrationRunner.java,44,0,1,Slf4j
shared-library,LIVE,class,RedundantSourceDrop,backend/shared-library/src/main/java/com/pml/shared/migration/RedundantSourceDrop.java,39,2,2,Slf4j
shared-library,LIVE,class,RetiredCollectionDrop,backend/shared-library/src/main/java/com/pml/shared/migration/RetiredCollectionDrop.java,32,2,0,Slf4j
shared-library,LIVE,class,IndexEnsurer,backend/shared-library/src/main/java/com/pml/shared/persistence/IndexEnsurer.java,29,7,11,Slf4j
shared-library,LIVE,enum,Status,backend/shared-library/src/main/java/com/pml/shared/persistence/IndexEnsurer.java,31,54,0,
shared-library,LIVE,record,Outcome,backend/shared-library/src/main/java/com/pml/shared/persistence/IndexEnsurer.java,33,91,38,
shared-library,LIVE,record,Report,backend/shared-library/src/main/java/com/pml/shared/persistence/IndexEnsurer.java,36,7,3,
shared-library,LIVE,record,IndexSpec,backend/shared-library/src/main/java/com/pml/shared/persistence/IndexSpec.java,21,290,34,
shared-library,LIVE,class,Builder,backend/shared-library/src/main/java/com/pml/shared/persistence/IndexSpec.java,43,471,8,
shared-library,LIVE,class,MoneyFieldMigrationService,backend/shared-library/src/main/java/com/pml/shared/persistence/MoneyFieldMigrationService.java,40,3,0,Autowired RequiredArgsConstructor Slf4j
shared-library,LIVE,record,Result,backend/shared-library/src/main/java/com/pml/shared/persistence/MoneyFieldMigrationService.java,84,130,17,
shared-library,LIVE,class,StatusSemanticResolver,backend/shared-library/src/main/java/com/pml/shared/referencedata/StatusSemanticResolver.java,53,11,0,Slf4j
shared-library,LIVE,record,Entry,backend/shared-library/src/main/java/com/pml/shared/referencedata/StatusSemanticResolver.java,91,36,13,
shared-library,LIVE,class,StatusSemanticStamper,backend/shared-library/src/main/java/com/pml/shared/referencedata/StatusSemanticStamper.java,35,0,0,Slf4j
shared-library,LIVE,class,InternalServiceWebClients,backend/shared-library/src/main/java/com/pml/shared/security/InternalServiceWebClients.java,13,11,7,
shared-library,LIVE,class,KeycloakGrantedAuthoritiesConverter,backend/shared-library/src/main/java/com/pml/shared/security/KeycloakGrantedAuthoritiesConverter.java,35,2,0,
shared-library,LIVE,class,KeycloakJwtAuthenticationConverter,backend/shared-library/src/main/java/com/pml/shared/security/KeycloakJwtAuthenticationConverter.java,37,1,0,
shared-library,LIVE,class,MultiIssuerJwtResolver,backend/shared-library/src/main/java/com/pml/shared/security/MultiIssuerJwtResolver.java,55,5,1,
shared-library,LIVE,enum,Permission,backend/shared-library/src/main/java/com/pml/shared/security/Permission.java,24,154,67,
shared-library,LIVE,enum,Scope,backend/shared-library/src/main/java/com/pml/shared/security/Permission.java,58,46,9,
shared-library,LIVE,class,PlatformResourceServer,backend/shared-library/src/main/java/com/pml/shared/security/PlatformResourceServer.java,38,5,1,
shared-library,LIVE,class,AuthenticationContext,backend/shared-library/src/main/java/com/pml/shared/security/SecurityContextUtils.java,194,2,0,Builder Value
shared-library,LIVE,class,SecurityContextUtils,backend/shared-library/src/main/java/com/pml/shared/security/SecurityContextUtils.java,48,143,0,
shared-library,LIVE,class,SecurityDebugFilter,backend/shared-library/src/main/java/com/pml/shared/security/SecurityDebugFilter.java,33,2,0,
shared-library,LIVE,record,ServiceSecurity,backend/shared-library/src/main/java/com/pml/shared/security/ServiceSecurity.java,26,4,9,
shared-library,LIVE,class,CachedRevocationCheck,backend/shared-library/src/main/java/com/pml/shared/security/revocation/CachedRevocationCheck.java,40,1,3,RequiredArgsConstructor Slf4j
shared-library,LIVE,interface,DurableRevocationStore,backend/shared-library/src/main/java/com/pml/shared/security/revocation/DurableRevocationStore.java,26,7,5,
shared-library,LIVE,@interface,FailClosedOnRevocation,backend/shared-library/src/main/java/com/pml/shared/security/revocation/FailClosedOnRevocation.java,30,35,6,Documented Retention Target
shared-library,LIVE,record,CheckRequest,backend/shared-library/src/main/java/com/pml/shared/security/revocation/HttpDurableRevocationStore.java,40,5,0,
shared-library,LIVE,record,Entry,backend/shared-library/src/main/java/com/pml/shared/security/revocation/HttpDurableRevocationStore.java,41,36,13,
shared-library,LIVE,record,CheckResponse,backend/shared-library/src/main/java/com/pml/shared/security/revocation/HttpDurableRevocationStore.java,46,5,0,
shared-library,LIVE,class,RedisEvictionPolicyProbe,backend/shared-library/src/main/java/com/pml/shared/security/revocation/RedisEvictionPolicyProbe.java,30,8,0,RequiredArgsConstructor Slf4j
shared-library,LIVE,enum,Safety,backend/shared-library/src/main/java/com/pml/shared/security/revocation/RedisEvictionPolicyProbe.java,37,10,0,
shared-library,LIVE,record,Result,backend/shared-library/src/main/java/com/pml/shared/security/revocation/RedisEvictionPolicyProbe.java,47,130,17,
shared-library,LIVE,class,RevocationCacheTrust,backend/shared-library/src/main/java/com/pml/shared/security/revocation/RevocationCacheTrust.java,32,8,3,Slf4j
shared-library,LIVE,interface,RevocationCheck,backend/shared-library/src/main/java/com/pml/shared/security/revocation/RevocationCheck.java,17,9,2,FunctionalInterface
shared-library,LIVE,enum,RevocationDecision,backend/shared-library/src/main/java/com/pml/shared/security/revocation/RevocationDecision.java,10,25,10,
shared-library,LIVE,class,RevocationHealthIndicator,backend/shared-library/src/main/java/com/pml/shared/security/revocation/RevocationHealthIndicator.java,29,2,0,RequiredArgsConstructor
shared-library,LIVE,record,RevocationIdentifier,backend/shared-library/src/main/java/com/pml/shared/security/revocation/RevocationIdentifier.java,12,16,1,
shared-library,LIVE,class,RevocationKeys,backend/shared-library/src/main/java/com/pml/shared/security/revocation/RevocationKeys.java,15,6,4,
shared-library,LIVE,class,RevocationMetrics,backend/shared-library/src/main/java/com/pml/shared/security/revocation/RevocationMetrics.java,27,15,5,
shared-library,LIVE,class,RevocationProperties,backend/shared-library/src/main/java/com/pml/shared/security/revocation/RevocationProperties.java,24,15,6,ConfigurationProperties Data
shared-library,LIVE,class,RevocationRequestGuard,backend/shared-library/src/main/java/com/pml/shared/security/revocation/RevocationRequestGuard.java,33,4,2,Slf4j
shared-library,LIVE,enum,RevocationType,backend/shared-library/src/main/java/com/pml/shared/security/revocation/RevocationType.java,10,13,2,
shared-library,LIVE,class,RevocationUnavailableException,backend/shared-library/src/main/java/com/pml/shared/security/revocation/RevocationUnavailableException.java,18,2,2,
shared-library,LIVE,class,SensitiveOperationGuard,backend/shared-library/src/main/java/com/pml/shared/security/revocation/SensitiveOperationGuard.java,25,5,3,RequiredArgsConstructor Slf4j
shared-library,LIVE,class,TokenRevokedException,backend/shared-library/src/main/java/com/pml/shared/security/revocation/TokenRevokedException.java,12,2,2,
shared-library,LIVE,class,CurrentTenantScope,backend/shared-library/src/main/java/com/pml/shared/security/tenancy/CurrentTenantScope.java,24,27,25,
shared-library,LIVE,class,RemoteTenantMemberships,backend/shared-library/src/main/java/com/pml/shared/security/tenancy/RemoteTenantMemberships.java,19,2,4,
shared-library,LIVE,record,Memberships,backend/shared-library/src/main/java/com/pml/shared/security/tenancy/RemoteTenantMemberships.java,43,2,0,JsonIgnoreProperties
shared-library,LIVE,record,Membership,backend/shared-library/src/main/java/com/pml/shared/security/tenancy/RemoteTenantMemberships.java,54,4,2,JsonIgnoreProperties
shared-library,LIVE,record,TenancyProperties,backend/shared-library/src/main/java/com/pml/shared/security/tenancy/TenancyProperties.java,18,4,4,ConfigurationProperties
shared-library,LIVE,class,TenantGuard,backend/shared-library/src/main/java/com/pml/shared/security/tenancy/TenantGuard.java,41,18,6,
shared-library,LIVE,interface,TenantMemberships,backend/shared-library/src/main/java/com/pml/shared/security/tenancy/TenantMemberships.java,35,6,10,FunctionalInterface
shared-library,LIVE,record,TenantScope,backend/shared-library/src/main/java/com/pml/shared/security/tenancy/TenantScope.java,35,17,139,
shared-library,LIVE,class,TenantScopeWebFilter,backend/shared-library/src/main/java/com/pml/shared/security/tenancy/TenantScopeWebFilter.java,36,3,15,
shared-library,LIVE,class,PhoneNumbers,backend/shared-library/src/main/java/com/pml/shared/util/PhoneNumbers.java,25,11,0,
shared-library,LIVE,record,Refusal,backend/shared-library/src/main/java/com/pml/shared/workflow/Refusal.java,12,49,23,
shared-library,LIVE,class,Refusals,backend/shared-library/src/main/java/com/pml/shared/workflow/Refusals.java,26,103,66,
